11,0.0,0.0,2.0522284202003005e+18,5.08089683314475e+17,2.579222556686942e+18,7.570618593574912e+17,1.8043487463984333e+18,1.1872112865475297e+18,0.0,2.4492841279422464e+17,6.450182572327567e+17,1.0220271192212767e+18,1.0076336186604913e+18,4.748915102617436e+17,1.66764316718216e+18,6.170721248083968e+16,0.0,1.703516099837952e+16,3.1989854441465446e+17,2.998430400071598e+17,5.863183550827725e+17,4.224202040441569e+17,1.6618415597184614e+17,3.691104514909143e+17,5.196086825231319e+17,1.3787484111293645e+17,1.0193140742797394e+18,6.191067538957271e+17,8.573010359269458e+17,1.960509634112389e+17,1.6979774560419185e+18,9.770349659737293e+17,0.0,6.058959327094374e+16,2.282567756802949e+17,3.288652335378596e+17,8.392502160947937e+17,0.0,5.5438743790052966e+17,3.235053892303585e+17,2097529957122048.0,2.356867426848604e+17,2.7084067204549837e+17,2.1042455250364006e+17,2.8164400944355738e+17,1.072029248740393e+17,2.7159861351415808e+17,7.619908497257267e+16,0.0,0.0,3.401423058286674e+17,1.6984121754517504e+17,4.581046477651968e+17,2.675649692083159e+17,4.5487799345453466e+17,3.1771780053991424e+17,0.0,7.252183705295258e+16,2.5244910668795085e+17,0.0,2.93370077615489e+17,3.902459683746611e+16,2.7631871385298534e+17,3.4106706382710374e+17,0.0,1.7628611662053376e+16,4.774931609314918e+16,4.544037173959066e+16,1.2665678167277568e+17,1.7504900497801216e+16,1.0343919349294694e+17,4.409842209285734e+16
19,0.0,0.0,6.932422874711982e+17,9.5361158873088e+17,1.6144204822059418e+18,2.869691160555684e+17,9.271752747500175e+17,9.625359122966774e+17,0.0,0.0,9.643400734389043e+16,1.203970644073513e+17,4.649604120020255e+17,1.441104292520919e+17,1.3126789292149965e+17,3.387536226427863e+17,0.0,0.0,0.0,0.0,0.0,0.0,0.0,0.0,0.0,1.5069583388757197e+17,1.1380189301624013e+17,1.2876436507459584e+17,9.016145843417252e+17,4.077962784879411e+16,6.983761134197146e+17,3.107880254266409e+17,0.0,6.169540991071027e+16,5.366857559598694e+16,1.422870051815424e+16,5.250281066169631e+17,1.2807836430814413e+17,2.619671149931397e+17,2.238814065965138e+17,0.0,0.0,0.0,0.0,0.0,0.0,0.0,0.0,0.0,0.0,0.0,0.0,0.0,0.0,0.0,0.0,0.0,0.0,0.0,0.0,0.0,0.0,0.0,0.0,0.0,0.0,0.0,0.0,0.0,0.0,0.0,0.0
12,0.0,2.880208504671437e+16,2349101760905216.0,1.6117742025310208e+16,1.7683608718278656e+17,9566831345926144.0,6.119682433718682e+16,3.673403923890176e+16,0.0,0.0,0.0,0.0,0.0,0.0,0.0,0.0,0.0,0.0,0.0,0.0,0.0,0.0,0.0,0.0,0.0,0.0,0.0,0.0,0.0,0.0,0.0,0.0,0.0,0.0,0.0,0.0,0.0,0.0,0.0,0.0,0.0,0.0,0.0,0.0,0.0,0.0,0.0,0.0,0.0,0.0,0.0,0.0,0.0,0.0,0.0,0.0,0.0,0.0,0.0,0.0,0.0,0.0,0.0,0.0,0.0,0.0,0.0,0.0,0.0,0.0,0.0,0.0
38,0.0,5.600522248860467e+16,2.6004628535928422e+17,6.157540680647311e+17,9.411404468123075e+17,2.902400171193139e+16,4.312304189188342e+17,5.240109209223168e+17,0.0,0.0,2.4918221712365978e+17,1.616844733546496e+17,3.1685805116647014e+17,8.583436306481152e+16,3.2597807491710976e+16,2.42737824854442e+17,0.0,0.0,0.0,0.0,0.0,0.0,0.0,0.0,0.0,0.0,5.27840700310487e+16,1.3086167276716032e+16,2.5362245739347968e+17,0.0,6.382329991790592e+16,1.803476009043886e+17,0.0,0.0,2.890975558185779e+16,3.0205972416823296e+16,9.401113039287091e+16,2.434885679579136e+16,2.038825270378496e+16,8.559156856356864e+16,0.0,0.0,0.0,0.0,0.0,0.0,0.0,0.0,0.0,0.0,0.0,0.0,0.0,0.0,0.0,0.0,0.0,0.0,0.0,0.0,0.0,0.0,0.0,0.0,0.0,0.0,0.0,0.0,0.0,0.0,0.0,0.0
81,0.0,0.0,3.3821980974750106e+17,4.13883870644011e+17,9.948511087928279e+17,8548624522805248.0,7.813135811729162e+17,3.874074588484731e+17,0.0,3151581503553536.0,2.524371151392604e+17,8.54115407143895e+16,3.3304567982587904e+17,9.215207956860109e+16,1.8930805373507994e+17,1.4623478879617024e+17,0.0,0.0,0.0,0.0,0.0,0.0,0.0,0.0,0.0,2.791654868962509e+16,1.3990282159089254e+17,1.4446070960488448e+17,4.6240311975451034e+17,2268146996084736.0,3.7148391913816064e+17,2.112445304799232e+17,0.0,9688078272692224.0,1.797290225345495e+17,3.560443921773363e+16,2.8621138074533888e+17,2.252757591392256e+17,7.631410419675955e+16,1.167069315858432e+17,0.0,0.0,0.0,0.0,0.0,0.0,0.0,0.0,0.0,0.0,0.0,0.0,0.0,0.0,0.0,0.0,0.0,0.0,0.0,0.0,0.0,0.0,0.0,0.0,0.0,0.0,0.0,0.0,0.0,0.0,0.0,0.0
5,0.0,1.1080471365424251e+18,1.8775725099565711e+18,3.119040640885719e+17,2.717585924559995e+18,9.279159332702781e+17,3.331422650504315e+18,2.2413746567475364e+18,0.0,2.2866088056324096e+17,1.3056143952078438e+18,5.692676441552978e+17,1.3669660445261169e+18,1.180137303612326e+18,1.910232540786983e+18,4.55496125147775e+17,0.0,1.1762882913606042e+17,1.2341431157454275e+18,9.286233315637985e+17,6.998218337712865e+17,5.4959641906171085e+17,6.006381196450202e+17,8.263707774051942e+16,1.1161033011888128e+16,0.0,1.1254620263368622e+18,4.9026862705278976e+17,1.9881167218184028e+18,9.55162999637672e+17,8.356504837449318e+17,1.6899363151911322e+18,0.0,0.0,5.3941153977440666e+17,1.141147315621331e+18,1.1742962855287194e+18,8.320407183514665e+17,1.0194156416663552e+18,6.927071001863782e+17,0.0,2.3352546360190566e+17,1.05052584213794e+18,3.747055225672827e+17,5.567765048689951e+17,9.73106823244546e+17,2.8512939258413056e+17,2.7493075222161e+17,3.847773239556178e+17,2.1112360138073702e+17,3.5133846093561856e+17,4.445059223126016e+17,2.4886049314942484e+18,7.61456057577898e+17,1.0219202604349522e+18,1.3197550768137175e+18,0.0,4.322245492290355e+17,5.431602215900938e+17,4.14998225678762e+17,1.2672763488926433e+18,4.816743631337554e+17,9.15771896060969e+17,6.978319926029189e+17,0.0,8.516854005471642e+16,2.5008378229869773e+17,3.200181506639135e+17,8.250778548101448e+17,4.56896430515159e+16,4.000710840213832e+17,3.292609202849055e+17
40,0.0,5.650788828105933e+17,2.7570232076250644e+18,1.2943723011306947e+18,3.044963862462857e+18,1.9202093718584689e+18,2.012638854774784e+18,1.5706369671152271e+18,0.0,0.0,1.2627781093844582e+18,9.474465583144632e+17,7.469555607918346e+17,1.3606296964541972e+18,2.2956880572585083e+18,6.77275729368449e+17,0.0,3.0098793655435264e+16,8.363989075660636e+17,8.471056769194394e+17,6.318861713869373e+17,4.724179526966313e+17,6.553481002562355e+17,3.424287058988892e+17,2.420069073200087e+17,1.8463810143440077e+17,1.3954851771273708e+18,5.5351813651981926e+17,2.3074067896262984e+18,1.0191401452841206e+18,1.9399298000973988e+18,8.852611355849523e+17,0.0,2.7757981933030605e+17,8.084640279560192e+17,8.05771530138026e+17,1.1812600424232387e+18,2.6048102194898534e+17,1.428657855254233e+18,6.075208562764677e+17,0.0,8.439807446142157e+16,1.1872787690736845e+18,7.477173161914532e+17,8.672983454024991e+17,1.8876482627148186e+17,1.0069031306227876e+18,3.9008078393245696e+17,1.15890681641173e+17,3.0954736399364915e+17,4.2097675143531725e+17,0.0,1.226826965374206e+18,3.1588855678867866e+17,9.753984116352614e+17,1.1224193340654223e+18,0.0,8.051611981053952e+16,4.550278706332959e+17,5.074476716030689e+17,8.476185990937969e+17,1.0452344080695296e+17,1.107274592184959e+18,4.481521433884754e+17,0.0,6.756731310414234e+16,3.179106617513738e+17,1.4910228076167168e+17,3.7569855336585626e+17,2.0598285194493952e+17,6.69061415436288e+17,2.3216399332881203e+17
70,0.0,1.7181966846027366e+17,1.0118112818097029e+18,8.782571090770657e+17,2.6966380290276065e+18,1.0731017020742042e+18,1.1972894101277245e+18,7.066055714065613e+16,0.0,2.4021188586818765e+17,7.539496916950712e+17,1.03544061132433e+18,9.532561028777247e+17,5.1607914711875584e+17,1.390217142040789e+18,4.110433167133901e+16,0.0,0.0,5.795184254207918e+17,3.839465398416179e+17,6.153174245095506e+17,1.9734594759059046e+17,1.7605933375737037e+17,1.5836829474566963e+17,9.055911055825306e+16,4.531230354576507e+17,4.921814336877363e+17,6.94119371332649e+16,1.0937646179365683e+18,0.0,1.5330775124714455e+18,1.2073099467864146e+18,6.161201453072384e+16,1.766356840087552e+17,3.430995110710477e+17,4.806447735735583e+17,8.027251270148424e+17,1.833255250690048e+16,5.767460755708314e+17,3.595966866134139e+17,0.0,1.3253751102400102e+17,2.170294219309056e+17,2.696422129611571e+16,3.484948146285445e+17,7.466469072620749e+16,3.122450844918743e+17,1.7818989523422413e+17,1.3308194107844198e+17,0.0,2.0686857728058982e+17,4.955711077770854e+16,2.830109600949207e+17,1.6994182285911654e+17,2.718242023764132e+17,4.6679697437753344e+17,0.0,1.3562382298329907e+17,8.278988408697651e+16,1.1178707231807898e+17,3.6768057097873e+17,9.784373586952192e+16,3.47929047176577e+17,1.802910104152965e+17,0.0,5.753911851876352e+16,4.395406824203878e+16,4.943961765235917e+16,1.4485639635193037e+17,1.8309119165333504e+16,9.21020260197335e+16,4.093160097159578e+16
23,0.0,2.0011051495981056e+17,3.0759164204548096e+17,1.3010897330608538e+17,3.620077781741732e+17,2.8020437506064384e+16,2.1051795945239347e+17,1.0329585325441024e+17,0.0,0.0,0.0,0.0,0.0,0.0,0.0,0.0,0.0,0.0,0.0,0.0,0.0,0.0,0.0,0.0,0.0,0.0,0.0,0.0,0.0,0.0,0.0,0.0,0.0,0.0,0.0,0.0,0.0,0.0,0.0,0.0,0.0,0.0,0.0,0.0,0.0,0.0,0.0,0.0,0.0,0.0,0.0,0.0,0.0,0.0,0.0,0.0,0.0,0.0,0.0,0.0,0.0,0.0,0.0,0.0,0.0,0.0,0.0,0.0,0.0,0.0,0.0,0.0
72,0.0,1.1749482615642522e+17,2.372584464531325e+18,1.0611821026759148e+18,3.418083133348643e+18,2.1167239855792456e+18,2.993730194021286e+18,7.744950972522168e+17,0.0,1.9068933239734272e+17,1.68677576901709e+18,1.3363564654425539e+18,1.518811349101052e+18,1.231237518830076e+18,2.400700351243092e+18,5.5103908139656806e+17,0.0,2.578691063073997e+16,8.989942419743048e+17,6.677565012925481e+17,7.670389653068841e+17,5.0317782127581594e+17,2.3753835462577357e+17,2.891707334713672e+17,7.739421116229222e+17,0.0,1.4766156662397993e+18,3.335305300939899e+17,2.1340646583388078e+18,7.327726167077683e+17,1.5680437689411174e+18,1.578962744038654e+18,0.0,4.182270446529413e+17,8.994929392169779e+17,6.623425747568558e+17,1.3612604038116803e+18,1.510042984387707e+17,8.636740114799657e+17,8.127777213094298e+16,0.0,1.8213621426500403e+17,6.750934049457439e+17,4.1298412653510656e+17,7.30315208219689e+17,3.0809116392187494e+17,4.5251662043519386e+17,2.911247717923553e+17,7.56329825131561e+16,1.793796355349545e+17,7.637305348189061e+17,1.8446504861211034e+17,1.7477920672888914e+18,5.350933452952699e+17,8.254990364830597e+17,1.578115158012592e+18,0.0,1.2775052086450586e+17,2.2964880894066688e+17,2.9549478075695104e+17,6.556125328027156e+17,1.2741736025135514e+17,3.138959668412416e+17,6.743581752641454e+17,0.0,6.487131918277018e+16,3.0425221907349504e+17,1.1512995703370547e+17,5.7412872250064896e+17,1.3876493013535949e+17,2.958397181704274e+17,1.4501201160699904e+17
79,0.0,0.0,5.6161085133789594e+17,4.910367733637448e+17,1.1798780937460777e+18,3.435588664132895e+17,7.403566355993068e+17,1.069445551033942e+18,0.0,0.0,2.380122784970834e+17,6.005797768092713e+17,7.715823535112847e+17,5.764118841655296e+16,5.43953313071104e+17,3.5487603651877274e+17,0.0,8.509116192391168e+16,3.616388233035776e+17,0.0,1.8607524903124992e+17,2.4266419193511936e+17,1.009141135001518e+17,6.523920460650906e+16,0.0,1.9286225943160422e+17,2.8700665406973542e+17,2.219725169717412e+17,9.801021223788872e+17,0.0,8.920159165507174e+17,7.23405258675454e+17,0.0,0.0,1.784692227272868e+17,9.206696190672896e+16,3.3692242038646374e+17,8.5385676421333e+16,2.4838337038647296e+17,3.900661466839122e+17,0.0,2.29277702291456e+16,3.70343218774016e+16,5.304126555763507e+16,6.120161752068915e+16,4.783672726755738e+16,6091926851813376.0,5.44762957356073e+16,1.7792797524361216e+16,6.740777224896512e+16,3.831821215622758e+16,5.999676752501146e+16,1.9929062288287334e+17,0.0,9.871731503765914e+16,1698775529684992.0,0.0,9.643744331772723e+16,1.1059424823083008e+17,0.0,1.993677776753787e+17,2.3516850763595776e+16,1.4902717037359923e+17,5.990167694907802e+16,0.0,0.0,0.0,2.31504642834432e+16,1.0090545699356672e+16,1.3381761958412288e+16,0.0,1.3743113663152128e+16
78,0.0,4.8615995825822106e+17,2.1201712294102303e+18,1.5457254696036598e+18,2.661523750805045e+18,1.683059969471021e+18,2.329704060803875e+18,6.129171219066388e+17,0.0,0.0,4.997651089818911e+17,1.2239455577146655e+18,2.1343406357573796e+18,3.334931810583839e+17,5.807093339526267e+17,6.561328079610839e+17,0.0,1.371595572594606e+17,7.646827806080369e+17,2.63472621289472e+17,8.294577593793905e+17,5.850614071337943e+17,6.954292848183214e+17,2.1113354852499456e+17,4.1856803069650534e+17,2.5464768326690406e+17,1.1240901794227814e+18,3.699859032647926e+17,1.8599999776825016e+18,4.603121578761257e+17,1.7874436176824238e+18,1.4662350395230126e+18,0.0,8.551790472048148e+17,9.086230088961229e+16,2.226890205959291e+17,9.95291257041322e+17,0.0,1.2219568160579256e+18,6.049494421764833e+17,0.0,4.026668849456742e+16,5.656793192385741e+17,1.625892168054866e+17,6.650908040704819e+17,2.145096676975575e+17,6.358866757251236e+17,3.082039325831987e+17,3.2303634444189696e+17,3.122317872731259e+17,4.919845180271493e+17,2.8520137623601152e+17,6.255938724996055e+17,1.8886036352401408e+17,6.756186966259139e+17,7.021767815195525e+17,1.1722650236957491e+17,0.0,2.3539623109695898e+17,1.2153030870827008e+17,3.150656754145034e+17,1.3053939774862131e+17,3.199157930033152e+17,3.754320248753357e+17,0.0,0.0,1.5748222581263565e+17,1.487655209659269e+17,3.026611570286264e+17,2.412518778391757e+16,2.2614878855154893e+17,2.362016233643049e+17
87,0.0,4.901801163667538e+17,3.9796709980215706e+17,2.438874501606277e+17,8.195251836509225e+17,2.32548856758272e+17,8.071739572192543e+17,5.489462297325732e+17,0.0,1.1878479381397504e+16,2.9165422100086784e+17,2.4546590218151526e+17,4.2211395569608294e+17,9.646116871707034e+16,1.8322038426959872e+17,1.4117620208474522e+17,0.0,0.0,0.0,0.0,0.0,0.0,0.0,0.0,0.0,7.647778540041011e+16,1.921461165846692e+17,8.344237551858483e+16,6.104037757644964e+17,1.3180730645413888e+17,2.7050203964401254e+17,2.8204689455579136e+17,0.0,1.620325718640558e+17,4.907042226359501e+16,4.272597388335514e+16,2.6737401496233574e+17,2.09580445401088e+16,2.1149812252894822e+17,4.700673772250726e+16,0.0,0.0,0.0,0.0,0.0,0.0,0.0,0.0,0.0,0.0,0.0,0.0,0.0,0.0,0.0,0.0,0.0,0.0,0.0,0.0,0.0,0.0,0.0,0.0,0.0,0.0,0.0,0.0,0.0,0.0,0.0,0.0
6,0.0,2.2240299295388467e+17,1.400092680603566e+18,7.83021741206143e+17,2.4903377618196234e+18,8.180303288734843e+17,1.4613221466922025e+18,1.0740638434679849e+18,0.0,2.5590375504255386e+17,7.693459468603884e+17,6.621874061783859e+17,5.470957173032878e+17,3.638535489595638e+17,1.1221316743358054e+18,3.854571313792287e+17,0.0,1.0979845951035802e+17,2.8808099718915686e+17,3.670858039075799e+17,1.963689284300964e+17,1.7843768048746496e+17,2.400132092710093e+16,3.838262120378532e+17,4.370549786877624e+17,3.945747370632806e+16,3.5776139554822554e+17,0.0,6.87633884816343e+17,8.82246412140544e+16,8.044238037602796e+17,1.0623975440609444e+18,0.0,2.995606544973824e+16,2.4327407729115136e+17,2.7191118405409178e+17,1.1319699669421916e+18,7.130402484597555e+16,3.11465427668566e+17,1.666132747443241e+17,0.0,5.020286340562944e+16,1.8090560305548493e+17,1.3425426958175437e+17,2.605292973813924e+17,1.6457469428708147e+17,9105803113922560.0,1.6017151099509146e+17,0.0,1.0698480925487923e+17,1.0674006483848397e+17,0.0,4.291217961349284e+17,1.1590290297061376e+16,2.965819915983913e+17,4.045784975797125e+17,0.0,9.648532361314304e+16,9.034799573578547e+16,0.0,2.0594177487772058e+17,0.0,1.5002755415618355e+17,1.9130133087728435e+17,0.0,0.0,7792832685277184.0,0.0,6.677403693953843e+16,1.8427617313030144e+16,3.201080786891571e+16,2.6311459281567744e+16
68,0.0,0.0,1.3527375394289746e+18,2.9503466950046515e+17,1.7982995083003167e+18,1.165840491355308e+18,1.5334796588493046e+18,1.0079818889685893e+18,0.0,2.4394869639426867e+17,1.0253505992746598e+18,9.469485482665574e+17,1.1982764966915604e+18,3.868295624088617e+17,1.1467187471977021e+18,3.042622177573601e+17,0.0,0.0,4.3767503452635136e+17,4.492497995903795e+17,3.086534266805289e+17,1.0063700221021389e+17,1.9277653188437606e+17,3.33966108497281e+17,2.8440794115761766e+17,3.622752343776297e+17,6.441587827372196e+17,6.920911675163935e+17,1.4407063036714025e+18,2.4978340946588467e+17,1.0712477193113436e+18,9.52563341832749e+17,0.0,0.0,1.30234566739755e+17,4.035549209737298e+17,7.497395929528402e+17,0.0,5.859279597354353e+17,7.489034830793933e+17,0.0,1.5235255739246182e+17,3.8031554012984115e+17,5.934014433486438e+16,4.309871863309271e+17,1.8532636135365018e+17,2.3722506253133414e+17,1.5342076729858458e+17,0.0,7375990003073024.0,4.655127104365527e+17,6.407147601317069e+16,7.059435709173596e+17,3.5825775632868966e+17,4.9768012569798246e+17,8.526110690786673e+17,0.0,5.119369947591475e+16,1.44092278720299e+17,1.441568148988887e+17,5.2140370397495296e+17,1.8220598171376026e+17,4.579790972812001e+17,2.2644749493705114e+17,0.0,0.0,1.2771939094154445e+17,1.1356469056241664e+17,8.170411635454771e+16,8.665924589374669e+16,3.066576369824563e+16,6.879135301369856e+16
69,0.0,1.8420453307580416e+16,4.707813725883597e+16,7.285731007649546e+17,1.35770843149815e+18,1.363220472266752e+17,1.0096969209494897e+18,3.961373062951076e+17,0.0,2.544305125405491e+16,6.011549588295516e+17,2.9336049124848435e+17,4.921029904050422e+17,2.0804160156860416e+17,5.815347923071795e+17,2.7132648438628352e+17,0.0,0.0,0.0,0.0,0.0,0.0,0.0,0.0,0.0,2.4212259655909376e+17,2.2524803083036262e+17,1.508668594852987e+17,4.759161176598774e+17,1.3606218452539802e+17,6.755642020808622e+17,3.021230491660452e+17,0.0,7153382384992256.0,2.3627391625383117e+17,1.4295386327875584e+17,4.761260900210442e+17,8.811333284161126e+16,3.053899043705979e+17,1.1708565321206989e+17,0.0,0.0,0.0,0.0,0.0,0.0,0.0,0.0,0.0,0.0,0.0,0.0,0.0,0.0,0.0,0.0,0.0,0.0,0.0,0.0,0.0,0.0,0.0,0.0,0.0,0.0,0.0,0.0,0.0,0.0,0.0,0.0
1,0.0,7.874198048971162e+16,2.4088897887246746e+18,9.954840838930432e+17,3.750538341070668e+18,3.167058581413429e+18,2.758282973072589e+18,1.8674994716176548e+18,0.0,4.939623676468265e+17,1.4089602418815795e+18,6.852942615113892e+17,1.65278931484672e+18,1.6741915835592868e+18,2.201192317115695e+18,1.023089316173185e+18,0.0,0.0,1.3497839763188613e+18,6.211289619376374e+17,9.857071577793823e+17,8.205020310127247e+17,1.307124849306501e+18,3.446880648550154e+17,0.0,0.0,1.781146852029104e+18,9.679943690532946e+17,3.9447956574196204e+18,1.567123477708669e+18,2.8609080898743173e+18,1.0551365754295419e+18,0.0,4.126757822429921e+17,1.0386718011204567e+18,4.2948422265523405e+17,1.3868234994016584e+18,7.690596615203062e+17,1.7908452317808558e+18,6.29698967881384e+17,0.0,0.0,9.56918988426707e+17,1.133880986870743e+18,1.3268168276820623e+18,8.316885310331945e+17,7.457761284126147e+17,3.821378432139264e+17,2.0249358615393075e+17,4.2164322728044134e+17,4.4588024312784486e+17,1.4244153380988518e+17,1.3980451150747402e+18,4.243731772132557e+17,1.1764318119877673e+18,1.0767782627990569e+18,3.640666824166605e+17,0.0,4.532550799321989e+17,1.663124208751739e+17,1.9059011521683128e+18,3.24438187407573e+17,6.711788686729544e+17,8.301472906089595e+17,0.0,3.743742946894152e+17,3.1114069378125005e+17,5.063140751148319e+17,4.903660025513247e+17,3309720051908608.0,4.3508142403538125e+17,2.6147302195540787e+17
45,0.0,0.0,0.0,1.0715697516642304e+16,1.0385976528050586e+17,2.3718102193668096e+16,1.3704028387016704e+16,5.94748817539072e+16,0.0,0.0,0.0,0.0,0.0,0.0,0.0,0.0,0.0,0.0,0.0,0.0,0.0,0.0,0.0,0.0,0.0,0.0,0.0,0.0,0.0,0.0,0.0,0.0,0.0,0.0,0.0,0.0,0.0,0.0,0.0,0.0,0.0,0.0,0.0,0.0,0.0,0.0,0.0,0.0,0.0,0.0,0.0,0.0,0.0,0.0,0.0,0.0,0.0,0.0,0.0,0.0,0.0,0.0,0.0,0.0,0.0,0.0,0.0,0.0,0.0,0.0,0.0,0.0
33,0.0,8.454185278662246e+16,1.6209247806790042e+18,1.285765324108464e+18,2.659251610026246e+18,2.1908049558901883e+18,3.06438316195473e+18,2.1488886864213443e+18,0.0,1.6194890375364608e+16,1.9071969266216468e+18,1.0228747739668152e+18,4.140541162756768e+18,1.2630839110559334e+18,3.270635600406905e+18,7.146212602811515e+17,0.0,1.9504721237429453e+17,1.2161339399161774e+18,7.772329499248558e+17,9.763842612485161e+17,5.6469312602793574e+17,1.4161107783138673e+18,1.372609270775808e+16,0.0,3.504976781377536e+17,1.180170563839066e+18,0.0,3.410311510285615e+18,1.903941272691802e+18,1.5961437127342817e+18,1.0127108197601772e+18,0.0,2.1670662936880742e+17,8.843044230298337e+17,2.8513026875745894e+17,2.4382533462560604e+18,6.602599622948946e+17,1.5059855459630449e+18,1.0149315583703777e+18,0.0,0.0,8.365782825802138e+16,5.38662566197461e+17,1.0503919078777815e+18,8.671771242455368e+17,1.259848460652249e+18,4.272732250308608e+16,4.419853949851402e+17,0.0,4.8090748813312e+17,5.393367729837179e+17,1.3667240145290527e+18,4.001010113535017e+17,8.781849536264929e+17,1.235566570986537e+18,1.3043263345157734e+17,3.976878925681787e+17,3.966600897143767e+17,1.7252601878177382e+17,1.9267911859012895e+18,5.865631338589061e+17,9.505136460001444e+17,7.369636114354668e+17,0.0,0.0,2.172002413702021e+17,4.884345042187059e+17,8.284491636193362e+17,0.0,7.805516883343442e+17,3.747003686065275e+17
15,0.0,0.0,3.074613842773279e+17,2.2382531432362803e+17,4.484470873826263e+17,1.8383281224626995e+17,1.5543641263046656e+17,3.055662041881641e+17,0.0,0.0,1.8055424037093376e+16,1.2898772914379162e+17,1.6873656913651302e+17,2.5667963658960896e+16,7.009357421294387e+16,1.767680892605563e+17,0.0,0.0,0.0,0.0,0.0,0.0,0.0,0.0,0.0,0.0,9.086330591195955e+16,4.85194939236352e+16,1.416406168984617e+17,2.8337457632116736e+16,8.557049745401446e+16,1.546810825019228e+17,0.0,0.0,0.0,7887673079365632.0,9399845164941312.0,9773631873744896.0,0.0,7621566569381888.0,0.0,0.0,0.0,0.0,0.0,0.0,0.0,0.0,0.0,0.0,0.0,0.0,0.0,0.0,0.0,0.0,0.0,0.0,0.0,0.0,0.0,0.0,0.0,0.0,0.0,0.0,0.0,0.0,0.0,0.0,0.0,0.0
93,0.0,1.0228330612444365e+17,3.967523456118948e+17,2.905845679857336e+17,7.695305273749012e+17,1.7928859940814848e+17,4.26659714722431e+17,3.599898650995589e+17,0.0,1.5717342625398784e+16,1.7916275686637568e+17,2.4258439144275968e+17,3.7539739025906074e+17,1.070407812686807e+17,2.909673011114148e+17,2.705076574612357e+17,0.0,0.0,0.0,0.0,0.0,0.0,0.0,0.0,0.0,0.0,1.6925612274037555e+17,3.886865945985024e+16,4.117034016471777e+17,1.2709046170052198e+17,1.9900864968995635e+17,2.3149105785287475e+17,0.0,9.551345841340416e+16,6725045833433088.0,8.20742394562478e+16,2.3654523792785408e+17,1.7252391854276608e+16,1.3520540726932275e+17,1.0747265741016269e+17,0.0,0.0,0.0,0.0,0.0,0.0,0.0,0.0,0.0,0.0,0.0,0.0,0.0,0.0,0.0,0.0,0.0,0.0,0.0,0.0,0.0,0.0,0.0,0.0,0.0,0.0,0.0,0.0,0.0,0.0,0.0,0.0
24,0.0,3.986011744140001e+17,1.7521024277476803e+18,4.24271712905855e+17,1.2096635888646226e+18,7.53452575000363e+17,1.9456010810734674e+18,6.700055523271639e+17,0.0,2.428620353086423e+17,6.880730022726861e+17,9.966780848013312e+17,9.049223963544125e+17,6.338333377602519e+17,7.375914325749268e+17,4.1419176825952666e+17,0.0,0.0,1.8545060616758886e+17,2.739685421083525e+17,1.2915478619173683e+17,1.3525911154039194e+17,6.017290413382042e+16,2.6666300889628672e+17,1.0339696537449267e+17,1.8601486179106816e+17,6.732811349052621e+17,1.143443817454633e+17,4.1759114897496474e+17,2.9868731584741376e+17,3.699961081070879e+17,5.87859732945961e+17,0.0,9.468250250071245e+16,2.942678632193065e+17,2.7304591441369498e+17,6.494474336668221e+17,0.0,2.471805218455552e+17,1.708607912416379e+17,0.0,3.4770416698392576e+16,1.7019244279077274e+17,5.10201355525161e+16,2.2437878098925978e+17,1.2136254728568832e+17,4.586325851452211e+16,1.813000184922112e+17,0.0,0.0,9.115833580545638e+16,0.0,1.5299632145052467e+17,7.349060987623834e+16,1.0214137463518003e+17,3.3882069285208064e+17,0.0,0.0,1.0867757612531712e+17,6.88184757321728e+16,1.495126562968699e+17,3.926027887286682e+16,4396600180867072.0,1.2955183014844826e+17,0.0,0.0,1.5198942220255232e+16,2.348157404971008e+16,4.703688839292518e+16,3.108187516226765e+16,2.8919436438142976e+16,4.405709162256794e+16
25,0.0,9.375624985365709e+16,2.7774077752469094e+17,8.593844730226278e+16,2.8222407054668595e+17,1.261378207744e+17,2.1848407581445325e+17,1.027688951269294e+17,0.0,0.0,0.0,0.0,0.0,0.0,0.0,0.0,0.0,0.0,0.0,0.0,0.0,0.0,0.0,0.0,0.0,0.0,0.0,0.0,0.0,0.0,0.0,0.0,0.0,0.0,0.0,0.0,0.0,0.0,0.0,0.0,0.0,0.0,0.0,0.0,0.0,0.0,0.0,0.0,0.0,0.0,0.0,0.0,0.0,0.0,0.0,0.0,0.0,0.0,0.0,0.0,0.0,0.0,0.0,0.0,0.0,0.0,0.0,0.0,0.0,0.0,0.0,0.0
26,0.0,0.0,8.242850382070415e+17,6.44589722575831e+17,2.47305563805424e+18,1.3723686323481477e+18,1.6090279274275144e+18,5.161003470773289e+17,0.0,4.026120553931735e+17,1.785709962723328e+18,1.185592118236676e+18,1.2445653864651162e+18,3.623800315796521e+17,1.1755216912378757e+18,4.163495941887754e+17,0.0,9.928883774580326e+16,5.5871236688838656e+17,5.011769162716938e+17,5.037270960533668e+17,2.5673313040728064e+17,7.093398248966062e+17,2.8247027525196186e+17,0.0,7.82527923046318e+16,5.711310071267328e+17,2.9781492209025024e+17,8.524941772487393e+17,4.976420551078707e+17,1.4101279232302776e+18,7.044550383317811e+17,0.0,1.4399918100919091e+17,4.870961236897956e+17,7.355703240446444e+17,9.897208562571018e+17,1.4897526998879437e+17,7.962841878993306e+17,6.005294054328238e+17,0.0,3.983867782365184e+16,3.5410744353121894e+17,1.730834196374487e+17,5.694914291312886e+17,2.2498129618141184e+17,3.8867430240210125e+17,1.693007388606464e+17,1.087872180504494e+17,1.1698665421589709e+17,2.7299753590207283e+17,8.472996376425267e+16,5.663564809623306e+17,3.720273871199273e+17,9.624120110801224e+17,6.723585072106045e+17,0.0,2.0997595175950746e+17,2.2047755911508787e+17,1.2800498908685926e+17,4.233444810062561e+17,5.920006397650534e+16,3.142697664349471e+17,2.4893475828793344e+17,0.0,1.955221369729843e+16,2.620413148481454e+17,2.7901639999147213e+17,2.839744415184978e+17,5.713851832913101e+16,8.624429192341094e+16,1.1365842392868454e+17
48,0.0,1.0001618873939395e+18,2.7737607982567916e+18,1.383809050835157e+18,2.5634511618981233e+18,1.2437965529593938e+18,2.3905724747617403e+18,9.224415335950582e+17,0.0,4.1666298936242995e+17,6.559041782619832e+17,1.0573096914423644e+18,1.278952750062764e+18,9.349734235310653e+17,1.5572626451139133e+18,2.985840648336179e+17,0.0,4.3139053529962906e+17,1.262278381349634e+18,3.615910632672461e+17,5.4143285446311936e+17,3.466096332232458e+17,6.152189494993879e+17,4.02276910505132e+17,4.778051473558733e+17,4.927531453744415e+17,4.4868303570599936e+17,2.519846661044306e+17,1.0501324231336264e+18,6.759042861812941e+16,1.0421966292406764e+18,1.0258174106801275e+18,0.0,3.442538909060301e+16,4.454080716031918e+17,4.570970484375552e+17,8.569715260359967e+17,1.9791216171915674e+17,1.0509888052527104e+18,5.885485769807626e+17,0.0,1.9534353075798016e+17,4.449996373932114e+17,3.4063433728209715e+17,5.982000213299036e+17,1.3861762134704128e+17,2.7470121198944256e+17,2.300439287520297e+17,1.2515767702519808e+16,1.1716695694298317e+17,7.26882876515156e+17,4.944404146867405e+16,9.909972518179963e+17,7.720610533862277e+17,7.027918895558164e+17,8.323766878732288e+17,0.0,4.703314318144307e+16,2.983866337769554e+17,1.5434418526722458e+17,7.038437785862144e+17,3.493720874685563e+17,6.204842358069002e+17,5.745122459003126e+17,0.0,3.818133584347136e+16,3.702232603374387e+17,3.0967515215560704e+16,3.324650346071982e+17,6.73151340993577e+16,1.6684448142380237e+17,8.265347592565555e+16
71,0.0,1.1418519307760435e+17,1.0812565564791194e+17,2.2572024530468864e+16,3.3376613481997926e+17,1.5770204223884493e+17,2.776738275744809e+17,2.073326742667264e+17,0.0,0.0,0.0,0.0,0.0,0.0,0.0,0.0,0.0,0.0,0.0,0.0,0.0,0.0,0.0,0.0,0.0,0.0,0.0,0.0,0.0,0.0,0.0,0.0,0.0,0.0,0.0,0.0,0.0,0.0,0.0,0.0,0.0,0.0,0.0,0.0,0.0,0.0,0.0,0.0,0.0,0.0,0.0,0.0,0.0,0.0,0.0,0.0,0.0,0.0,0.0,0.0,0.0,0.0,0.0,0.0,0.0,0.0,0.0,0.0,0.0,0.0,0.0,0.0
76,0.0,2.939870410776248e+17,4.4021916699407155e+17,4.344445662847304e+17,1.3459388467175752e+18,0.0,5.7021514830053376e+17,3.132519279052718e+17,0.0,2.560515835219149e+16,1.0629672113432166e+17,8.65537958566953e+16,3.0448799559817626e+17,9.251771013450957e+16,9.290117340463104e+16,1.19315686131499e+17,0.0,0.0,0.0,0.0,0.0,0.0,0.0,0.0,0.0,1.121261342162944e+17,1.1831373039088435e+17,3.4538501778807194e+17,3.51194527991595e+17,0.0,1.239757342375936e+17,1.100306282625106e+17,0.0,4.803159422874419e+16,1.2790373093788877e+17,2.5323990465642496e+16,1.3372688195754394e+17,3.488804296772813e+16,6.78313891683369e+16,1.1497404972086067e+17,0.0,0.0,0.0,0.0,0.0,0.0,0.0,0.0,0.0,0.0,0.0,0.0,0.0,0.0,0.0,0.0,0.0,0.0,0.0,0.0,0.0,0.0,0.0,0.0,0.0,0.0,0.0,0.0,0.0,0.0,0.0,0.0
7,0.0,6.169063820204442e+16,2.061354435430318e+17,0.0,5.5401058029010944e+17,1.3544509221424333e+17,2.3331772462373274e+17,3.3240164088990925e+17,0.0,0.0,0.0,0.0,0.0,0.0,0.0,0.0,0.0,0.0,0.0,0.0,0.0,0.0,0.0,0.0,0.0,0.0,0.0,0.0,0.0,0.0,0.0,0.0,0.0,0.0,0.0,0.0,0.0,0.0,0.0,0.0,0.0,0.0,0.0,0.0,0.0,0.0,0.0,0.0,0.0,0.0,0.0,0.0,0.0,0.0,0.0,0.0,0.0,0.0,0.0,0.0,0.0,0.0,0.0,0.0,0.0,0.0,0.0,0.0,0.0,0.0,0.0,0.0
50,0.0,2.0577557682323456e+17,1.0234544914725601e+18,0.0,1.7469800779517788e+18,1.7753538001402593e+18,2.100820237078233e+18,1.0289276541971988e+18,0.0,4.8115395053643366e+17,1.191153448049967e+18,0.0,1.2950812112527032e+18,1.46314335026466e+18,1.0151341433877955e+18,6.925676683680809e+17,0.0,8.300342127099904e+16,6.112002344998666e+17,8.651347126774661e+17,6.67821853514924e+17,5.329381307061371e+17,1.669643797308375e+17,3.746212037693276e+17,0.0,0.0,1.1745157755374141e+18,1.4832793938988892e+18,1.7865743163017134e+18,1.7480593860533944e+18,1.618107831888642e+18,1.2709333245666263e+18,0.0,1.4126492751914598e+17,8.730914660108206e+17,7.151439406212055e+17,1.2621592217769738e+18,2.0328604197978112e+17,7.021835847477494e+17,6.767669990821724e+17,0.0,1.7105825021558784e+16,2.6746182127373517e+17,6.50508187509719e+17,6.587561739854807e+17,7762925217382400.0,5.36268963743531e+17,2.2249339342553088e+17,4.7111039285303706e+17,4.44075154272682e+17,3.990932745869066e+17,1.2649359009539686e+17,1.372202193775493e+18,2183807260164096.0,4.946113200253829e+17,7.906028051601818e+17,0.0,2.0326796875739955e+17,2.2419351327997952e+17,2.547070225350656e+17,7.638255051357553e+17,9.909615692297011e+16,6.583543712050053e+17,2.651708513583104e+17,0.0,7.602567996296397e+16,4.6370951136700006e+17,1.499040137168814e+17,4.999344337725686e+17,5.717952667687322e+16,3.622472999103365e+17,2.5901343162394214e+17
22,0.0,2.745698547096617e+17,9.50758424776278e+17,8.16609416253014e+17,1.2271246581474263e+18,2.6145500027263386e+17,1.3254482105833882e+18,1.0579933815164109e+18,0.0,4.529417964276941e+16,1.3375223600848568e+18,4.657967967533793e+17,8.988146092621169e+17,2.3201933883028275e+17,6.779620995020882e+17,2.6423834523887206e+17,0.0,0.0,3.333882120576696e+17,1.8624670412570624e+17,2.129390153372795e+17,1.810315830362112e+17,1.3055158686580736e+17,1.763141112173691e+17,0.0,1.3732113178165248e+16,4.013029837210911e+17,1.7425022481281843e+17,6.764309608409334e+17,1.1925096956428288e+17,6.597786510798356e+17,5.233635834514637e+17,0.0,1.0478650755383296e+17,1.9356735562265395e+17,7.278657883707802e+16,3.734520105921413e+17,6255648857653248.0,1.976336588598149e+17,3.93846542538113e+17,0.0,3.530051874193408e+16,7.539734342742835e+16,1.473139959660544e+16,8.371026980870554e+16,4.50331615952896e+16,3.953952046658355e+16,4.285202258355814e+16,0.0,0.0,0.0,8.480142343012352e+16,2.0839540379457946e+17,2.0112469417734963e+17,9.548085961162752e+16,1.964550167545774e+17,0.0,0.0,7.616236300219187e+16,4.809078317305037e+16,2.6894641966927053e+17,8.767020388581376e+16,6066342805372928.0,1.3073432054438298e+17,0.0,0.0,0.0,3.160557770453811e+16,1.377585527259136e+16,1.826910510252032e+16,0.0,1.876243363607347e+16
4,0.0,0.0,4.183933801463808e+16,0.0,1.0524594879542067e+17,5.626156331669914e+16,1.0029201325712998e+17,9.70707706052608e+16,0.0,0.0,0.0,0.0,0.0,0.0,0.0,0.0,0.0,0.0,0.0,0.0,0.0,0.0,0.0,0.0,0.0,0.0,0.0,0.0,0.0,0.0,0.0,0.0,0.0,0.0,0.0,0.0,0.0,0.0,0.0,0.0,0.0,0.0,0.0,0.0,0.0,0.0,0.0,0.0,0.0,0.0,0.0,0.0,0.0,0.0,0.0,0.0,0.0,0.0,0.0,0.0,0.0,0.0,0.0,0.0,0.0,0.0,0.0,0.0,0.0,0.0,0.0,0.0
32,0.0,3.391835316892467e+17,8.263820130396406e+17,3.94131316049707e+17,1.3417444847355167e+18,1.3091431403382374e+18,2.310009058771337e+18,9.140257341571072e+17,0.0,1.8859302757964186e+17,1.0311400777507144e+18,4.8657261871602074e+17,9.101476192069878e+17,6.677831644495217e+17,1.1159974302449664e+18,6.73789521594155e+17,0.0,3.210950879435817e+17,4.6812831116007834e+17,2.6053649574658048e+17,1.802031869240279e+17,1.7089338145347994e+17,5.160863970235515e+17,2.3459398274567373e+17,0.0,0.0,2.1775521986432205e+17,9.98658236523479e+17,1.2242873683919503e+18,5.556414309120082e+17,1.3590520347072922e+18,1.1326512518345523e+18,0.0,0.0,1.436976914848809e+17,4.824677638524109e+17,7.520930975920947e+17,7.45292875872338e+16,4.376775427872522e+17,5.88860563405144e+17,0.0,9456050180718592.0,2.071798765102039e+17,2.262347222572073e+17,3.298748600900649e+17,6.953567514106266e+16,2.5594307976311603e+17,2.393475838294098e+17,2.6012074291232768e+17,2.408239702474752e+17,1.0687669633810432e+17,0.0,7.438317795378463e+17,2.6573849141601894e+17,7.214426304198738e+17,7.26697540086399e+17,0.0,1.3679260384362496e+17,2.147423518457856e+17,1.3155381748432896e+17,5.4525967032385536e+17,0.0,2.481846680194908e+17,1.7529357544823194e+17,0.0,9.684456326771507e+16,2.5453584231851622e+17,3151052954140672.0,1.46590034131157e+17,9.064802497121485e+16,2.20134906624213e+17,1.2123905838599373e+17
77,0.0,4.553732890831094e+17,1.8200073038064517e+18,1.7381210378888806e+18,2.5132656029157294e+18,1.6639571918889943e+18,2.0399782113994342e+18,4.280892516372316e+17,0.0,6.850659754096722e+17,1.5663452983541105e+18,1.5941306443827773e+18,1.406719712062079e+18,1.09827598286481e+18,7.645194344118354e+17,2.2326836014455194e+17,0.0,2.138759366830981e+17,7.885781919365857e+17,3.0740847028024115e+17,6.249444734444503e+17,5.029863344538911e+17,1.0016644387527721e+18,4.02624424898986e+17,0.0,1.3432104773327258e+17,9.513188321090601e+17,6.496149030316278e+17,1.8230376952915558e+18,4.567323885342556e+17,9.987681876862566e+17,6.881639181404078e+17,0.0,3.86045619208192e+16,8.531514103242424e+17,3.699099338832609e+17,6.311874317474857e+17,2.1053257952106906e+17,1.2988442897987666e+18,1.3058446054549094e+17,0.0,0.0,3.013003395905618e+17,3.351984548735877e+17,5.324220474358497e+17,4.5737842033505075e+17,3.668815696227205e+17,3.219550091157176e+17,2.3715045035946803e+17,0.0,4.81253044021887e+17,0.0,5.939502027301192e+17,5.874255632919429e+17,5.386105111938335e+17,8.746678220876677e+17,0.0,1.755989819827159e+17,2.951241766189138e+17,2.840524037648548e+17,7.06914920721023e+17,3.078901938121605e+17,6.900405783305912e+17,3.785003151518597e+17,0.0,5.640800881659085e+16,1.8421181734033818e+17,4.465289378083635e+16,3.772370793707602e+17,8.812189700639949e+16,1.918477194368123e+17,1.1846544581564826e+17
91,0.0,5.24039886181761e+17,1.0515338881421804e+18,6.959288066947154e+17,1.4005837499843215e+18,7.079714139563622e+17,1.7755361816315167e+18,2.3772810628091085e+17,0.0,0.0,4.9566922200999526e+17,5.901115327596462e+17,7.902348810817372e+17,3.7242235231246746e+17,3.372331355005256e+17,3.7066873434537984e+17,0.0,3.68786293129216e+16,1.9335102670988902e+17,8.308976729351782e+16,1.778524654235812e+17,2.44375891021398e+17,5.429101514142515e+16,3.048427942565642e+17,1.3985256188359475e+17,8.976983300820173e+16,5.187759742637834e+17,3.462293052792504e+17,5.957037863374684e+17,2.1214472126542643e+17,4.503638110277468e+17,5.817097520949494e+17,0.0,1.890584259408691e+16,2.262188308782121e+17,1.4593309311343e+17,5.488595744724091e+17,1.6557279314706432e+17,2.469773870723236e+17,1.1436651800690688e+17,0.0,0.0,5.683577037940326e+16,7.416772006038733e+16,1.3066656314032128e+17,2.5550949422465024e+16,4.014242650075955e+16,3.3472209146085376e+16,0.0,0.0,1.6010481874291917e+17,0.0,1.0047221290500096e+17,3.919926027249254e+16,1.3231508325767578e+17,2.995349705929523e+17,0.0,0.0,1.6208354024095744e+16,9219364196712448.0,1.3003522012767846e+17,0.0,0.0,4.508917226379674e+16,0.0,5449500676063232.0,1.2805107838091264e+16,0.0,1.7279929037094912e+16,3264317952622592.0,1.969204709503795e+16,9086652928491520.0
42,1.1517594754351104e+17,3.431343862054912e+17,1.3635454638521057e+18,3.762069056950108e+17,8.979151400311194e+17,1.7615296404442317e+17,1.6314593390236795e+18,8.326599495563346e+17,0.0,1.8405958651949875e+17,1.04167168115789e+18,1.172597127746945e+18,1.0167563353556255e+18,5.4291891314753536e+17,8.217378133628682e+17,8.82690855356334e+16,0.0,6.363338505401139e+16,2.2354280855476634e+17,2.7043909260332237e+17,3.394327428716298e+17,3.4422139088850125e+17,3.887282128316006e+16,4.009764287676416e+17,4.323406164252426e+17,3.070966212948132e+17,5.554886331554857e+17,1.1664606116184064e+16,5.787941221359944e+17,2.1029616734122803e+17,9.28648963928621e+17,9.656254025317745e+17,0.0,9566004564721664.0,4.292038471901512e+17,3.340511488497418e+17,7.873253671562117e+17,5.802408045602406e+16,5.5995835408082534e+17,2.062791359688868e+17,0.0,4.732679439043789e+16,1.659664354896773e+17,2.7734660260613325e+17,2.84338878083498e+17,1.2761910345518285e+17,2.1915130757382144e+16,1.47640153635029e+17,6.138125023287706e+16,0.0,1.0239529310171955e+17,0.0,2.439459819749376e+17,4.994933148614656e+16,2.080623892103168e+17,5.300225694666588e+17,0.0,1.0850551973543936e+16,7.739948538213171e+16,6.531161775511962e+16,3.401458448817193e+17,0.0,1.035060231840727e+17,1.9794396165701632e+17,0.0,2439366941081600.0,2.527011869084877e+16,0.0,1.0439917881314509e+17,4.249409718897869e+16,9.470430375470694e+16,8.37085947714601e+16
13,0.0,2.0644906205498573e+17,2.712591736588206e+17,1.6077820089545523e+17,5.988357452091884e+17,2.1077409412205773e+17,3.700179952604283e+17,1.5374053620370637e+17,0.0,0.0,0.0,0.0,0.0,0.0,0.0,0.0,0.0,0.0,0.0,0.0,0.0,0.0,0.0,0.0,0.0,0.0,0.0,0.0,0.0,0.0,0.0,0.0,0.0,0.0,0.0,0.0,0.0,0.0,0.0,0.0,0.0,0.0,0.0,0.0,0.0,0.0,0.0,0.0,0.0,0.0,0.0,0.0,0.0,0.0,0.0,0.0,0.0,0.0,0.0,0.0,0.0,0.0,0.0,0.0,0.0,0.0,0.0,0.0,0.0,0.0,0.0,0.0
41,0.0,0.0,2.53152299349495e+18,9.91243061386281e+17,1.9594337619846103e+18,1.50841904007322e+18,2.1714242767442412e+18,1.1633799217712988e+18,0.0,2.4943702894339686e+17,1.831840522822484e+18,7.677192194070938e+17,2.1103598748387246e+18,1.6500026026261217e+18,1.087773860113154e+18,0.0,0.0,0.0,9.073703902741791e+17,1.1333694390859203e+18,1.0911066860153733e+18,6.272076806912737e+17,8.262750855338394e+17,0.0,0.0,1.9939189821171302e+17,1.1593370175159665e+18,8.956560559529001e+17,2.237138650762576e+18,8.48230546034131e+17,1.9503715871484805e+18,1.4816706709484995e+18,0.0,0.0,1.0062554495545508e+18,4.699219238626263e+17,9.326791550807572e+17,1.5007069280770458e+18,1.5891098619734917e+18,1.3006909195776164e+18,0.0,889398740647936.0,1.4324885537654047e+18,7.747617288219525e+17,1.2574715913909043e+18,4.336179740588114e+17,1.414122174096081e+18,5.4863561769772646e+17,3.4536738265235456e+16,2.0510009872665805e+17,4.787437866886103e+17,0.0,1.2799901392835707e+18,1.1814797042306253e+17,1.4633418121134735e+18,1.2007025690982482e+18,1.3130543093566669e+17,1.1052807137473331e+17,6.630892805910692e+17,5.120558365042278e+16,1.1787954871095788e+18,4.3080181554243174e+17,8.697406356056965e+17,8.413689750015181e+17,0.0,9.171712823053517e+16,3.767337779231457e+17,7.96211963729281e+17,7.796668563518915e+17,6.573349950770381e+16,4.9354871075661414e+17,3.15725657269076e+17
55,0.0,0.0,0.0,9.051143642126746e+16,8.148073510548275e+16,4.148631747271066e+16,0.0,5.779773138455757e+16,0.0,0.0,0.0,0.0,0.0,0.0,0.0,0.0,0.0,0.0,0.0,0.0,0.0,0.0,0.0,0.0,0.0,0.0,0.0,0.0,0.0,0.0,0.0,0.0,0.0,0.0,0.0,0.0,0.0,0.0,0.0,0.0,0.0,0.0,0.0,0.0,0.0,0.0,0.0,0.0,0.0,0.0,0.0,0.0,0.0,0.0,0.0,0.0,0.0,0.0,0.0,0.0,0.0,0.0,0.0,0.0,0.0,0.0,0.0,0.0,0.0,0.0,0.0,0.0
31,0.0,2.067396681321677e+16,1.6968017345144422e+17,1.5092585945104384e+16,2.0911525749325824e+17,2.1170842989756416e+16,1.0329612813231718e+17,7.689314309767168e+16,0.0,0.0,0.0,0.0,0.0,0.0,0.0,0.0,0.0,0.0,0.0,0.0,0.0,0.0,0.0,0.0,0.0,0.0,0.0,0.0,0.0,0.0,0.0,0.0,0.0,0.0,0.0,0.0,0.0,0.0,0.0,0.0,0.0,0.0,0.0,0.0,0.0,0.0,0.0,0.0,0.0,0.0,0.0,0.0,0.0,0.0,0.0,0.0,0.0,0.0,0.0,0.0,0.0,0.0,0.0,0.0,0.0,0.0,0.0,0.0,0.0,0.0,0.0,0.0
66,0.0,0.0,0.0,4604713894936576.0,1.0024262972316058e+17,3.565125865622733e+16,1.1294757892390912e+16,6.634967699082445e+16,0.0,0.0,0.0,0.0,0.0,0.0,0.0,0.0,0.0,0.0,0.0,0.0,0.0,0.0,0.0,0.0,0.0,0.0,0.0,0.0,0.0,0.0,0.0,0.0,0.0,0.0,0.0,0.0,0.0,0.0,0.0,0.0,0.0,0.0,0.0,0.0,0.0,0.0,0.0,0.0,0.0,0.0,0.0,0.0,0.0,0.0,0.0,0.0,0.0,0.0,0.0,0.0,0.0,0.0,0.0,0.0,0.0,0.0,0.0,0.0,0.0,0.0,0.0,0.0
65,0.0,6.545778837710438e+16,1.1904633155249766e+17,1.1256344778637312e+17,2.504605883695104e+17,6.567260116641382e+16,1.5053594084507648e+17,7.610641675819418e+16,0.0,0.0,0.0,0.0,0.0,0.0,0.0,0.0,0.0,0.0,0.0,0.0,0.0,0.0,0.0,0.0,0.0,0.0,0.0,0.0,0.0,0.0,0.0,0.0,0.0,0.0,0.0,0.0,0.0,0.0,0.0,0.0,0.0,0.0,0.0,0.0,0.0,0.0,0.0,0.0,0.0,0.0,0.0,0.0,0.0,0.0,0.0,0.0,0.0,0.0,0.0,0.0,0.0,0.0,0.0,0.0,0.0,0.0,0.0,0.0,0.0,0.0,0.0,0.0
62,0.0,1.826645081273139e+16,2.6671614966764667e+18,7.873039266794701e+17,1.513462637348782e+18,2.2300859708651602e+18,1.69651881642872e+18,7.093923265768325e+17,0.0,0.0,1.0198895311779267e+18,1.0024376703050056e+18,1.401836231167312e+18,1.818114082222375e+18,9.621974688737526e+17,9.793033100014387e+16,0.0,1.8236898431257805e+17,5.334596428150866e+17,8.270903046863585e+17,6.146473408918979e+17,5.191560960493486e+17,6.286296928233718e+17,2.0486798151411302e+17,5.0201890166040166e+17,6.282537972856259e+17,9.543832397351485e+17,3.3570477997817856e+17,2.0902025281667072e+18,1.0027326142991565e+18,2.0901595097742705e+18,6.368930724619223e+17,0.0,2.5959637894509363e+17,6.375364242031247e+17,1.4521856173822444e+18,1.0515393169808425e+18,4.641537140646216e+17,1.0996657655623188e+18,6.479797230826947e+17,0.0,0.0,6.644697861592187e+17,5.172894001832919e+17,1.2372976146055168e+18,1.0009437604203725e+17,7.493590244906762e+17,5.632250374866862e+17,0.0,4.7407608495079424e+17,5.250109267477791e+17,4.429970831216476e+17,1.371901065028436e+18,3.5445942469106074e+17,1.268281714837291e+18,7.561437671482982e+17,1.5037896838034227e+17,7.603934654889984e+16,5.060363453496033e+17,3.023903679305482e+17,7.148989556866417e+17,1.5209738479547187e+17,6.455719300568187e+17,5.251807325747937e+17,0.0,1.3170282707969638e+17,3.843350110436065e+17,2.8418441387966464e+16,4.144819362500444e+17,3.340881328131277e+16,2.4585945862478234e+17,1.2075549660807168e+17
21,0.0,4.3280883657998336e+17,1.3406338405525094e+18,7.631080050791547e+17,1.214717219183788e+18,1.0146300173064602e+18,9.968811508550861e+17,4.352550094336164e+17,0.0,1.633466085183324e+17,5.620307960602296e+17,2.752747619221504e+17,5.97965894072664e+17,1.9856832964277043e+17,4.354650161545216e+17,3.0758542293283635e+17,0.0,8112586558013440.0,1.565101200947282e+17,4.516169708155699e+16,1.1075085132837683e+17,4.577711865043354e+16,9.13729553212375e+16,8.48370888385495e+16,0.0,3.930182838648832e+16,7.299689307764163e+17,9298969268060160.0,8.593964302115799e+17,1.4560715663527117e+17,5.4452846073164595e+17,2.856238979387228e+17,0.0,1.7809459849986048e+17,2.6242019968312934e+17,1.8355052981570765e+17,3.771895942123356e+17,2.171294774890332e+17,1.6578505043083264e+17,2.6259083014386483e+17,0.0,7596383565512704.0,3.668440230186189e+16,3.983663771418624e+16,4.071058195454362e+16,2.123582369746125e+16,1.1681598080548864e+16,3.2071631048278016e+16,0.0,4634522041712640.0,1.1121604782614118e+17,9.33176220235858e+16,1.1360584493904691e+17,1.86246961823744e+16,4.760356208299213e+16,1.3043789908148224e+17,0.0,0.0,5.946602982631014e+16,0.0,1.3225848417864909e+17,1.2828163222536192e+16,4.429252884483277e+16,4.149402264403968e+16,0.0,0.0,0.0,1.5482622662672384e+16,6748378780139520.0,8949485631700992.0,0.0,9191152704028672.0
95,0.0,1.4087918791635763e+18,2.4192908938455286e+18,8.847831229047767e+17,3.274561406673879e+18,3.9185783524111155e+18,2.3713109551884534e+18,1.4930892366419067e+18,0.0,3.3262820900470784e+17,1.4043776148559626e+18,8.537045333924905e+17,1.6749962886318653e+18,2.036805433158533e+18,1.9184747548266988e+18,2.6483860986816102e+17,0.0,2.395595104006963e+16,9.223058813479813e+17,1.621785148527739e+18,1.2091196054867804e+18,5.070765177092178e+17,8.705197083134525e+17,3.3527851306398515e+17,2.0165713268310016e+17,0.0,1.9955065394686853e+18,1.0137842867062702e+18,2.4925892867554017e+18,1.3971781501562388e+18,1.3061980984432394e+18,1.2595654738470502e+18,0.0,2.0720379088810803e+17,9.91939602002477e+17,7.152939552389202e+17,7.838948221580739e+17,3.0910295513759744e+17,1.5051661349224448e+18,1.3572154379720458e+18,0.0,8.693792055178035e+16,5.7626655106216755e+17,1.7196422331556168e+18,1.9309968178775327e+18,1.5863703943931494e+17,1.0468156088694866e+18,3.231899668321403e+17,2.254798731650007e+17,7.515241690441974e+17,4.12995465248768e+17,0.0,1.3635051942387384e+18,3.379054868609106e+17,8.774106912821084e+17,1.078777862133121e+18,0.0,1.0578484048953344e+16,6.914748225295483e+17,3.507450682540032e+17,7.424411034871398e+17,3.056733722121339e+17,6.721364058617938e+17,5.616381673298985e+17,0.0,1.3259803570313626e+17,3.2659257736298496e+17,1.8577829499240448e+17,6.840092760159027e+17,2.094819961607291e+17,2.945258017752351e+17,3.4310899435883725e+17
84,0.0,3.231290813757522e+17,1.539286042316636e+17,4.221098325274788e+17,7.401757659365376e+17,0.0,7.39730807324672e+17,3.6835106691324314e+17,0.0,1.029950874320896e+16,1.0102326579901235e+17,1.001271724123095e+17,2.339537233809244e+17,7.983509261621658e+16,1.5301987505117594e+17,2.8083311961807258e+17,0.0,0.0,0.0,0.0,0.0,0.0,0.0,0.0,0.0,1.1324206120907571e+17,7.59173093481513e+16,4.721540870858342e+16,4.923541257327739e+17,8.832322789336678e+16,1.2838832350796186e+17,9.619542191059763e+16,0.0,4.91790892311511e+16,4.42129259209687e+16,0.0,2.0131180013263258e+17,2.4694898015862784e+16,1.1822274580368589e+17,3.814917083339162e+16,0.0,0.0,0.0,0.0,0.0,0.0,0.0,0.0,0.0,0.0,0.0,0.0,0.0,0.0,0.0,0.0,0.0,0.0,0.0,0.0,0.0,0.0,0.0,0.0,0.0,0.0,0.0,0.0,0.0,0.0,0.0,0.0
58,0.0,0.0,2.524361599385338e+18,0.0,3.493079172211802e+18,1.942628276509868e+18,2.561381056380928e+18,1.5949213306821018e+18,0.0,0.0,1.75083015535539e+18,1.630713457823187e+18,2.0137842710130196e+18,1.277042898365317e+18,2.2538333604408197e+18,8.577064808396882e+17,0.0,2.1675167498580787e+17,1.3525041680859791e+18,7.619874652914975e+17,1.0851779818794516e+18,6.814682359246356e+17,1.3284347590423347e+18,2.6747302254844314e+17,0.0,1.2404782955862426e+17,1.5524462344284406e+18,4.76943233318912e+17,2.9958514268291727e+18,1.3367672704744817e+18,1.504642904826577e+18,1.1774701632812483e+18,0.0,5.209364974324941e+16,8.85226088651817e+17,3.547476341764915e+17,1.383195523346858e+18,1.4248162990657372e+18,1.853082400276349e+18,6.316261368869683e+17,0.0,2.323252092212347e+17,5.414799273046835e+17,7.8325339456222e+17,1.0613681262994391e+18,4.5775768312715674e+17,5.997233259707105e+17,4.512634950071091e+16,3.26569144021418e+17,2.967449941972091e+17,6.865839199312937e+17,1.791399591799685e+17,1.668783773057024e+18,6.350888426002186e+17,1.5130889408342917e+18,1.7572761797121802e+18,0.0,1.7483272545737114e+17,2.508584054203351e+17,2.5333782132083917e+17,1.1614009382802555e+18,1.055304560190423e+17,7.586740182817178e+17,8.225626532421304e+17,0.0,0.0,2.6195313057962394e+17,1.8922254952615117e+17,1.4302669905214833e+18,4.361448665278054e+16,2.6093563564733235e+17,2.3653053195983258e+17
64,0.0,3594753409024000.0,1.8745183758922547e+17,3.523357179820114e+17,9.272141012543734e+17,8.189484726222848e+16,2.8059251555015066e+17,2.4149597801047654e+17,0.0,4.080200462840627e+16,2.376351803684946e+17,5.890254729694413e+16,1.0471229910889267e+17,8.85220676993024e+16,4.721405149891789e+16,1.0838686696892006e+17,0.0,0.0,0.0,0.0,0.0,0.0,0.0,0.0,0.0,0.0,1.0401312997271142e+17,4.703721910540698e+16,2.066133875037307e+17,2.731981452345344e+16,5.205440233209856e+16,2.0768984374706176e+17,0.0,0.0,0.0,3.1714869589835776e+16,5.37122167586816e+16,2.138059201262387e+16,0.0,2.301448347136819e+16,0.0,0.0,0.0,0.0,0.0,0.0,0.0,0.0,0.0,0.0,0.0,0.0,0.0,0.0,0.0,0.0,0.0,0.0,0.0,0.0,0.0,0.0,0.0,0.0,0.0,0.0,0.0,0.0,0.0,0.0,0.0,0.0
83,0.0,6.253551839870976e+16,3.939253637779292e+17,5.291196642618245e+17,1.1585050995306004e+18,1.442441058142126e+17,3.728290685355295e+17,3.643952302349353e+17,0.0,2.77209000443904e+16,1.82337046935765e+17,2.749804364032901e+17,3.2770617648349184e+17,8.949643257000755e+16,2.357822369877197e+16,2.4276010714477363e+17,0.0,0.0,0.0,0.0,0.0,0.0,0.0,0.0,0.0,0.0,7.114301081701581e+16,2.3515003927658496e+16,3.319663030047867e+17,0.0,1.1748514530014003e+17,1.6754275720678605e+17,0.0,0.0,5.716750076844442e+16,0.0,1.3198759200135578e+17,8.111247601958912e+16,1.1637032640892109e+17,1.2096745324412928e+17,0.0,0.0,0.0,0.0,0.0,0.0,0.0,0.0,0.0,0.0,0.0,0.0,0.0,0.0,0.0,0.0,0.0,0.0,0.0,0.0,0.0,0.0,0.0,0.0,0.0,0.0,0.0,0.0,0.0,0.0,0.0,0.0
94,2.0595648084574208e+17,8.945353100068127e+17,1.3658430308372972e+18,6.018036019704627e+17,1.6394141682116854e+18,1.7354062062409482e+18,1.7282050922737828e+18,9.292801523224412e+17,0.0,5.877826984125399e+17,1.4469274779003126e+18,8.173181202165924e+17,1.2538842972663316e+18,4.605201030127288e+17,7.763098411938611e+17,7.679675715960177e+17,2.328048153342771e+16,3.5564645057246e+17,1.0320966528668795e+18,2.1720513763291955e+17,5.0063636886768845e+17,4.823919319098327e+17,6.540414681255772e+17,3.4851312836909466e+17,0.0,0.0,9.614364006689014e+17,8.929746219706614e+17,1.6901545682492457e+18,2.2080730952420557e+17,1.519145050880082e+18,1.0282111849327493e+18,0.0,9.508739765764096e+16,5.192656348952658e+17,4.8617253392246374e+17,8.233230342522143e+17,2.205418633654436e+17,8.886617188912333e+17,5.3275348147214746e+17,0.0,1.831347082619781e+17,2.0526071332365926e+17,3.656086443954012e+17,3.8523726341341184e+17,1.3862041307578368e+17,3.2954988568458035e+17,1.6946241860953702e+17,8.692313727434752e+16,3.277094406586368e+17,2.689864831242076e+17,2.0615717607754957e+17,9.738090675773112e+17,5.18884241799381e+17,8.65805002453549e+17,8.48641282346582e+17,0.0,7.015182685437952e+16,2.9543441069663846e+17,0.0,9.205961407667896e+17,6.663964741284659e+16,2.7499339002465485e+17,2.9449456877305856e+17,0.0,1.6213649718771712e+16,1.490697420894372e+17,9.873074969536102e+16,3.4591189001620685e+17,9.36534712862638e+16,2.7736314682015744e+17,9.316283140223795e+16
0,0.0,0.0,3.8731087362392064e+17,1.7118433971798016e+17,6.353018042586235e+17,3.153247736116019e+16,3.311176861865738e+17,4.4521527911120896e+17,0.0,953925121343488.0,3.060830090129572e+17,7.585102941283942e+16,3.380227222882222e+17,7.847908554152346e+16,1.1528619935399936e+17,2.902013881834537e+17,0.0,0.0,0.0,0.0,0.0,0.0,0.0,0.0,0.0,0.0,1.0234483582592614e+17,1.3484679038500864e+16,3.2542908790236774e+17,1.0412241112059085e+17,2.2156745001612083e+17,3.201807065861325e+17,0.0,0.0,0.0,1.0874400208951706e+17,7.563754376842445e+16,4.123036319167283e+16,0.0,3.247791992209408e+16,0.0,0.0,0.0,0.0,0.0,0.0,0.0,0.0,0.0,0.0,0.0,0.0,0.0,0.0,0.0,0.0,0.0,0.0,0.0,0.0,0.0,0.0,0.0,0.0,0.0,0.0,0.0,0.0,0.0,0.0,0.0,0.0
99,0.0,0.0,2.2479135898368737e+18,5.931122374308004e+17,1.7985536329252864e+18,1.4467992473567232e+18,1.790385773359399e+18,4.7789087490310144e+17,0.0,3.0538574684225536e+17,8.401564198345114e+17,1.2902828050701353e+18,9.730487552867041e+17,1.6552542824772403e+18,1.1583804423998013e+18,3.037189215742853e+17,0.0,0.0,5.705904597227274e+17,3.183764423646904e+17,5.286191115932795e+17,3.362736398065992e+17,1.4660606294910566e+17,3.602399696351396e+17,0.0,5.4976103656823194e+17,2.913523019798282e+17,3.163149267820872e+17,1.212026989108527e+18,8.548658238298522e+16,1.0100803069101998e+18,9.344922497549599e+17,0.0,9.333691501667942e+16,3.470407792202875e+17,1.9099197297288806e+17,7.531887609291735e+17,1.4484613997002752e+17,3.8334242692163174e+17,1.6701091999645696e+17,0.0,4.014264382610473e+17,1.9595253994068378e+17,1.8762581812445184e+17,5.199587395376251e+17,7.90697122642002e+16,2.278216954932101e+17,8.62150346061906e+16,0.0,0.0,1.3771055861386445e+17,7.600628389065523e+16,4.9169703009622426e+17,5.380667597442253e+16,4.86367044401365e+17,3.470389237944156e+17,0.0,4127261707993088.0,2.371693653954396e+17,0.0,3.6842545574680986e+17,2.3816167034454016e+16,2.460336624983081e+17,2.6066008772549018e+17,0.0,5605505162543104.0,8.041572065502822e+16,7.049203980383027e+16,1.4699529006533837e+17,3.050350412877005e+16,9796294268682240.0,3.229759572017152e+16
96,0.0,0.0,2.882932544729252e+17,2.1594136927587533e+17,2.366726610175918e+17,4.975803793775002e+16,4.726741217260339e+16,1.3555038763247206e+17,0.0,0.0,0.0,0.0,0.0,0.0,0.0,0.0,0.0,0.0,0.0,0.0,0.0,0.0,0.0,0.0,0.0,0.0,0.0,0.0,0.0,0.0,0.0,0.0,0.0,0.0,0.0,0.0,0.0,0.0,0.0,0.0,0.0,0.0,0.0,0.0,0.0,0.0,0.0,0.0,0.0,0.0,0.0,0.0,0.0,0.0,0.0,0.0,0.0,0.0,0.0,0.0,0.0,0.0,0.0,0.0,0.0,0.0,0.0,0.0,0.0,0.0,0.0,0.0
67,0.0,1.2005984934507315e+17,2.4966654512374743e+18,1.655649007151612e+18,2.6646746762523443e+18,1.3760467736209654e+18,2.1068825318769295e+18,2.5890879247671624e+18,0.0,0.0,5.113341016098734e+17,5.893368580984013e+17,2.447953512714207e+18,1.3098076576782746e+18,1.3474763762900664e+18,1.451701557388116e+18,0.0,3.212968483272786e+17,1.0772523584690586e+18,4.3615056165443994e+17,4.819212034941911e+17,5.991875202106e+17,6.386862384878715e+17,4.961464787759268e+17,0.0,3.0497301766497894e+17,5.787192179063521e+17,6.739126668964659e+17,1.8381480087141745e+18,1.3988436353944125e+18,1.291764809305424e+18,1.0568656261836964e+18,0.0,0.0,7.879087955137004e+17,1.1188367128652677e+18,2.2358491985011016e+18,4.926554949979996e+17,1.0450202438202819e+18,5.994893361524244e+17,0.0,9058325471690752.0,1.5191173912906957e+17,6.296598664991212e+17,9.7894852852292e+17,1.681435544120197e+17,2.5118104336361062e+17,1.5849489320168653e+17,3.0803361136010854e+17,4.027486697129247e+17,1.6955462296744755e+17,1.206953455910912e+16,1.4801108762655457e+18,7.039894638768947e+17,1.2347229706901258e+18,1.2723178845839032e+18,0.0,1.531941648240476e+17,2.2345807743995085e+17,3.307569089337098e+17,1.2064820145306993e+18,1.1146936499725926e+17,7.674655758184612e+17,5.144862983674921e+17,0.0,1.2446660604985344e+16,2.147228183345234e+17,1.6564771455657574e+17,5.428233930748723e+17,9.928113257447424e+16,1.995409679366226e+17,2.3422987259818803e+17
61,0.0,5.792960835538125e+16,2.6440146809677414e+17,2.7275840930290074e+17,8.211927304733983e+17,0.0,3.688617557046067e+17,2.0564440852201472e+17,0.0,0.0,8.411004536461722e+16,6.033735843158426e+16,1.3861615246822605e+17,7.590203644444672e+16,6.218302613775974e+16,1.570099512087675e+17,0.0,0.0,0.0,0.0,0.0,0.0,0.0,0.0,0.0,2.266123529617408e+16,2.804746573525811e+16,1.5304000341540864e+16,1.7713943213296845e+17,0.0,1.4759459691692032e+16,1.1573312506088653e+17,0.0,0.0,2966975756107776.0,0.0,2.861380227039232e+16,8222900645527552.0,0.0,1.4379842564784128e+16,0.0,0.0,0.0,0.0,0.0,0.0,0.0,0.0,0.0,0.0,0.0,0.0,0.0,0.0,0.0,0.0,0.0,0.0,0.0,0.0,0.0,0.0,0.0,0.0,0.0,0.0,0.0,0.0,0.0,0.0,0.0,0.0
43,0.0,1.0602047742777754e+17,7.178206759092224e+16,0.0,3.1658014960254976e+17,1.273717734684754e+17,1.453667243660411e+17,1.2340881573439078e+17,0.0,0.0,0.0,0.0,0.0,0.0,0.0,0.0,0.0,0.0,0.0,0.0,0.0,0.0,0.0,0.0,0.0,0.0,0.0,0.0,0.0,0.0,0.0,0.0,0.0,0.0,0.0,0.0,0.0,0.0,0.0,0.0,0.0,0.0,0.0,0.0,0.0,0.0,0.0,0.0,0.0,0.0,0.0,0.0,0.0,0.0,0.0,0.0,0.0,0.0,0.0,0.0,0.0,0.0,0.0,0.0,0.0,0.0,0.0,0.0,0.0,0.0,0.0,0.0
2,0.0,9.736323210831462e+16,1.1717514658662318e+18,1.6017322554603602e+18,1.7368473911070556e+18,1.6238684481844675e+18,2.106752789504852e+18,7.124022396578693e+17,0.0,0.0,8.957346023148093e+17,1.0393264228558438e+18,1.5644726926130545e+18,9.147549852442296e+17,9.025143284506296e+17,4.191257923294331e+17,0.0,2.7759868282667008e+17,4.254960534631219e+17,4.5618462558519296e+17,5.0157899393007616e+17,2.4215190541592166e+17,2.270467803137966e+17,2.1922335994517914e+17,1.8814076752337306e+17,6.787646055514112e+16,6.266986068076134e+17,3.637659316267254e+17,1.3736402175456707e+18,4.2586129748197376e+17,1.391108158776148e+18,7.081407387470397e+17,0.0,2.8160087079203635e+17,7.13579404294357e+17,6.647739385632522e+17,8.340884213192458e+17,0.0,9.173767020011848e+17,3.349018272522568e+17,0.0,1.2229992389804032e+16,1.0732351896577638e+17,1.469591779803136e+17,2.637224853068841e+17,2.1307748508290253e+17,1.2049191446511616e+17,2.1637950747967488e+17,1.77809498570752e+17,1.006514934298706e+17,2.6556117798617088e+17,1.1131404179996672e+17,7.383935263073894e+17,1.2222358514932122e+17,4.700580571460403e+17,7.124203128802509e+17,0.0,5.543625099103437e+16,4.023042264971346e+17,2.5449976459322982e+17,3.739929015935304e+17,2.1379878189059277e+17,3.794731080645345e+17,2.177633287625769e+17,0.0,1.2331702369334067e+17,1.2562061222268109e+17,0.0,2.9286358071220634e+17,4.525344617293414e+16,1.5617561086184653e+17,6.573244724071629e+16
54,0.0,3.643078877800038e+16,1.256155441612718e+17,2.547991710584013e+16,2.725386615961682e+17,9.756047418641613e+16,1.1505746657568358e+17,1.8180390405537792e+17,0.0,0.0,0.0,0.0,0.0,0.0,0.0,0.0,0.0,0.0,0.0,0.0,0.0,0.0,0.0,0.0,0.0,0.0,0.0,0.0,0.0,0.0,0.0,0.0,0.0,0.0,0.0,0.0,0.0,0.0,0.0,0.0,0.0,0.0,0.0,0.0,0.0,0.0,0.0,0.0,0.0,0.0,0.0,0.0,0.0,0.0,0.0,0.0,0.0,0.0,0.0,0.0,0.0,0.0,0.0,0.0,0.0,0.0,0.0,0.0,0.0,0.0,0.0,0.0
30,0.0,0.0,1.2139371801083904e+16,0.0,4.687110695026688e+16,2.024985597260595e+16,2.5050894970126336e+16,4.702236281353011e+16,0.0,0.0,0.0,0.0,0.0,0.0,0.0,0.0,0.0,0.0,0.0,0.0,0.0,0.0,0.0,0.0,0.0,0.0,0.0,0.0,0.0,0.0,0.0,0.0,0.0,0.0,0.0,0.0,0.0,0.0,0.0,0.0,0.0,0.0,0.0,0.0,0.0,0.0,0.0,0.0,0.0,0.0,0.0,0.0,0.0,0.0,0.0,0.0,0.0,0.0,0.0,0.0,0.0,0.0,0.0,0.0,0.0,0.0,0.0,0.0,0.0,0.0,0.0,0.0
59,0.0,2.154424486949028e+17,1.5109733430234972e+18,1.1510017573047501e+18,3.2404149735616676e+18,1.9823974746475725e+18,1.7601487912786985e+18,4.3703123610855014e+17,0.0,0.0,1.3243595566329364e+18,1.2761028159235686e+18,1.264041173366866e+18,1.0786978039427236e+18,1.4374101052502835e+18,7.045897285061837e+16,0.0,3.287824265683927e+17,8.957505452334121e+17,5.548241845349253e+17,9.735569358171668e+17,7.07536763266007e+17,4.9828702175677645e+17,4.8835018542075085e+17,4.521731948502057e+17,2.8915743625261875e+17,2.01964563006174e+18,1.0930089785703793e+18,2.4874372501455503e+18,1.462721687555408e+18,1.5715216616587264e+18,7.787620270017085e+17,0.0,7.561911148677693e+17,1.373638018522415e+18,8.705682242640282e+17,1.6575820860321956e+18,3.6313890076124774e+17,1.6541744246198108e+18,1.8966341932915098e+17,0.0,1.0043236419842867e+17,3.773486454412411e+17,4.131021178766623e+17,8.670552846132838e+17,1.6563836870773965e+17,3.942819491427123e+17,4.119634705068851e+17,5.143344626836439e+17,3.101135094027387e+17,7.472023324327936e+17,0.0,1.5117882185786327e+18,3.282812210648187e+17,1.4688113327058452e+18,9.475260667490468e+17,0.0,1.3093169147150336e+17,4.0635173495740826e+17,3.029501224283013e+17,8.069950804213105e+17,2.864828054985769e+17,1.0491461612035113e+18,5.788466238162207e+17,0.0,3.5324564116340736e+16,4.1691103231370854e+17,9.263210229347123e+16,5.775586146637578e+17,1.891875025930158e+17,5.120040134288343e+17,4.0783521666144666e+17
85,0.0,5.465579873978286e+17,1.6492708776378368e+18,4.90758184605057e+17,1.5411531504995533e+18,6.719600716844892e+17,1.1949433271919575e+18,1.1687990022677463e+18,0.0,0.0,7.436655471236219e+17,8.59268337106944e+17,8.948022164544553e+17,4.802414589645947e+17,1.0015052844446515e+18,5.2021272672364134e+17,0.0,1.0101093924287283e+17,1.9528814285973094e+17,3.2208963057064346e+17,1.2225981749343027e+17,3.618672124845097e+17,3.085133763869409e+17,3.156471452669051e+17,8.25422878122967e+16,0.0,2.794524766109696e+17,0.0,9.280758434926428e+17,3.360634612870021e+17,6.227551396351181e+17,8.338602039370056e+17,0.0,0.0,3.9975380619729306e+17,3.6912134352797696e+17,1.0269743717904548e+18,1.0307914638452326e+17,3.749780296522793e+17,2.9541499744446054e+17,0.0,0.0,1.2284330598046106e+17,2.2733138202669875e+17,2.2015796200865792e+17,1.4502422649398886e+17,1.1899309972783104e+17,2.0924730196780646e+17,0.0,8.400274849162854e+16,9.608885518204928e+16,9.907968142842266e+16,2.8624115345863475e+17,3.3105957957402624e+16,5.783744265217638e+16,2.943652387178414e+17,0.0,7.921825800309965e+16,0.0,0.0,4.21770083434496e+17,0.0,0.0,1.8668232118370304e+16,0.0,3.621299098642022e+16,0.0,0.0,9.693227508983398e+16,0.0,5.970546136816026e+16,6.421299089060659e+16
74,0.0,1.006420445018194e+17,8.459704998832374e+17,4.62662467059712e+17,6.919631431312343e+17,4.917330391020339e+17,8.598210478583316e+17,1.1629042455533322e+18,0.0,2.0335996695687987e+17,5.2605773053689856e+17,3.848034029970391e+17,7.291295910875628e+17,2.963381061754552e+17,6.352272436263649e+17,3.6308691447709696e+17,0.0,0.0,2.472684655959081e+17,3.763106377451438e+17,3.955822590815109e+17,2.0947206619634074e+17,8.065234758323405e+16,1.6961918491584102e+17,0.0,1.4086318486821274e+17,3.064499022992507e+17,0.0,7.169789568084869e+17,4.5913561171492864e+17,3.138743889255465e+17,6.471567386293043e+17,0.0,6.160762507414733e+16,2.894070253921239e+17,1.150764589210665e+17,5.2060731395905946e+17,1.3158095308770509e+17,2.6125102368581222e+17,2.4588158629629133e+17,0.0,1.3301525526872064e+16,4.875922181822874e+16,8.04730842382336e+16,7.365027099049984e+16,3.4609817133776896e+16,4765487405727744.0,7.417941096136704e+16,0.0,0.0,1.9146732277334016e+16,0.0,4.264575248420045e+16,7.859112405840691e+16,0.0,8.74858037599273e+16,0.0,0.0,7.142836844416205e+16,5.250245332041728e+16,6.273863599207219e+16,6.397946492878848e+16,0.0,3.675316902323814e+16,0.0,0.0,0.0,1.152250068074496e+16,5022289405935616.0,6660399059435520.0,0.0,6840253499310080.0
90,0.0,3.69161029025792e+17,1.345603083354243e+18,1.405852609704624e+18,1.500919821015974e+18,9.424058472569242e+17,1.9901693725885071e+18,5.575671911683195e+17,0.0,9.29161456606249e+16,8.753736398332232e+17,1.48089798915208e+18,1.725293035727618e+18,1.630444833388626e+17,1.0883197676363448e+18,1.4804680113861427e+17,0.0,0.0,3.549786346975396e+17,2.7210062647158374e+17,3.059188381830349e+17,4.043987961480479e+17,2.6036717095590298e+17,3.0808621611954995e+17,3.4173975878487245e+17,1.9940248960106496e+16,4.4856806802142e+17,0.0,7.697078923443569e+17,2.2727985959901594e+17,7.33186307957719e+17,8.786492224113213e+17,0.0,1.8969214407042662e+17,4.758668114353193e+17,4.410638324423721e+17,8.568593071304868e+17,0.0,6.465390879724012e+17,3.431851011793224e+17,0.0,1.1710973079873126e+17,3.4013471232648806e+17,1.1844271684871782e+17,2.5103690426115686e+17,2.8157724847190835e+17,6.109574657684275e+16,2.701383933529948e+17,0.0,0.0,5.664766369674035e+16,0.0,4.37667441024172e+17,2.475575168949289e+17,1.511014505990062e+17,5.143987841138688e+17,0.0,0.0,1.681188669400023e+17,5.737381381747507e+16,2.841885370482688e+17,1.2323500699785626e+17,0.0,2.336370983918633e+17,0.0,0.0,0.0,4.900833421636403e+16,7.476648145112269e+16,4.53493828574249e+16,0.0,4.005477480818278e+16
18,0.0,1.6974769033733734e+18,1.23103026088824e+18,9.516187926250127e+17,2.847062214823641e+18,9.117717353201664e+17,1.2923167641425674e+18,1.2034613812112916e+18,0.0,0.0,3.039986442043392e+17,9.094866752797409e+17,1.1554077752751555e+18,6.503789948934554e+17,1.0994752751728067e+18,4.002940787233915e+17,0.0,3.957560162784379e+17,5.141711164874424e+17,3.113795626823844e+17,4.921416107509678e+17,3.3517230711268966e+17,3.524889624151327e+17,2.752240984879268e+17,3096450766471168.0,0.0,1.1481335437847429e+18,2.755144210972672e+17,1.423598177621115e+18,5.377093926953943e+17,9.61557003350573e+17,9.86686479042347e+17,0.0,1.1945509217999258e+17,3.3790510890378854e+17,5.248574417964892e+17,1.4175379444067205e+18,2.792202262544384e+16,7.453341934577254e+17,4.259039722770268e+17,0.0,7534538720804864.0,1.4506891133373645e+17,2.044417145999196e+17,3.751942898455675e+17,1.9508681197276365e+17,2.1971820889715507e+17,3.628555016391885e+17,1.8038682254573568e+17,6.668743751394918e+16,7.539077212746547e+16,0.0,5.581531965061857e+17,9.788972637932749e+16,3.889917863846216e+17,5.583692849007821e+17,0.0,7.957851126995354e+16,2.6318406820665754e+17,2.4078383807306138e+17,4.0570010251925914e+17,0.0,1.124001445398446e+17,1.591070463004508e+17,0.0,5.240360035313254e+16,7.376497238710682e+16,1921846601580544.0,2.5287557976057446e+17,2.342147457233715e+16,1.5363522360560845e+17,1.118334236051374e+17
52,0.0,1.3890264396673843e+17,4.174693093427118e+17,4.625932321869005e+17,9.508832193460306e+17,1.6568131838069965e+17,5.366007757369508e+17,2.634241912382423e+17,0.0,0.0,1.599058243181609e+17,6.780030649001574e+16,2.7493892983934157e+17,1.345493080651858e+17,1.5358603764013466e+17,8.245159528287437e+16,0.0,0.0,0.0,0.0,0.0,0.0,0.0,0.0,0.0,3.260770524384461e+16,3.36051126140928e+17,8.942063498716774e+16,3.98083991632085e+17,1.4455437425167565e+17,2.1423676547556966e+17,1.7635831502077952e+17,0.0,2.840120138924032e+16,3.452348184867635e+16,8448498634588160.0,1.74119468828459e+17,6851271701037056.0,6.325508433457971e+16,1.977891710356685e+16,0.0,0.0,0.0,0.0,0.0,0.0,0.0,0.0,0.0,0.0,0.0,0.0,0.0,0.0,0.0,0.0,0.0,0.0,0.0,0.0,0.0,0.0,0.0,0.0,0.0,0.0,0.0,0.0,0.0,0.0,0.0,0.0
44,0.0,2.5774938838899098e+17,4.6256426692745626e+17,2.3118383025225728e+17,7.897563873652244e+17,4.65704334697431e+16,4.675870765613056e+17,1.993968631939072e+17,0.0,8.032368809580954e+16,1.618449848724357e+17,2.2360402042866893e+17,2.2470275896233165e+17,1.3843692348296397e+17,5.157098658306458e+16,1.4977659062714368e+17,0.0,0.0,0.0,0.0,0.0,0.0,0.0,0.0,0.0,3.076945494618931e+16,1.7964192059778662e+17,4.620452802592768e+16,2.6721120134207898e+17,0.0,1.10941573646123e+17,3.363350406590628e+17,0.0,0.0,0.0,0.0,4.567003652580966e+16,1.2560231351451648e+16,0.0,1.803023190641869e+16,0.0,0.0,0.0,0.0,0.0,0.0,0.0,0.0,0.0,0.0,0.0,0.0,0.0,0.0,0.0,0.0,0.0,0.0,0.0,0.0,0.0,0.0,0.0,0.0,0.0,0.0,0.0,0.0,0.0,0.0,0.0,0.0
17,0.0,8.268552840759214e+17,1.4704024634701906e+18,5.986258759272366e+17,3.350206157397426e+18,2.413313948636938e+18,3.527921046428582e+18,1.7256708554107126e+18,0.0,0.0,1.9679968959806833e+18,6.201958201630392e+17,2.1653542853641503e+18,2.433812418791473e+18,2.2471028374503424e+18,1.3133155120877404e+18,0.0,6.201099208171192e+17,1.1555979907867607e+18,1.0378259330813133e+18,1.7718625758441636e+18,1.4952807007550177e+18,1.3284335220917535e+18,0.0,0.0,6.060944460978586e+17,1.1022698214137528e+18,1.2789814748040397e+18,2.7268993378030715e+18,2.0492971222006497e+18,1.8217432952277565e+18,8.098843908206756e+17,0.0,0.0,2.679888893523788e+18,7.358966041201869e+17,2.632908685814268e+18,5.710793300802273e+17,2.0089619504525476e+18,1.0452477740077548e+18,0.0,2.227765391445197e+16,8.909612100217733e+17,1.6920986422461071e+18,1.562388293444698e+18,5.806451499613553e+17,5.093575920199926e+17,5.079680498406523e+17,3.043832671156306e+17,1.8516488776318976e+17,1.0097809648695378e+18,1.9286430383603712e+17,1.898424198221529e+18,3.826717935481651e+17,1.3284927582807e+18,1.4212560804149985e+18,0.0,6.909044508726395e+17,3.7593305858021786e+17,6.884423694601421e+16,1.0685302076038185e+18,3.998547894683566e+17,1.3724861426533663e+18,8.594383490923889e+17,0.0,2.8509537644314624e+17,4.350969546371236e+17,4.197882480851681e+17,8.06431374553645e+17,0.0,9.991622251658609e+17,4.094529762230272e+17
36,0.0,0.0,2.290287118703919e+18,2.12160815366878e+18,2.4370054005585347e+18,1.4569838861258588e+18,1.5700142312170455e+18,1.5648160151188275e+18,0.0,1.02693741789184e+17,8.666271622732186e+17,8.665693691932836e+17,1.4582979399600046e+18,1.1877376777393275e+18,2.038143401370583e+18,6.960793023487672e+17,0.0,3.142598364705587e+17,9.64584852215038e+17,7.272011164119204e+17,1.1384827866303693e+18,6.12126023290454e+17,6.79426099234472e+17,2.18802813927424e+17,1.4098821995613389e+17,0.0,1.63597956876442e+18,5.913799568612393e+17,2.572087550856397e+18,6.044759649817723e+17,2.702792270486176e+18,1.0146454791887258e+18,0.0,8.631314883910042e+16,7.308585731222405e+17,4.938801104331735e+17,1.5413993036652216e+18,3.1349660360219034e+17,1.5321573586779505e+18,6.40049564186837e+17,0.0,5.475826463355699e+16,4.853028545846313e+17,4.163226905136333e+17,5.525750647808328e+17,2.4858308636573696e+17,3.848129550043054e+17,2.0105951375366554e+17,2.943505327498199e+17,4.061859148600443e+17,4.1930226394569114e+17,1.87824056634966e+17,1.6187345535164744e+18,4.8781245551529165e+17,6.568063275525734e+17,1.0326403613668147e+18,0.0,1.896995657739141e+17,1.792772091548795e+17,1.5042116213905818e+17,8.241702766808924e+17,0.0,7.033866566269665e+17,4.516942888168325e+17,0.0,2.3960638137879757e+17,1.8490569507681075e+17,1.7451048265108685e+17,7.089681899664179e+17,7.017706408221082e+16,2.555235129979044e+17,1.963434678639657e+17
49,0.0,1.060372707499049e+17,1.5787392683003085e+17,3.822379331317924e+17,6.121106988471419e+17,3.28599357882368e+16,2.065798867588219e+17,2.6522716696949555e+17,0.0,0.0,6.981425101484851e+16,1.1964173427880755e+17,1.214180812128256e+17,4.155427674023526e+16,5637015726981120.0,1.435530627561554e+17,0.0,0.0,0.0,0.0,0.0,0.0,0.0,0.0,0.0,3.747984312998298e+16,1.960416132674355e+16,0.0,1.673316166145147e+17,0.0,7.282068087740826e+16,5.271199618485453e+16,0.0,8404156855353344.0,1.974789455478784e+16,0.0,2.664891056704717e+16,5034195592151040.0,3.03688547565568e+16,1.4013333678063616e+16,0.0,0.0,0.0,0.0,0.0,0.0,0.0,0.0,0.0,0.0,0.0,0.0,0.0,0.0,0.0,0.0,0.0,0.0,0.0,0.0,0.0,0.0,0.0,0.0,0.0,0.0,0.0,0.0,0.0,0.0,0.0,0.0
86,0.0,8.442688510204314e+16,4.1317977088537395e+17,1.3732489632048742e+17,4.318230900459438e+17,5.38703832243241e+16,2.961088923608023e+17,1.6031570163715277e+17,0.0,0.0,0.0,0.0,0.0,0.0,0.0,0.0,0.0,0.0,0.0,0.0,0.0,0.0,0.0,0.0,0.0,0.0,0.0,0.0,0.0,0.0,0.0,0.0,0.0,0.0,0.0,0.0,0.0,0.0,0.0,0.0,0.0,0.0,0.0,0.0,0.0,0.0,0.0,0.0,0.0,0.0,0.0,0.0,0.0,0.0,0.0,0.0,0.0,0.0,0.0,0.0,0.0,0.0,0.0,0.0,0.0,0.0,0.0,0.0,0.0,0.0,0.0,0.0
37,0.0,1.0821214769931878e+17,1.7128494503192166e+17,1.036929573406638e+17,4.054719538564956e+17,9.287807507051315e+16,2.2110861006995456e+17,1.3485404458477158e+17,0.0,0.0,0.0,0.0,0.0,0.0,0.0,0.0,0.0,0.0,0.0,0.0,0.0,0.0,0.0,0.0,0.0,0.0,0.0,0.0,0.0,0.0,0.0,0.0,0.0,0.0,0.0,0.0,0.0,0.0,0.0,0.0,0.0,0.0,0.0,0.0,0.0,0.0,0.0,0.0,0.0,0.0,0.0,0.0,0.0,0.0,0.0,0.0,0.0,0.0,0.0,0.0,0.0,0.0,0.0,0.0,0.0,0.0,0.0,0.0,0.0,0.0,0.0,0.0
56,0.0,0.0,0.0,2.042405125619712e+16,2.8089723918483456e+16,2.992414095782707e+16,0.0,3.964691612382003e+16,0.0,0.0,0.0,0.0,0.0,0.0,0.0,0.0,0.0,0.0,0.0,0.0,0.0,0.0,0.0,0.0,0.0,0.0,0.0,0.0,0.0,0.0,0.0,0.0,0.0,0.0,0.0,0.0,0.0,0.0,0.0,0.0,0.0,0.0,0.0,0.0,0.0,0.0,0.0,0.0,0.0,0.0,0.0,0.0,0.0,0.0,0.0,0.0,0.0,0.0,0.0,0.0,0.0,0.0,0.0,0.0,0.0,0.0,0.0,0.0,0.0,0.0,0.0,0.0
63,0.0,6.059182493595075e+17,3.480307245143556e+18,2.2717789020346122e+18,4.1281766047466127e+18,2.375326921408905e+18,2.8757069666283684e+18,1.0752088473893601e+18,0.0,6.619250352162079e+17,1.6192465136181576e+18,1.998492538171818e+18,1.8622055980078203e+18,1.2800433281585644e+18,2.2884612422070436e+18,7.196495331134013e+17,0.0,1.3051153200080486e+17,1.78703020131038e+18,8.504161689917194e+17,1.7034820235674255e+18,8.033387919420948e+17,1.0753217534896374e+18,1.376519838498816e+17,4.003875028520141e+17,1.0298471895154033e+18,1.2154455081982362e+18,6.742739939051438e+17,2.518662280862761e+18,1.1007140124604498e+18,1.95254161078485e+18,1.547398101667414e+18,1.3435651557320294e+17,6.030383535284552e+17,7.387530666096722e+17,6.718988426307174e+17,1.0041684390460785e+18,4.951200503116595e+17,1.9065282861130056e+18,4.94361937044308e+17,0.0,2.8030365322969088e+17,1.1774704381591552e+18,5.3526184545222656e+17,8.080109604458988e+17,6.570691108316119e+17,1.0587507388695183e+18,3.104955209739141e+17,1.1688365231020442e+17,9510342862307328.0,4.4065412692207206e+17,0.0,1.368190213284692e+18,8.277545471484887e+17,1.2171399930555924e+18,9.613357266354831e+17,0.0,1.58674577453482e+17,3.086004096042271e+17,6.72485157206229e+17,1.1964761838400307e+18,2.5105423874916352e+17,9.339178923684004e+17,6.825443142108447e+17,0.0,0.0,4.3773334300236186e+17,5.523457135272264e+17,9.978865855192105e+17,1.534688537524306e+17,3.937869627517829e+17,4.073149415030784e+17
35,0.0,3.516303812727931e+17,1.279833871193473e+18,0.0,1.737443876165124e+18,7.372738798729298e+17,1.3535052734230692e+18,6.636074941651354e+17,0.0,0.0,6.115742746117407e+17,8.467407077784945e+17,7.358535857277501e+17,3.694117520366633e+17,6.533400484265329e+17,2.4945657963452826e+17,0.0,3.4061674509605274e+17,2.6169969314942157e+17,2.3034754858011853e+17,6.755632657779917e+16,3.0201601858102886e+17,4.419109030723584e+16,2.6701438876070707e+17,1.2155640063459328e+16,1.5154752590236877e+17,2.2291404252250112e+17,8.768521050154598e+16,1.1881663498352067e+18,4.170001958347735e+17,9.173363636683407e+17,1.0532775074254029e+18,0.0,9.866574107036877e+16,2.1554192013747814e+17,4.1299756119280845e+17,9.787890306174157e+17,0.0,5.21660474299777e+17,4.466943971284746e+17,0.0,0.0,1.3245671409922867e+17,1.5276011542911386e+17,3.160894925386547e+17,1.531860387459236e+17,3.320866565783552e+16,2.70522157270827e+17,1.1712989996515328e+17,0.0,8.704477074817024e+16,0.0,3.3151258265963725e+17,1.7535102493078323e+17,7.679225431588864e+16,1.975512126676009e+17,0.0,8.042887184488858e+16,0.0,0.0,4.0044842266814054e+17,0.0,9.896231715209216e+16,1.4763795461177344e+16,0.0,2.5374348957188096e+16,5.02230969965609e+16,0.0,1.0166215077422694e+17,4.927956569607373e+16,1.0697913989804851e+17,7.527762550901965e+16
97,0.0,1.411823919916122e+18,2.388802261041021e+18,0.0,3.006359459455828e+18,1.6484613622018867e+18,3.2121118949952717e+18,1.587122357267333e+18,0.0,1.6562474077650944e+16,9.998422731076403e+17,4.88657945597313e+17,2.2510249328655729e+18,1.8724617050327613e+18,1.3951429541332255e+18,1.1111398565929288e+18,0.0,3.802539674786857e+17,1.6798704236777964e+18,9.751159745858765e+17,1.0663816244441907e+18,1.081742695237419e+18,7.372999932740895e+17,0.0,0.0,0.0,1.884067050263937e+18,6.704359424099615e+17,1.7379710919906427e+18,1.0988176984999199e+18,1.975507659910021e+18,8.959739522522808e+17,0.0,2.448578035318784e+17,2.783752988131328e+17,7.667610637429637e+17,1.4949256959381996e+18,5.0857185352299315e+17,2.1473918387790807e+18,7.674600095408456e+17,0.0,0.0,7.54290746458112e+17,1.0007848294505513e+18,9.318551398352159e+17,3.265677009124065e+17,4.1670896269236634e+17,4.045770201109627e+17,5.368732312823398e+16,1.862398837176402e+17,4.871657021599908e+17,0.0,1.306697963917017e+18,1.8170455287188685e+17,9.681808049936794e+17,1.2965732485315953e+18,0.0,2.3646485331994214e+17,2.9089906267101594e+17,1.4297005530546176e+17,9.781982492759163e+17,2.2976353610707763e+17,5.7056338424889344e+17,5.801953122666414e+17,0.0,0.0,3.066595654227722e+17,2.6501973722896794e+17,7.31469626709377e+17,0.0,3.537496899353313e+17,4.071482967719936e+17
75,0.0,2.207431598926725e+17,2.9438758629167596e+18,1.4764976061787668e+18,2.808345111874765e+18,1.3317772743907738e+18,2.534265175494623e+18,1.1095653559419535e+18,0.0,1.1646691163347354e+17,1.6281349656170988e+18,1.164824267733336e+18,1.8483988930588836e+18,1.4110352952010998e+18,2.079318874880213e+18,4.725555978085335e+17,0.0,4.919230140954706e+17,1.2925699266948628e+18,1.1659902998145925e+18,1.453772762416939e+18,9.365782981907579e+17,7.759713977709363e+17,2.438421640254587e+17,0.0,2.0297604842022502e+17,1.4777827978326835e+18,5.38437544270889e+16,1.8036669117502587e+18,1.5263721408094536e+18,2.0784027068163686e+18,1.1552560426705224e+18,0.0,7.90284908860801e+17,9.313645514907976e+17,4.656775684612424e+17,1.3826974445794755e+18,5.988145108908769e+17,1.2453761388516475e+18,7.722951119239905e+17,0.0,1.5610797371686912e+17,7.088996766481121e+17,6.5782708666001e+17,4.16771394336981e+17,7.222771597453558e+17,8.599213095748895e+17,9.941663192071537e+17,5.29306168921686e+17,0.0,3.03042343966081e+17,0.0,2.0573610779177124e+18,4.989248415801016e+17,1.515004152650924e+18,1.345870676996653e+18,0.0,0.0,2.598137386500096e+17,3.0669732677523866e+17,1.2136763939891446e+18,2.926555324963881e+17,6.981485145127649e+17,9.481993801821061e+17,0.0,0.0,2.146122143367168e+17,4.7482437133297254e+17,9.161565876917371e+17,7.787746370256896e+16,4.1945086981413274e+17,2.6593788097776845e+17
57,0.0,1.6219689731280077e+17,8.081297764211753e+17,7.837890628833772e+17,8.959505876301906e+17,5.2827523933169254e+17,1.245921084302164e+18,6.162584690239734e+17,0.0,4.706301467898675e+17,1.2075886729840558e+18,7.920118293111767e+17,1.3693638045083894e+18,2.982140448111329e+17,9.153510579854377e+17,0.0,0.0,2.9503734956005786e+17,7.495717112711741e+17,2.1944561591281254e+17,2.8086775423434752e+17,1.946992513038418e+17,4.24809614610006e+17,7.920495219441664e+16,2.046126714781696e+17,1.722987291124695e+17,5.955186560671416e+17,4.545859013186683e+17,1.1994010222088684e+18,0.0,8.540174131700695e+17,6.590164833633567e+17,0.0,721560142872576.0,7.562621708067144e+17,1.6032475542821274e+17,5.4071765650898944e+17,2.1874304516253286e+17,5.0307364254908416e+17,1.3145033454229914e+17,0.0,2.094236705048494e+17,3.87540499755434e+17,2.2873253779760742e+17,1.9559610919472333e+17,6.493807156448461e+16,1.696613099550802e+17,1.2506935317023949e+17,0.0,6.818115842002125e+16,1.2855605057080525e+17,1.3955912112799744e+17,5.337695332954276e+17,5.484820554370253e+16,5.5670747615461376e+17,6.07370841658753e+17,0.0,4.149272985888358e+16,4.3250722679658906e+17,9.436875513973965e+16,4.18596755437781e+17,1.2363086554359398e+17,1.894976164116562e+17,3.315498973355049e+17,0.0,0.0,5.18958707942359e+16,9.319647817603482e+16,1.2080050786533376e+17,6.174489652389478e+16,3.848588338449613e+16,9.264601798751027e+16
88,0.0,7.793892468457472e+16,6.88174019903488e+17,8.877133213927997e+17,1.018943263983272e+18,1.450489998653522e+17,1.3746014655862538e+18,4.945732494352712e+17,0.0,0.0,5.759730501770281e+17,5.0738345325205914e+17,6.785094501342904e+17,1.594367967095685e+17,4.928871483540767e+17,3.3806367909635686e+17,0.0,0.0,0.0,0.0,0.0,0.0,0.0,0.0,0.0,5.895702895709389e+16,1.9436589312219546e+17,2.927557942129459e+17,4.1909985072696525e+17,1.721458282767319e+17,6.389753413264998e+17,3.5926837931330765e+17,0.0,1.0099388822270771e+17,2.4217499516010496e+17,1.0725723044052992e+17,3.307608259438838e+17,5.459389623513907e+16,2.8936510651131494e+17,1.19498454169813e+17,0.0,0.0,0.0,0.0,0.0,0.0,0.0,0.0,0.0,0.0,0.0,0.0,0.0,0.0,0.0,0.0,0.0,0.0,0.0,0.0,0.0,0.0,0.0,0.0,0.0,0.0,0.0,0.0,0.0,0.0,0.0,0.0
10,0.0,1.035226618873774e+17,2.007999259302953e+17,2.7853821551260467e+17,6.609100485448172e+17,1.722377405768663e+17,4.4047665887340134e+17,4.470385786277069e+17,0.0,7.892519520462438e+16,4.31385209540182e+17,3.1970935969520026e+17,4.0957436917868134e+17,8.648340993264845e+16,6.062626026574316e+17,4.3021491685136794e+17,0.0,0.0,0.0,0.0,0.0,0.0,0.0,0.0,0.0,0.0,1.3952076707004416e+17,1.485146089764946e+17,4.284746648225055e+17,9.42972954738688e+16,2.0488468034695987e+17,1.7613922014907597e+17,0.0,0.0,1.8887809314901197e+17,1.630897694740316e+17,1.3320287017762816e+17,5.679002038776627e+16,1.2069227468947456e+17,1.3277234265587712e+17,0.0,0.0,0.0,0.0,0.0,0.0,0.0,0.0,0.0,0.0,0.0,0.0,0.0,0.0,0.0,0.0,0.0,0.0,0.0,0.0,0.0,0.0,0.0,0.0,0.0,0.0,0.0,0.0,0.0,0.0,0.0,0.0
53,0.0,0.0,1.238454356672512e+16,0.0,6.00802616892457e+16,1.5769754111311872e+16,3.892637523037389e+16,5.422628139433984e+16,0.0,0.0,0.0,0.0,0.0,0.0,0.0,0.0,0.0,0.0,0.0,0.0,0.0,0.0,0.0,0.0,0.0,0.0,0.0,0.0,0.0,0.0,0.0,0.0,0.0,0.0,0.0,0.0,0.0,0.0,0.0,0.0,0.0,0.0,0.0,0.0,0.0,0.0,0.0,0.0,0.0,0.0,0.0,0.0,0.0,0.0,0.0,0.0,0.0,0.0,0.0,0.0,0.0,0.0,0.0,0.0,0.0,0.0,0.0,0.0,0.0,0.0,0.0,0.0
8,0.0,6.817041670681395e+16,1.513560768761561e+18,6.552332700106097e+17,1.661264487912571e+18,1.2957384443282063e+18,1.6005964599488676e+18,4.816709958793953e+17,0.0,1.552025087115264e+17,9.96812981134164e+17,8.60915268086399e+17,6.90930358115369e+17,4.510325202558648e+17,7.217091932701327e+17,2.1053604985464422e+17,0.0,9.804399301466522e+16,2.1876192583876608e+17,2.651139344517038e+17,1.3254171150201651e+17,1.1982370345320448e+17,1994460942565376.0,2.1406307699811942e+17,4.570498467469722e+16,4.5274717427964314e+17,4.1881830703077786e+17,2.63628545782186e+17,8.603881209803571e+17,5.548196834091991e+17,7.800112783692923e+17,7.240022247698596e+17,0.0,8.120297098051584e+16,3.472065305981747e+17,3.77920150969516e+17,1.0385630869082604e+18,0.0,2.874461666630697e+17,3.679530780637266e+17,0.0,0.0,2.0416633847676928e+17,1.1990533360163226e+17,3.754094505272279e+17,1.4752638854129254e+17,9.929951503450112e+16,1.9733036544924058e+17,0.0,2.9281708339625984e+16,2.532236439102423e+17,6.675307749913395e+16,4.410086507025531e+17,1.5950369297268736e+16,1.6281745136759603e+17,4.901087855499018e+17,0.0,6.144362174794957e+16,3.488550678953984e+16,0.0,3.669866760623882e+17,0.0,1.342553003739054e+17,1.2526244630993306e+17,0.0,0.0,0.0,2.2715141430706176e+16,1.2194247953979802e+17,5.966777303013786e+16,8903300237754368.0,3.2674109733208064e+16
39,0.0,4.8115535928570675e+17,1.5388829338661028e+18,7.369318630372147e+17,2.8257726460529213e+18,1.806806567203373e+18,2.905748647956185e+18,1.1123498691392963e+18,0.0,5.317451949497385e+17,1.4122439333579325e+18,7.250751419601388e+17,1.3560520172309053e+18,1.1377142967220306e+18,1.6528904699164754e+18,7.076091935944868e+17,0.0,4.0999482929709056e+17,5.77767865470419e+17,1.095842694913065e+18,7.557303507762545e+17,7.492423388191785e+17,6.677687333594071e+17,2.5037044559590195e+17,0.0,1.667960341927035e+17,9.640629965087048e+17,2.793260971982848e+16,1.755542112436224e+18,8.506149744379167e+17,1.1671353037359677e+18,1.8153066167198024e+18,0.0,2.014850934730916e+17,2.2053708736181043e+17,8.52481257987113e+17,9.667730865127424e+17,7.653385705745285e+17,6.653902835500974e+17,4.1303848364120474e+17,0.0,1.088293087299502e+17,3.899608340858143e+17,2.887874505898721e+17,5.50170089253503e+17,2.119673562959708e+17,5.4883352979072614e+17,1.304963621763154e+17,2.808952634998784e+16,0.0,4.574553517892567e+17,1.5288669670526157e+17,1.5152461826479882e+18,3.1072964823115366e+17,6.508324747204362e+17,9.04984999797719e+17,0.0,1.1034889392907878e+17,1.0544309638424166e+17,4.66807110500352e+16,1.2589177240593367e+18,3.0624143317663744e+16,7.969287765911142e+17,6.981694052336927e+17,0.0,9.684438287908864e+16,3.157583677400023e+17,1.604988562225234e+17,4.7952155372630835e+17,1.6874601806456422e+17,4.186586029668434e+17,3.108496667972731e+17
47,0.0,3.819000738244198e+16,1.005392831142953e+17,0.0,2.0268974590027366e+17,6.151564834950349e+16,2.9550551817519104e+16,4.415234540725862e+16,0.0,0.0,0.0,0.0,0.0,0.0,0.0,0.0,0.0,0.0,0.0,0.0,0.0,0.0,0.0,0.0,0.0,0.0,0.0,0.0,0.0,0.0,0.0,0.0,0.0,0.0,0.0,0.0,0.0,0.0,0.0,0.0,0.0,0.0,0.0,0.0,0.0,0.0,0.0,0.0,0.0,0.0,0.0,0.0,0.0,0.0,0.0,0.0,0.0,0.0,0.0,0.0,0.0,0.0,0.0,0.0,0.0,0.0,0.0,0.0,0.0,0.0,0.0,0.0
60,0.0,6.291455699352289e+17,1.7819002923720376e+18,1.428557387379245e+18,3.23797268335847e+18,2.286384951936942e+18,3.7682347058418156e+18,1.1243294606407762e+18,0.0,0.0,1.0585983877895946e+18,4.891239667287982e+17,1.7798689446397215e+18,1.1737470794706452e+18,2.086109321254404e+18,1.6093139378896896e+18,0.0,4.8335695952163635e+17,1.3076866997482947e+18,3.419668766554849e+17,1.7992478370792735e+18,1.482566223169323e+18,1.7542596695613768e+18,0.0,0.0,3.2478377765607834e+17,2.0015420336714547e+18,1.2968088188978463e+18,4.703267640439734e+18,2.437317386982916e+18,3.1219577139536855e+18,1.1418845381677548e+18,0.0,0.0,9.076790781636772e+17,1.5067596021489992e+18,2.5031924271378596e+18,1.5238001082341786e+18,1.5600824801222984e+18,1.9399254020508877e+18,0.0,0.0,7.542293799653868e+17,1.0512853297948262e+18,1.5632529219009905e+18,1.0218810903332127e+18,1.324030940095185e+18,4.483674415090893e+17,2.304325030332334e+17,0.0,4.640244870886195e+17,2.0891854799110144e+17,2.5741510593038254e+18,1.2070001593852887e+18,1.1134781055083479e+18,1.2307010945946747e+18,1.8235730200153293e+17,9.434389758701732e+17,3.813140341268152e+17,1.398905122146222e+17,2.694540435719717e+18,6.970400006335365e+17,1.0851120111817851e+18,8.685181161145631e+17,0.0,3.212937215910871e+17,3.436989854263542e+17,7.387589764846715e+17,1.740343150888616e+18,0.0,1.2705872532817838e+18,5.398649165221724e+17
89,0.0,0.0,4.90813873151017e+16,9.278495158960128e+16,7.902043180944589e+16,1.7111490083422208e+16,1.3332133611307008e+16,1.0729582501665178e+17,0.0,0.0,0.0,0.0,0.0,0.0,0.0,0.0,0.0,0.0,0.0,0.0,0.0,0.0,0.0,0.0,0.0,0.0,0.0,0.0,0.0,0.0,0.0,0.0,0.0,0.0,0.0,0.0,0.0,0.0,0.0,0.0,0.0,0.0,0.0,0.0,0.0,0.0,0.0,0.0,0.0,0.0,0.0,0.0,0.0,0.0,0.0,0.0,0.0,0.0,0.0,0.0,0.0,0.0,0.0,0.0,0.0,0.0,0.0,0.0,0.0,0.0,0.0,0.0
51,0.0,2.160702483595264e+16,2.013055466602496e+17,1.8165120937807053e+17,9.661689048732795e+17,2.6909176995250176e+16,1.0185872283743027e+17,1.4612179679654707e+17,0.0,0.0,2.5208487628138086e+17,1.415460073588654e+17,3.574778589872128e+17,1.5908663661586022e+17,6.734762982191923e+16,1.8191411291619328e+17,0.0,0.0,0.0,0.0,0.0,0.0,0.0,0.0,0.0,2.2959763440533504e+16,1.6942868593639424e+16,0.0,2.6363782291154534e+17,0.0,8.127428461749862e+16,8.029154456056627e+16,0.0,0.0,3.0774477910441984e+16,0.0,1.0119324342471885e+17,6.159272153763021e+16,4.971877334672998e+16,4.17649062313984e+16,0.0,0.0,0.0,0.0,0.0,0.0,0.0,0.0,0.0,0.0,0.0,0.0,0.0,0.0,0.0,0.0,0.0,0.0,0.0,0.0,0.0,0.0,0.0,0.0,0.0,0.0,0.0,0.0,0.0,0.0,0.0,0.0
14,0.0,2.360491520252969e+17,2.6049897491228262e+17,4.85514304414548e+17,9.550901569923318e+17,0.0,8.477932840036598e+17,6.823369188300554e+17,0.0,1.909367396934615e+17,5.071641006823178e+17,4.951179543676191e+17,5.42999830331392e+17,2.4318022366579917e+17,1.777722526143611e+17,1.947521653009285e+17,0.0,0.0,0.0,0.0,0.0,0.0,0.0,0.0,0.0,0.0,9.441695326273536e+16,2.2904120850723635e+17,4.232696454960906e+17,5.55880437252096e+16,2.5443125127492403e+17,2.231036910984233e+17,0.0,0.0,2.788858501655429e+17,1.785719755248763e+17,3.289309637173576e+17,1.3910887111642317e+17,1.81714465656406e+17,1.2057893050253312e+17,0.0,0.0,0.0,0.0,0.0,0.0,0.0,0.0,0.0,0.0,0.0,0.0,0.0,0.0,0.0,0.0,0.0,0.0,0.0,0.0,0.0,0.0,0.0,0.0,0.0,0.0,0.0,0.0,0.0,0.0,0.0,0.0
28,0.0,1.4206428965240832e+17,9.533877693951508e+17,1.6840948847906652e+18,1.6513125332916634e+18,4.714173283958784e+17,1.2197300301337723e+18,1.0730328966981222e+17,0.0,1.3720575392769638e+17,6.510231712683786e+17,5.297476915597148e+17,8.948824120838062e+17,4.5875335962558464e+17,6.641183547551908e+17,2.833806536998912e+17,0.0,3.60786916540416e+16,3.528742725211914e+17,2.2506472162616934e+17,2.911353545917727e+17,3.034517746084741e+17,1.8438978360521523e+17,2.8630976985615565e+17,5.449994640251945e+17,4.794956464835789e+16,5.151132261537546e+17,5.434905561147638e+17,7.949764562570445e+17,1.6083994534530253e+17,8.883021785889505e+17,5.349196224580813e+17,0.0,1.1371790922573414e+17,2.328836580489298e+17,1.1355643563527373e+17,1.0301641924615864e+18,1.1798776814292173e+17,4.653936539431076e+17,2.889195294241587e+17,0.0,4.468497289157018e+16,1.444270714210222e+17,1.148563332572119e+17,3.649757036549243e+17,1.3013441669234688e+17,1.6005444736647168e+17,3.1020555914182656e+17,0.0,0.0,1.0744007578825523e+17,8.786123544120525e+16,2.634091760325755e+17,5.080018168735334e+16,4.01472110943273e+16,1.974499545186304e+17,0.0,0.0,1.3179830420268646e+17,4.40976146390057e+16,1.828849645036503e+17,4.831726109353574e+16,1.5472542374428672e+17,1.8194134300884992e+17,0.0,0.0,0.0,3.246916677874483e+16,2.0986784313769984e+16,1.2086707985842176e+16,0.0,1.6151171903258624e+16
16,0.0,1.535778256626647e+17,2.061258915357655e+17,0.0,5.5837598504976384e+17,1.3846869765101978e+17,3.3987831995878605e+17,1.8680943074082816e+17,0.0,2.0135176050835456e+16,1.238985279054807e+17,16201891708928.0,1.2060951925961523e+17,8.885156900031693e+16,5.47146664205353e+16,4.299849814822093e+16,0.0,0.0,0.0,0.0,0.0,0.0,0.0,0.0,0.0,0.0,7.369964593453466e+16,2.090498880910131e+16,2.9091385453838336e+16,3.5372206041071616e+16,1.0441193271853056e+16,2.7276463271051264e+16,0.0,0.0,0.0,5025093482708992.0,2190277628395520.0,2904676987043840.0,0.0,2983112753545216.0,0.0,0.0,0.0,0.0,0.0,0.0,0.0,0.0,0.0,0.0,0.0,0.0,0.0,0.0,0.0,0.0,0.0,0.0,0.0,0.0,0.0,0.0,0.0,0.0,0.0,0.0,0.0,0.0,0.0,0.0,0.0,0.0
34,0.0,8.687641662010163e+16,1.1050657420442337e+18,1.1166714995922698e+18,3.185978427748385e+18,1.2912542235932754e+18,1.2559068489056256e+18,6.920114529233797e+17,0.0,0.0,7.154237663304745e+17,9.000785665977221e+17,7.96582361708888e+17,3.327387442830377e+17,6.280679798205317e+17,3.582151846128517e+17,0.0,7.273091606092186e+16,5.0372046462386176e+17,3.689008570868695e+17,4.846277544451768e+17,2.8358614211520102e+17,2.8106164623795814e+17,2.5535679954734285e+17,0.0,2.384642121358377e+17,7.589314414415708e+17,4.503360483591455e+17,1.071375674977026e+18,0.0,1.4053707487337513e+18,8.583133425387438e+17,0.0,1.6145989810467635e+17,3.250335729540137e+17,6.009433715606815e+17,1.742743384772051e+18,9.616265990006374e+16,4.9939426432568525e+17,4.4720824701576806e+17,0.0,1.4933135713737114e+17,2.94474159088468e+17,2.081323971772416e+17,5.312538506910761e+17,1.613775893514158e+17,1.3172109787057357e+17,2.770852108964987e+17,0.0,0.0,2.719517629051044e+17,1.0467871246463795e+17,7.861565175764091e+17,2.981126277483725e+16,1.9056192648747418e+17,1.812442869965783e+17,0.0,0.0,1.3920971694853325e+17,1.7765034855759872e+16,3.54902390438101e+17,1.718108208276439e+17,2.695969354159227e+17,3.981016181778678e+17,0.0,5.180570225082368e+16,3.2886686992039936e+16,4.636802025101722e+16,2.332343163588444e+17,2.283837907481395e+16,7.653585335825203e+16,5.516238240140493e+16
82,2.4690119435249254e+17,1.0659536739028173e+17,5.540988848177152e+17,4.5463500138479616e+17,8.029670195729531e+17,3.0151632490594304e+17,1.3740271081996943e+18,5.6235838180583014e+17,0.0,0.0,2.6183342125114982e+17,3.356405272674304e+17,4.838070377345188e+17,1.6946829412479795e+17,4.622764353991475e+17,2.4350301622789734e+17,0.0,0.0,0.0,0.0,0.0,0.0,0.0,0.0,4.245137514928538e+16,0.0,4.580102959236383e+17,2.587035926832087e+17,6.756736722073027e+17,2.5398828552788378e+17,9.138307082821304e+17,4.176981108405043e+17,0.0,2.5471705128370176e+16,1.7104774257809818e+17,9.435300119969792e+16,4.780119586211103e+17,8.761803721303654e+16,3.210716889617531e+17,1.4213803424088064e+17,0.0,0.0,0.0,0.0,0.0,0.0,0.0,0.0,0.0,0.0,0.0,0.0,0.0,0.0,0.0,0.0,0.0,0.0,0.0,0.0,0.0,0.0,0.0,0.0,0.0,0.0,0.0,0.0,0.0,0.0,0.0,0.0
46,0.0,1.4862652723429376e+16,1.484731539521536e+17,0.0,4.082494233074729e+17,1.8308251581939712e+17,2.8172753796753e+17,2.098416739019653e+17,0.0,0.0,0.0,0.0,0.0,0.0,0.0,0.0,0.0,0.0,0.0,0.0,0.0,0.0,0.0,0.0,0.0,0.0,0.0,0.0,0.0,0.0,0.0,0.0,0.0,0.0,0.0,0.0,0.0,0.0,0.0,0.0,0.0,0.0,0.0,0.0,0.0,0.0,0.0,0.0,0.0,0.0,0.0,0.0,0.0,0.0,0.0,0.0,0.0,0.0,0.0,0.0,0.0,0.0,0.0,0.0,0.0,0.0,0.0,0.0,0.0,0.0,0.0,0.0
27,0.0,0.0,3.731376533458125e+17,6.535593322767974e+17,8.561543140186522e+17,1.5272826395164672e+17,7.173691459973939e+17,5.2089981841178624e+17,0.0,0.0,3.091683760794501e+17,2.1786829776329114e+17,3.42032331957076e+17,1.0925035296391168e+17,6.228585624476058e+16,2.3973287675559936e+17,0.0,0.0,0.0,0.0,0.0,0.0,0.0,0.0,5.985177801903309e+16,1.128062336976814e+17,8.035086664885862e+16,1.7541498558375526e+17,4.918746699435868e+17,5584417409990656.0,1.9649619690101146e+17,3.25478222328234e+17,0.0,4.960244845248512e+16,1.9810304724566016e+17,4.987965852667085e+16,2.2370050257400627e+17,2.903841347469312e+16,1.4618041451020288e+17,4.43575675345961e+16,0.0,0.0,0.0,0.0,0.0,0.0,0.0,0.0,0.0,0.0,0.0,0.0,0.0,0.0,0.0,0.0,0.0,0.0,0.0,0.0,0.0,0.0,0.0,0.0,0.0,0.0,0.0,0.0,0.0,0.0,0.0,0.0
20,0.0,0.0,2.0147818029373194e+18,1.3169587438663762e+18,2.453692413655384e+18,2.3373093827332014e+18,3.32364717915059e+18,8.78901560329896e+17,0.0,1.591517139603292e+17,1.1566487115860541e+18,1.964218149393924e+18,2.569930858798514e+18,1.7938543202281718e+18,2.3284000400133325e+18,8.526921580612157e+17,0.0,0.0,1.4978110893273907e+18,2.9814318815867044e+18,1.294762902636462e+18,1.0221105446660342e+18,1.6425624823188685e+18,2.7938786312296858e+17,0.0,4.511994398648566e+17,1.7459003575333028e+18,1.315391527479935e+18,1.704257866459775e+18,1.2926460678750863e+18,1.9123996782053294e+18,2.359699837521232e+18,0.0,1.1232451360173588e+18,1.8765972431427338e+18,8.53618393528402e+16,2.3786348021410693e+18,8.37504054190932e+17,1.5911146839877878e+18,8.852765287477412e+17,0.0,4.106570788943954e+17,1.206978993786454e+18,5.5934781588976435e+17,1.3615057323436278e+18,4.8435242986163405e+17,1.3606556724164035e+18,3.258001043572654e+17,2.3213308674415e+17,0.0,5.1207108363812864e+17,3.871333368557732e+17,1.7409015653565727e+18,9.24277992891351e+17,1.5141796563690455e+18,1.207686254641021e+18,1.742064333262684e+17,2.7100551289031885e+17,4.542761139175424e+17,1.3783829953118208e+17,1.3200607410462392e+18,6.657120281401754e+17,1.229344297245999e+18,1.1116819845448991e+18,0.0,4.336062831578317e+16,2.568320692739113e+17,8.522942035714376e+17,1.2112978754603581e+18,1.1636786968762778e+17,8.947774087233536e+17,5.89664924880339e+17
9,0.0,0.0,8.100346115968205e+17,9.028055615930368e+17,9.369448478796677e+17,2.1124542383312077e+17,1.344791231456084e+18,0.0,0.0,2.3613479367317914e+17,6.549965314132541e+17,2.2452621862659686e+17,1.1380370721042596e+18,2.262578120013906e+17,7.701432989489562e+17,3.897038232428216e+17,0.0,2.454670360528814e+17,5.946619990701507e+17,1.1471667810061517e+17,3.632386814414684e+17,2.8077429574598656e+17,1.2074787733608858e+17,3.986285591254794e+17,0.0,0.0,3.095806929398661e+17,6.635967739267645e+17,9.977474285788201e+17,9.606573107812762e+16,8.409108222501192e+17,6.795514435600384e+17,0.0,1.3714662081796506e+17,4.121766383237202e+17,1.067399273995305e+17,4.6167812927494554e+17,1.5445987450630963e+17,4.345060702164091e+17,4.32566325546582e+17,0.0,1.3768692770380186e+17,1.0964250065790566e+17,3.0837968264495104e+17,2.2570692231613645e+17,4.902824568474829e+16,2.25216273842176e+16,1.4290078607291187e+17,0.0,0.0,0.0,0.0,3.153298330830766e+17,6.952528991014093e+16,1.8377838642069504e+17,3.138936303790326e+17,0.0,0.0,1.093335378905006e+17,5.811999566567834e+16,2.13011703363797e+17,0.0,4.751730625478656e+16,2.2039092103479296e+17,0.0,0.0,0.0,3961050768605184.0,6.325355103125504e+16,1.8323247460253696e+16,0.0,2.5470676483702784e+16
92,0.0,8.14581349875712e+16,4.700241440842711e+17,6.66867614860968e+17,8.988292465106616e+17,5941269599617024.0,6.737175035825357e+17,5.1017270809329664e+17,0.0,1.4720675707512422e+17,4.749710186963272e+17,1.5162871796413235e+17,4.806204812385321e+17,2.6506009274168115e+17,5.961002977182351e+17,2.5042866817256653e+17,0.0,0.0,0.0,0.0,0.0,0.0,0.0,0.0,0.0,1.928784772281139e+16,3.231836102805422e+17,9947551205687296.0,9.339246955965972e+17,1.493399986115707e+17,6.334263810190213e+17,4.559294358083338e+17,0.0,0.0,3.9619918818390835e+17,1.4239463276701286e+17,4.6639012071551795e+17,1.5380626638320435e+17,3.2272002869048115e+17,2.50767455192875e+17,0.0,0.0,0.0,0.0,0.0,0.0,0.0,0.0,0.0,0.0,0.0,0.0,0.0,0.0,0.0,0.0,0.0,0.0,0.0,0.0,0.0,0.0,0.0,0.0,0.0,0.0,0.0,0.0,0.0,0.0,0.0,0.0
3,0.0,1.3917728135551386e+17,2.6354433349941985e+18,3.4539927707949466e+17,2.233176560611885e+18,2.774559043698557e+18,1.8902167562370417e+18,4.516399660704727e+17,0.0,0.0,1.5654087893251523e+18,8.530653048198922e+17,2.7692407059550044e+18,2.2459040948981596e+18,1.6176896051532268e+18,0.0,0.0,3.466470166185902e+17,6.636793747378012e+17,9.526627101961093e+17,1.0879513625215631e+18,3.182959718574326e+17,4.930904892857385e+17,0.0,1.719950921045115e+17,1.6179652046146765e+17,1.2476004508746383e+18,5.1995406661320704e+17,1.622292985460818e+18,1.509828613980029e+18,2.0794997445429821e+18,1.531280498154799e+18,0.0,3.8776538424305254e+17,1.4078047925997404e+18,6.395546465153843e+17,1.6804227908318003e+18,5.652354944980746e+17,9.477923547213988e+17,2.944492482781512e+17,0.0,1.1030858995597312e+17,6.532338768349757e+17,4.154448679178076e+17,1.0909818914456207e+18,3.519700272865608e+17,8.067964811335434e+17,4.025551556664361e+17,5.2973765851611136e+17,0.0,7.130153548293079e+17,4.1394286631478886e+17,1.5826198571515904e+18,3.2061078743128474e+17,8.153444281252577e+17,1.487243545633882e+18,4.083798528743178e+17,0.0,4.2595290054446285e+17,3.673546688603095e+17,5.30027345470292e+17,3.842436828590244e+17,8.089003966332928e+17,8.015547656065516e+17,0.0,1.7923441839570944e+16,3.009695240295547e+17,2.8383942492658074e+17,1.0971522132617462e+18,0.0,3.8253720645297766e+17,2.3162449389682688e+17
98,0.0,1.2958413861043569e+18,1.7878361433335398e+18,3.5111921144509235e+17,4.29027567988428e+18,3.441506029555155e+18,1.689978783827755e+18,1.4454922029092045e+18,0.0,0.0,1.6463658304782991e+18,1.1205551121005281e+18,1.5185418313132933e+18,2.2875878863772058e+17,1.516550615755391e+18,7.881720254693376e+16,0.0,1.0168310162469683e+17,6.143454562305966e+17,3.759899926666936e+17,3.559841724408791e+17,4.725564911617311e+17,6.597071141045535e+17,1.2843979439603712e+17,1.9490339968935526e+17,2.6864295446000435e+17,1.3603175725908623e+18,1.3790687813299077e+18,1.6713353272282317e+18,3.1249371155870515e+17,1.89164570903629e+18,1.3350829560996823e+18,0.0,9.306670144421888e+16,3.779706082453094e+16,6.57667794912936e+17,1.299244786909184e+18,7.43742031901229e+17,5.018679249700127e+17,7.694725968560128e+17,0.0,0.0,4.049248781022003e+17,3.3970768949805056e+17,7.759141544468152e+17,3.1424736388553114e+17,4.279563481692242e+17,1.961060764315812e+17,1.9954624215646208e+17,1.1544328348788326e+17,4.2035033904513024e+17,0.0,8.771613083010335e+17,4.0624769366962995e+17,9.270851835160166e+17,6.362500643181036e+17,0.0,5.144523853057229e+16,3.319647568165601e+17,1.7576792881627136e+17,7.783758235424522e+17,0.0,6.769735698292408e+17,5.80834472119763e+17,0.0,7.291808214574694e+16,2.754284014922629e+17,7.484530269093888e+16,3.367741581154058e+17,1.0811840574311629e+17,3.5641786105856e+17,2.0880947300165222e+17
29,0.0,1.196992353009664e+17,2.936984879948104e+17,1.7347422730164634e+17,4.3810721131554406e+17,2.5727726840394547e+17,2.333819601546117e+17,1.0075050101597798e+17,0.0,0.0,0.0,0.0,0.0,0.0,0.0,0.0,0.0,0.0,0.0,0.0,0.0,0.0,0.0,0.0,0.0,0.0,0.0,0.0,0.0,0.0,0.0,0.0,0.0,0.0,0.0,0.0,0.0,0.0,0.0,0.0,0.0,0.0,0.0,0.0,0.0,0.0,0.0,0.0,0.0,0.0,0.0,0.0,0.0,0.0,0.0,0.0,0.0,0.0,0.0,0.0,0.0,0.0,0.0,0.0,0.0,0.0,0.0,0.0,0.0,0.0,0.0,0.0
80,0.0,0.0,1.4981651320715346e+18,7.004528160066765e+17,1.6805791963608515e+18,2.338944906279518e+18,2.0502394036656538e+18,8.043015518111662e+17,0.0,1.7826062475565466e+17,1.480686882919547e+18,1.376824678097617e+18,1.6315431767852974e+18,2.7531070220848333e+17,9.227085774816543e+17,5.5153915302877594e+17,0.0,2.7531778031458714e+17,8.276309208098406e+17,4.9072348126930534e+17,6.428591599931884e+17,3.4063464651974246e+17,4.32824023584342e+17,1.6568817314850406e+17,3.6242174430203085e+17,3.1674617585834394e+17,1.0180115653176852e+18,4.083956583539671e+17,9.858491322183188e+17,2.043157603889971e+16,1.8764591169944945e+18,5.3890205357388595e+17,0.0,4.118106727503626e+17,3.7710300767164826e+17,8.124369586041651e+16,1.2287946788710646e+18,3.646811719776338e+17,1.3537180289230438e+18,7.725425707597169e+17,0.0,1.414379975213056e+17,6.130569660417966e+17,2.4951024954585907e+17,3.9421931133966746e+17,2.1026737388047565e+17,6.398266382043054e+17,2.987195109222646e+17,1.204944399058862e+17,2.1171359244825395e+17,7.863191078583665e+17,1.8593935626600448e+17,7.309468776498463e+17,4.6064517246038835e+17,1.179803601833296e+18,7.881735716575642e+17,0.0,0.0,2.9469622607754035e+17,4.8711818264182784e+17,5.1888235201377075e+17,2.36346449661526e+17,5.540667928220795e+17,3.24052946020991e+17,0.0,6.639145413771264e+16,2.4226390098313216e+17,2.9452109449107866e+17,3.6275300653963674e+17,1.0801548114683494e+17,2.020897046092841e+17,1.1568700570206208e+17
73,0.0,0.0,2.218336039854932e+18,2.0856401046672507e+18,4.075918741223768e+18,2.0019249385958277e+18,3.5623951340058706e+18,6.539043040500122e+17,0.0,2.0858269872842342e+17,2.410138559055921e+18,4.3344675948252365e+17,2.0556571097725665e+18,1.4645971795144868e+18,1.0040052990083072e+18,5.7591920846700544e+17,0.0,1.1518395336255078e+17,1.3335219244661473e+18,1.7218383701931459e+18,1.6021231318440346e+18,5.767231232656015e+17,1.079695679464407e+18,0.0,1.6177386021401395e+17,0.0,2.519914899484705e+18,1.2603923065911378e+18,2.3880831804364554e+18,2.704959957660336e+18,1.4944402615545364e+18,7.288039982067876e+17,0.0,3.780723646104863e+17,1.8532764640786514e+18,2.722286508567429e+17,1.1206417673606922e+18,8.59103822679638e+17,2.066831446445654e+18,8.169737669186683e+17,0.0,5.701166647004365e+16,9.5248163437491e+17,4.908387238317916e+17,1.5797608520414659e+18,8.32066350716289e+17,7.497173278423777e+17,5.141418419903529e+17,3.66440356222337e+17,1.319406480088105e+17,1.4151491179564237e+18,3.5726682147415654e+17,1.8558372266597417e+18,3.205976276514898e+17,1.2320231198881219e+18,9.022122376308982e+17,0.0,3.308272776778875e+17,5.845231274725212e+17,5.648758597065114e+16,7.066682865190175e+17,2.068577539630039e+17,1.3799577364809646e+18,5.912468472348017e+17,0.0,1.2307082757799936e+17,4.235291989597225e+17,3.9321793112467046e+17,5.3347654780636365e+17,5.338810993659085e+16,3.933825142714532e+17,3.695840661245788e+17
