11,0.0,4744.45849609375,10793.642578125,3465.595703125,11051.1865234375,15189.7080078125,11981.404296875,7807.69775390625,0.0,0.0,13308.5478515625,430.7140808105469,11150.6123046875,16509.2734375,12516.982421875,3067.862060546875,0.0,22.204116821289062,11054.0615234375,2100.3232421875,13915.34765625,11811.7158203125,10163.4814453125,2491.1337890625,0.0,6029.7236328125,10984.357421875,1090.9012451171875,12724.005859375,15670.37890625,13261.1796875,4352.07666015625,297.8451232910156,0.0,11128.3603515625,5622.40966796875,19822.68359375,12613.7734375,8694.419921875,4652.2265625,0.0,0.0,11343.802734375,1813.59375,11719.515625,16656.263671875,4280.39013671875,5342.2666015625,0.0,0.0,13196.4287109375,5409.42236328125,12288.6416015625,12259.859375,15686.9130859375,0.0,2936.81298828125,3624.911865234375,8580.1142578125,4137.62353515625,9040.3974609375,15201.2060546875,14130.435546875,8587.708984375,0.0,0.0,11112.630859375,3243.365478515625,17001.8125,15394.9091796875,7962.4150390625,1525.903076171875
19,0.0,0.0,13139.6318359375,5771.6357421875,17609.076171875,13674.3515625,12943.6005859375,5016.95751953125,0.0,0.0,8746.119140625,3524.7265625,14883.294921875,15515.6044921875,10633.15625,3114.1748046875,0.0,9448.0927734375,12360.93359375,8277.314453125,10204.849609375,12980.880859375,9702.22265625,2201.899169921875,0.0,9747.9091796875,9091.16015625,4125.87841796875,16748.974609375,21873.521484375,14497.4375,6108.77685546875,0.0,4641.92041015625,14159.642578125,4594.1923828125,14175.119140625,11566.2451171875,15024.84765625,3705.98291015625,0.0,4941.265625,15905.9794921875,1199.49658203125,12915.0615234375,10550.2001953125,13596.8564453125,4877.67578125,0.0,6378.64013671875,10901.1318359375,6469.52685546875,14355.4794921875,11361.9384765625,18277.7421875,2224.504638671875,0.0,6160.654296875,14779.3349609375,0.0,18746.39453125,10970.4609375,19286.208984375,5241.76025390625,0.0,4579.552734375,11967.8701171875,6788.5263671875,13993.0517578125,13117.8955078125,18366.33984375,7711.06591796875
12,0.0,1012.7908325195312,7897.6181640625,3294.270263671875,7893.1416015625,6451.7978515625,10046.751953125,3797.794189453125,0.0,543.56201171875,5926.625,2494.87353515625,3349.1884765625,4040.142333984375,3454.573974609375,4475.4189453125,0.0,963.38525390625,4070.791748046875,4173.201171875,3346.06591796875,4756.4052734375,1555.056884765625,581.7978515625,165.69273376464844,838.9130249023438,5126.75048828125,461.43316650390625,9163.994140625,5363.14697265625,4872.18505859375,3588.365478515625,0.0,0.0,2866.7841796875,2804.72998046875,4187.8701171875,1108.1722412109375,4345.91845703125,765.1607055664062,0.0,259.83026123046875,1980.7349853515625,2098.719970703125,5709.7265625,653.4447021484375,1143.1077880859375,1901.244140625,852.3781127929688,1499.2490234375,545.8645629882812,0.0,5203.068359375,2174.13720703125,4388.53662109375,3902.834716796875,0.0,545.4197387695312,1823.5125732421875,299.1435546875,4247.42919921875,0.0,3017.90234375,1944.543701171875,0.0,335.79632568359375,1031.0645751953125,556.0665283203125,1408.35400390625,179.5342559814453,852.105224609375,254.84378051757812
38,0.0,0.0,314.3358154296875,1121.1058349609375,2800.8974609375,242.5259552001953,1428.67431640625,823.2880249023438,0.0,0.0,527.0846557617188,596.7272338867188,930.69384765625,733.9673461914062,297.0037536621094,746.1433715820312,0.0,0.0,0.0,0.0,0.0,0.0,0.0,0.0,0.0,115.2857666015625,66.144775390625,0.0,983.84765625,0.0,177.29811096191406,121.5357666015625,0.0,0.0,0.0,24.636425018310547,166.3601837158203,65.449951171875,47.846866607666016,195.10609436035156,0.0,0.0,0.0,0.0,0.0,0.0,0.0,0.0,0.0,0.0,0.0,0.0,0.0,0.0,0.0,0.0,0.0,0.0,0.0,0.0,0.0,0.0,0.0,0.0,0.0,0.0,0.0,0.0,0.0,0.0,0.0,0.0
81,0.0,0.0,12126.365234375,1144.8848876953125,15061.365234375,15959.0732421875,13284.712890625,1341.74462890625,0.0,1971.7999267578125,13324.0703125,9212.205078125,18629.11328125,17186.712890625,15885.9306640625,8582.7919921875,0.0,5314.49462890625,9762.6240234375,17331.87109375,17351.869140625,15862.1923828125,11282.3818359375,9582.8466796875,0.0,0.0,13933.3017578125,6001.076171875,15765.6318359375,11960.54296875,12845.466796875,8814.1611328125,0.0,4005.190185546875,13666.400390625,3515.431884765625,15792.638671875,15555.224609375,9047.5263671875,10134.9619140625,0.0,3938.9404296875,13615.2373046875,1935.894775390625,22075.048828125,11258.205078125,17964.853515625,12924.8310546875,0.0,3998.182373046875,9891.6796875,3451.57080078125,13884.0439453125,12362.736328125,13320.4423828125,6802.96337890625,930.2110595703125,0.0,12867.419921875,5816.302734375,14553.267578125,10304.6728515625,13128.4443359375,2778.19482421875,0.0,2462.5126953125,8921.9638671875,8555.185546875,17100.53515625,7895.3525390625,14313.3134765625,2762.793212890625
5,0.0,1130.292724609375,11288.1435546875,2329.8935546875,14414.7421875,9825.189453125,17596.603515625,6197.78564453125,0.0,677.4942626953125,10303.8701171875,2323.998046875,12973.0361328125,10193.6025390625,11292.095703125,7233.04541015625,0.0,445.168212890625,6530.0703125,6261.12939453125,11104.6103515625,9763.650390625,6428.79736328125,1834.1942138671875,0.0,0.0,6347.50048828125,8336.359375,16745.291015625,13229.5205078125,12289.595703125,2540.169677734375,0.0,2679.121337890625,11295.51171875,553.609375,11235.626953125,8645.125,8500.0458984375,1747.63720703125,0.0,2107.843505859375,6431.98974609375,3721.838623046875,8330.072265625,6153.23974609375,7021.47607421875,3098.483154296875,0.0,0.0,6303.18408203125,2256.85986328125,9187.5830078125,9242.333984375,10723.6904296875,6632.0576171875,0.0,2149.801025390625,8077.88623046875,2811.812255859375,12177.2353515625,6516.296875,9848.1318359375,1581.298095703125,0.0,2939.2236328125,6793.77001953125,2025.314697265625,3881.58154296875,8335.8544921875,6395.2734375,3592.12255859375
40,0.0,0.0,12506.4833984375,3780.101318359375,10446.42578125,8328.291015625,13318.162109375,6801.154296875,0.0,185.83604431152344,8483.873046875,5502.60205078125,11924.982421875,4819.033203125,13797.900390625,3600.5361328125,0.0,1693.17333984375,5676.5908203125,3336.14404296875,10265.5625,4824.75,9959.279296875,2927.146484375,0.0,965.6629638671875,11009.5625,2484.36962890625,9940.9150390625,2836.779541015625,13831.8740234375,1346.661376953125,0.0,0.0,12996.3662109375,6679.6435546875,8800.4599609375,10462.3955078125,6686.64306640625,4560.35888671875,0.0,0.0,3859.404541015625,1716.166015625,6310.23095703125,3131.599853515625,4091.0947265625,443.615234375,1552.679443359375,1292.5654296875,3009.064453125,1407.619140625,5793.35498046875,4621.787109375,6017.52294921875,5114.13671875,1496.770263671875,1075.0,6944.3935546875,0.0,4224.80224609375,4338.791015625,7246.46337890625,3673.43212890625,0.0,1293.5809326171875,4645.54248046875,1798.103759765625,6354.6181640625,2105.650146484375,3742.13525390625,3401.1494140625
70,0.0,1178.5859375,2235.494140625,3064.583740234375,5698.1640625,4289.7646484375,4685.10498046875,3225.751953125,0.0,50.713722229003906,3745.30224609375,2054.216064453125,3926.020263671875,1904.267822265625,3324.08984375,819.5827026367188,0.0,0.0,1500.54150390625,686.9103393554688,1303.576416015625,743.9507446289062,107.94094848632812,1022.7196655273438,0.0,1037.9263916015625,1507.52587890625,832.7909545898438,2821.96044921875,1151.8734130859375,2581.752197265625,2378.280517578125,0.0,94.91680145263672,1160.66796875,1159.61865234375,2338.603515625,234.98851013183594,1220.0107421875,1090.18701171875,0.0,370.089599609375,640.0963134765625,431.7699890136719,661.0382080078125,473.5804748535156,151.75430297851562,414.0978088378906,0.0,0.0,189.71234130859375,0.0,1261.5137939453125,11.621078491210938,422.79241943359375,1021.426513671875,0.0,1.9504566192626953,384.79010009765625,0.4040050506591797,1077.2890625,0.0,216.87242126464844,608.89892578125,0.0,0.0,0.0,81.3773422241211,220.08644104003906,90.14559936523438,0.0,103.37982177734375
23,0.0,765.6109619140625,1763.6173095703125,1321.44189453125,2164.390380859375,0.0,2136.84521484375,1167.0184326171875,0.0,430.4898376464844,659.5321044921875,553.4444580078125,559.9249267578125,344.4219665527344,321.1181335449219,477.7651672363281,0.0,0.0,0.0,0.0,0.0,0.0,0.0,0.0,0.0,266.6968078613281,1167.224365234375,600.8291015625,1256.2427978515625,547.534423828125,341.12896728515625,768.681884765625,0.0,206.3376922607422,177.34828186035156,0.0,419.22064208984375,369.8757629394531,230.53663635253906,160.82208251953125,0.0,0.0,0.0,0.0,0.0,0.0,0.0,0.0,0.0,0.0,0.0,0.0,0.0,0.0,0.0,0.0,0.0,0.0,0.0,0.0,0.0,0.0,0.0,0.0,0.0,0.0,0.0,0.0,0.0,0.0,0.0,0.0
72,0.0,2512.448486328125,10086.4306640625,2721.38671875,12962.66015625,6308.21435546875,9684.1875,2530.90234375,1111.583251953125,0.0,7104.5859375,5201.1396484375,9937.697265625,5697.5830078125,7458.58740234375,8403.146484375,0.0,895.4464721679688,4516.427734375,4430.5927734375,3703.391357421875,1548.7117919921875,3672.669677734375,0.0,1054.6373291015625,2439.03173828125,6227.779296875,2496.33935546875,6346.07080078125,4121.84423828125,7047.83740234375,3285.947021484375,0.0,3611.215576171875,4645.94970703125,0.0,5001.23388671875,3671.998291015625,6695.39208984375,1367.735595703125,0.0,952.7742919921875,3235.695556640625,4829.79833984375,3869.42919921875,4241.27197265625,3559.34423828125,1020.2635498046875,1649.8109130859375,0.0,3961.082763671875,1313.150390625,5711.18798828125,4545.3330078125,3735.09765625,4818.3564453125,647.8223266601562,974.4989013671875,2148.2119140625,3193.21142578125,3629.744384765625,2053.223388671875,6186.4560546875,4229.619140625,0.0,151.7586669921875,1583.43017578125,1759.5140380859375,3295.68408203125,44.673866271972656,2593.055908203125,1988.5927734375
79,0.0,0.0,7663.576171875,5156.591796875,15277.6953125,13182.0166015625,17247.94921875,2222.166259765625,533.5122680664062,0.0,8081.37646484375,2563.633544921875,10043.712890625,15007.1875,17024.36328125,7226.19287109375,0.0,0.0,8366.7998046875,5353.28515625,10828.068359375,10986.3564453125,8224.83984375,4893.65380859375,984.221435546875,3425.517578125,15939.3525390625,1500.17333984375,14023.1904296875,11030.705078125,13325.0625,6623.71044921875,0.0,3513.65673828125,5659.48291015625,10603.51953125,16712.630859375,8093.34423828125,9352.4521484375,2951.182373046875,0.0,4159.5908203125,8632.7294921875,3735.607177734375,7263.087890625,7242.79296875,9938.5615234375,3036.89208984375,5743.4951171875,3708.88720703125,13709.052734375,0.0,13805.3798828125,6609.314453125,9423.1591796875,3445.344482421875,0.0,561.7455444335938,5156.39453125,3435.982421875,10743.7333984375,5728.068359375,11225.69921875,5282.86474609375,0.0,2162.69921875,6940.02880859375,1161.01220703125,6688.4013671875,5605.466796875,6741.79833984375,4175.4658203125
78,0.0,6148.9580078125,11915.8369140625,5386.0810546875,20009.033203125,21452.966796875,17022.525390625,5192.52734375,0.0,897.013916015625,10537.1787109375,4580.02099609375,9544.564453125,15953.91796875,17688.61328125,0.0,0.0,2719.93115234375,4931.8525390625,5006.5380859375,22878.458984375,10108.2939453125,15764.5771484375,5415.17333984375,800.8009033203125,3204.50732421875,14370.0986328125,1399.4091796875,18808.578125,13167.7578125,17115.765625,6217.94873046875,0.0,784.5330200195312,8945.416015625,6615.830078125,13031.8251953125,12092.1826171875,18819.5546875,6306.98095703125,0.0,5426.17431640625,16556.076171875,3527.563720703125,18837.748046875,14008.8310546875,13960.0107421875,7493.47998046875,0.0,4038.579345703125,12309.12109375,6773.57275390625,11481.7177734375,15027.95703125,16743.283203125,1175.701171875,0.0,2043.4510498046875,8874.8603515625,6332.60498046875,12529.4912109375,12598.50390625,11404.7958984375,10205.044921875,0.0,2821.23046875,10536.3701171875,2011.4517822265625,15972.1376953125,16166.2236328125,18117.36328125,4339.8212890625
87,0.0,9721.9619140625,12654.6904296875,6476.35595703125,15140.802734375,7608.91455078125,18940.4765625,2223.67822265625,0.0,3125.874755859375,9206.1005859375,6345.9638671875,14686.876953125,14264.03515625,19213.212890625,2084.27685546875,0.0,5314.5458984375,11082.7021484375,7546.29296875,7171.4404296875,8669.740234375,6402.37255859375,2944.083740234375,0.0,3338.60498046875,9730.4453125,2759.63330078125,19158.28125,12301.0986328125,16744.94921875,4187.32861328125,0.0,0.0,11955.744140625,613.6820678710938,12492.0,12280.7763671875,10281.35546875,11272.10546875,0.0,59.3220329284668,9589.9326171875,1810.178466796875,11877.830078125,9257.8359375,6997.88916015625,969.0069580078125,2345.87109375,1876.43212890625,6123.7626953125,1706.4202880859375,11563.8076171875,13889.228515625,10333.05078125,4962.68017578125,0.0,2748.93994140625,5072.99755859375,1736.64990234375,9923.1533203125,10427.068359375,8518.1591796875,4680.443359375,0.0,895.35693359375,4718.009765625,3041.400390625,5783.3701171875,8257.8271484375,5621.8740234375,1261.17041015625
6,0.0,1246.0706787109375,1227.7144775390625,695.9577026367188,1105.175537109375,779.5128173828125,1207.6199951171875,1610.189453125,0.0,631.9061279296875,968.1266479492188,824.0921630859375,691.6700439453125,204.3665313720703,282.0252990722656,524.2278442382812,0.0,0.0,0.0,0.0,0.0,0.0,0.0,0.0,0.0,0.0,668.9872436523438,93.23629760742188,489.0542297363281,451.6169128417969,54.701873779296875,746.553955078125,0.0,0.0,0.0,291.9375915527344,169.6763153076172,129.54852294921875,0.0,179.98355102539062,0.0,0.0,0.0,0.0,0.0,0.0,0.0,0.0,0.0,0.0,0.0,0.0,0.0,0.0,0.0,0.0,0.0,0.0,0.0,0.0,0.0,0.0,0.0,0.0,0.0,0.0,0.0,0.0,0.0,0.0,0.0,0.0
68,0.0,2244.45458984375,16286.3447265625,4843.47412109375,15802.7685546875,16663.640625,13962.25390625,3213.304931640625,0.0,88.31594848632812,12592.8681640625,1492.191650390625,16614.02734375,17872.373046875,13635.3427734375,2413.82177734375,0.0,2541.599365234375,10131.0087890625,6213.6865234375,10997.2939453125,10931.6279296875,6007.32666015625,0.0,0.0,0.0,14031.064453125,1610.762939453125,20235.794921875,26493.849609375,11027.865234375,6065.59619140625,0.0,1397.1053466796875,3601.7587890625,4229.1484375,10198.8369140625,4810.45263671875,14948.58203125,4162.2314453125,0.0,1796.9227294921875,9258.04296875,5839.064453125,10292.58984375,14493.3017578125,9629.8408203125,1513.78515625,0.0,5085.5400390625,8514.7197265625,7312.01416015625,15351.2685546875,12614.419921875,23864.787109375,4663.3017578125,1808.4107666015625,0.0,8610.8232421875,7077.232421875,14603.7900390625,8575.0634765625,21215.69921875,1914.09765625,0.0,0.0,11692.2978515625,3522.71435546875,15596.2001953125,12097.4013671875,13394.265625,8212.4267578125
69,0.0,0.0,8527.9755859375,6389.5390625,13606.18359375,16796.650390625,12332.05859375,5868.54345703125,0.0,2582.925048828125,11921.369140625,3471.93505859375,15487.1474609375,17269.248046875,7471.6220703125,7901.61181640625,0.0,8965.103515625,9080.95703125,4592.40234375,10966.76171875,12774.314453125,11120.0849609375,8950.6328125,0.0,763.4548950195312,14813.392578125,9250.248046875,16407.470703125,22662.451171875,15924.7255859375,789.5972900390625,0.0,0.0,18194.78125,6307.86962890625,17275.8515625,13892.33203125,13799.06640625,7180.982421875,0.0,366.88409423828125,18945.75390625,5567.31103515625,20305.8359375,13336.3720703125,16127.6845703125,5413.60986328125,2113.149658203125,5679.35302734375,9359.501953125,1792.241455078125,11234.03515625,14237.9609375,15478.599609375,5802.0966796875,4826.78759765625,6555.9443359375,13186.853515625,3353.89990234375,16566.71484375,14074.1064453125,11523.271484375,7015.63427734375,2289.423828125,0.0,13142.64453125,6664.03271484375,14842.63671875,7053.81640625,9580.3837890625,8824.916015625
1,0.0,1118.208740234375,3547.280517578125,2546.955322265625,7216.03515625,2843.97802734375,4713.076171875,3571.33837890625,0.0,0.0,1729.0972900390625,2923.614501953125,3625.777099609375,629.667236328125,1054.7508544921875,1234.944580078125,0.0,0.0,440.6827087402344,1349.1890869140625,831.3201904296875,402.4633483886719,274.1197814941406,635.3527221679688,0.0,726.4869384765625,1571.3961181640625,982.93994140625,3066.63623046875,819.230224609375,3029.0234375,1353.7174072265625,0.0,323.1553039550781,410.8646545410156,835.5491943359375,1432.442138671875,154.7877197265625,472.6097106933594,730.1414184570312,0.0,87.75021362304688,386.1215515136719,204.76565551757812,290.005859375,255.97314453125,173.24708557128906,530.774169921875,0.0,130.5205078125,0.0,0.0,1032.176025390625,0.0,665.5485229492188,449.2737121582031,0.0,283.4364013671875,504.7124328613281,0.0,583.2205810546875,84.17554473876953,447.9681701660156,343.7720947265625,0.0,0.0,0.0,133.785888671875,58.31298065185547,77.33283233642578,0.0,79.42107391357422
45,0.0,2663.44970703125,17104.158203125,12541.7705078125,11912.02734375,14544.3525390625,7887.0302734375,0.0,0.0,2473.74755859375,12281.15625,10740.5458984375,11765.1025390625,12605.5595703125,16321.529296875,1490.1937255859375,0.0,0.0,11472.337890625,8099.3837890625,11786.7900390625,6769.24365234375,8345.9091796875,1355.6448974609375,0.0,423.11297607421875,10570.322265625,8770.849609375,15688.3955078125,9459.7265625,16184.63671875,12577.46484375,8653.4853515625,6795.16748046875,15213.8056640625,8598.3232421875,11638.4443359375,5610.75341796875,12796.7939453125,4858.193359375,0.0,2633.705078125,10407.2451171875,5135.77587890625,13113.6806640625,9254.88671875,11935.7333984375,3607.724609375,0.0,2852.17333984375,8687.5771484375,6299.09521484375,13852.6455078125,8984.5341796875,7018.42529296875,3967.486572265625,0.0,7858.423828125,7594.982421875,3579.594482421875,10655.5615234375,8107.1171875,10020.939453125,5833.8828125,0.0,2985.717041015625,4606.541015625,2310.337890625,8456.76171875,8501.181640625,10370.2197265625,5550.314453125
33,0.0,822.4939575195312,1715.8992919921875,1631.6204833984375,4892.65966796875,1795.7763671875,2533.895751953125,3378.268310546875,0.0,646.093505859375,637.4013061523438,413.2976379394531,2236.719970703125,305.03741455078125,567.46435546875,825.9194946289062,0.0,0.0,0.0,0.0,0.0,0.0,0.0,0.0,0.0,424.0409240722656,658.8969116210938,721.9473266601562,1919.1102294921875,166.75875854492188,1466.1884765625,1089.80615234375,0.0,152.03134155273438,119.24375915527344,174.00392150878906,1199.803955078125,521.4656982421875,637.6302490234375,399.96173095703125,0.0,0.0,0.0,0.0,0.0,0.0,0.0,0.0,0.0,0.0,0.0,0.0,0.0,0.0,0.0,0.0,0.0,0.0,0.0,0.0,0.0,0.0,0.0,0.0,0.0,0.0,0.0,0.0,0.0,0.0,0.0,0.0
15,0.0,3733.148193359375,12851.193359375,1787.9810791015625,8345.4326171875,7237.236328125,12515.2744140625,3425.034912109375,0.0,717.6619873046875,6228.7548828125,4117.00244140625,10345.755859375,1794.39599609375,8455.9833984375,163.9994659423828,0.0,1583.3194580078125,5673.61572265625,2860.744384765625,4616.67724609375,2189.94775390625,6399.0322265625,1422.216552734375,0.0,2056.930908203125,7069.953125,1465.6947021484375,6028.80224609375,3426.1943359375,5885.02587890625,1244.418701171875,0.0,802.0108032226562,7506.265625,4131.2802734375,6131.2080078125,6372.8076171875,4970.734375,4846.314453125,0.0,2177.24169921875,3541.14794921875,2423.992431640625,2340.793212890625,5079.357421875,5424.19091796875,3416.25,1402.4263916015625,0.0,7434.4384765625,757.5698852539062,6686.966796875,5136.8232421875,5050.54736328125,5411.162109375,0.0,187.4349365234375,4209.76171875,1251.540283203125,7655.31103515625,3618.270751953125,5222.38916015625,3688.439208984375,0.0,0.0,2485.459716796875,2267.49560546875,5623.8291015625,3460.308349609375,4823.88232421875,1846.4930419921875
93,0.0,2754.36083984375,13829.884765625,5085.541015625,10590.1240234375,9939.6630859375,9383.0986328125,4558.3544921875,0.0,0.0,10487.33984375,6768.853515625,12008.9091796875,8025.423828125,7114.6767578125,2454.6357421875,0.0,450.00714111328125,4681.8955078125,5192.54638671875,3841.82275390625,2719.86279296875,5204.18310546875,2066.002685546875,0.0,2083.02734375,7701.7373046875,2936.796142578125,8725.6728515625,11355.7177734375,7841.9677734375,2644.154541015625,0.0,0.0,9497.8857421875,3263.144775390625,7370.22900390625,5011.07861328125,9752.0859375,2647.535888671875,0.0,466.6512451171875,3714.12109375,6162.705078125,5835.67041015625,3146.385498046875,5692.76416015625,595.933837890625,1092.2169189453125,1743.2188720703125,4751.41015625,1596.58251953125,9963.1064453125,1799.3402099609375,7456.1884765625,5570.91748046875,1836.4215087890625,936.2916870117188,4205.6337890625,2622.912353515625,3566.373046875,4784.48974609375,10073.7216796875,5651.607421875,925.5628662109375,2273.247802734375,2665.193359375,1744.571533203125,3582.98388671875,340.0613708496094,3293.923828125,1879.9852294921875
24,0.0,3062.7919921875,12977.298828125,8594.568359375,13775.55078125,14140.87890625,10284.31640625,1547.231201171875,0.0,0.0,5903.2900390625,9609.8857421875,7468.1953125,6584.01708984375,9530.7529296875,1656.58203125,0.0,774.9022827148438,7390.4990234375,5713.576171875,6501.712890625,6843.42919921875,6115.15283203125,1844.7491455078125,0.0,2510.829345703125,11577.95703125,3615.015380859375,15642.30859375,5058.95068359375,11070.984375,7241.390625,2245.1796875,1077.75830078125,7689.3974609375,4813.6357421875,12011.1962890625,8662.2587890625,7738.86572265625,1111.6453857421875,0.0,0.0,6062.93212890625,3294.937744140625,8093.83984375,4583.3720703125,6548.1630859375,837.5592041015625,2764.188720703125,532.444091796875,4164.49169921875,1325.3026123046875,8142.07470703125,2720.497314453125,6475.93701171875,3401.537353515625,0.0,1745.118408203125,3569.933837890625,1287.8988037109375,8547.51171875,2450.5048828125,5431.900390625,4704.29150390625,479.515380859375,1431.3919677734375,3401.93115234375,2712.491455078125,5510.73876953125,1354.2156982421875,4026.509033203125,4567.35107421875
25,0.0,83.36524200439453,48.35231399536133,410.1618347167969,689.619140625,73.77034759521484,88.37662506103516,224.25631713867188,0.0,0.0,0.0,0.0,0.0,0.0,0.0,0.0,0.0,0.0,0.0,0.0,0.0,0.0,0.0,0.0,0.0,0.0,0.0,0.0,0.0,0.0,0.0,0.0,0.0,0.0,0.0,0.0,0.0,0.0,0.0,0.0,0.0,0.0,0.0,0.0,0.0,0.0,0.0,0.0,0.0,0.0,0.0,0.0,0.0,0.0,0.0,0.0,0.0,0.0,0.0,0.0,0.0,0.0,0.0,0.0,0.0,0.0,0.0,0.0,0.0,0.0,0.0,0.0
26,0.0,164.8701629638672,415.6396484375,873.84375,1313.419921875,168.51870727539062,1164.478515625,617.5171508789062,0.0,0.0,146.53305053710938,17.16994285583496,303.2779541015625,84.78402709960938,96.5981216430664,203.1683349609375,0.0,0.0,0.0,0.0,0.0,0.0,0.0,0.0,0.0,129.54867553710938,72.39540100097656,4.4561309814453125,536.4318237304688,0.0,348.6390075683594,208.82247924804688,0.0,23.174171447753906,54.45411682128906,0.0,73.48342895507812,13.881620407104492,83.74105072021484,38.641265869140625,0.0,0.0,0.0,0.0,0.0,0.0,0.0,0.0,0.0,0.0,0.0,0.0,0.0,0.0,0.0,0.0,0.0,0.0,0.0,0.0,0.0,0.0,0.0,0.0,0.0,0.0,0.0,0.0,0.0,0.0,0.0,0.0
48,0.0,0.0,11551.7138671875,813.0736694335938,16856.787109375,18453.01171875,8384.47265625,4325.4453125,0.0,3297.43408203125,11370.2890625,4723.51416015625,20638.599609375,23211.546875,12490.3173828125,18017.078125,0.0,0.0,10231.755859375,6040.16650390625,11290.4462890625,8310.5732421875,8335.3173828125,4682.2158203125,0.0,0.0,10227.6552734375,14765.26953125,14940.5224609375,19307.62890625,15867.990234375,8127.580078125,0.0,675.1905517578125,11312.47265625,5224.21630859375,15596.314453125,13624.708984375,11148.5537109375,1479.7269287109375,0.0,641.6251831054688,14917.9130859375,9564.8798828125,13370.9970703125,8774.896484375,11908.35546875,5037.67626953125,1596.85498046875,720.4744873046875,11544.369140625,941.9506225585938,10767.10546875,9486.8017578125,13550.9609375,7634.92431640625,625.957763671875,907.4803466796875,12954.546875,9064.703125,16215.615234375,13677.720703125,11984.361328125,5784.74462890625,0.0,3187.499267578125,9465.521484375,4442.02099609375,11670.1865234375,5878.625,14492.8076171875,3420.98583984375
71,0.0,6500.34765625,13460.4189453125,2571.3837890625,15862.3271484375,12024.9423828125,17106.755859375,5428.7080078125,0.0,1770.6378173828125,11050.7236328125,643.3056030273438,12431.07421875,12906.6298828125,13275.6884765625,4857.56591796875,0.0,3871.841796875,10943.48828125,9296.2685546875,11901.4892578125,16004.8974609375,16730.857421875,4158.078125,0.0,2669.420166015625,9746.0087890625,7840.3369140625,15558.482421875,16446.322265625,9201.1884765625,4710.76904296875,0.0,4253.8544921875,12874.375,3598.298095703125,16308.228515625,15577.4111328125,9531.322265625,7048.8017578125,0.0,6216.37548828125,10972.083984375,3330.203125,18579.486328125,12097.7705078125,12868.0439453125,9607.435546875,0.0,3650.842041015625,8893.8173828125,33.88761901855469,14309.939453125,9263.4140625,17928.60546875,2473.47900390625,0.0,8021.74072265625,10952.232421875,5691.7373046875,16564.10546875,16758.19921875,8384.271484375,5387.21533203125,0.0,2089.49853515625,7795.34814453125,7572.498046875,11460.2373046875,11388.5048828125,9912.0888671875,9782.9375
76,0.0,244.89483642578125,1093.3748779296875,880.1527099609375,3372.73583984375,0.0,1172.328369140625,952.0642700195312,0.0,0.0,507.4429931640625,146.78468322753906,762.0643920898438,814.9835205078125,409.7923583984375,591.2772827148438,0.0,0.0,0.0,0.0,0.0,0.0,0.0,0.0,0.0,0.0,516.9683227539062,238.8449249267578,867.260986328125,25.61748504638672,185.66500854492188,569.9622802734375,0.0,0.0,5.1930646896362305,0.0,94.32040405273438,53.3152961730957,0.0,45.50971221923828,0.0,0.0,0.0,0.0,0.0,0.0,0.0,0.0,0.0,0.0,0.0,0.0,0.0,0.0,0.0,0.0,0.0,0.0,0.0,0.0,0.0,0.0,0.0,0.0,0.0,0.0,0.0,0.0,0.0,0.0,0.0,0.0
7,0.0,7773.89892578125,12885.701171875,9531.09765625,15200.361328125,13477.8447265625,12869.0732421875,6938.72900390625,0.0,1583.40185546875,10131.62890625,2603.50146484375,13013.2109375,12574.7080078125,14321.8203125,5936.93310546875,0.0,4690.24951171875,10308.81640625,4400.85009765625,19782.5625,16001.4365234375,13908.0556640625,6120.16796875,0.0,3371.359375,15055.3828125,569.1005859375,17957.947265625,18268.6484375,9055.5087890625,5867.99853515625,0.0,0.0,10166.12109375,12374.3525390625,13369.5654296875,12347.6513671875,14494.439453125,7316.9580078125,0.0,2670.904052734375,7045.45703125,3951.0693359375,12838.025390625,14801.494140625,6544.6728515625,4332.470703125,0.0,4970.04296875,17111.80078125,6470.75341796875,19543.732421875,15004.5146484375,10527.015625,7959.83544921875,0.0,1880.096923828125,14165.5869140625,6959.81689453125,9430.419921875,13880.9443359375,10629.669921875,1065.328125,0.0,1399.0350341796875,12763.51171875,6649.82763671875,22338.865234375,14857.9091796875,10649.4697265625,3758.777587890625
50,0.0,8167.8388671875,10641.994140625,189.09893798828125,12351.5576171875,15582.1455078125,8779.87109375,1935.865478515625,0.0,0.0,9454.08203125,9385.326171875,13185.2958984375,15634.798828125,6895.53466796875,4459.521484375,0.0,2551.295166015625,8823.6005859375,1931.0634765625,11078.109375,14567.1982421875,8363.61328125,1087.5032958984375,0.0,2044.3870849609375,15472.77734375,9407.9951171875,14149.1796875,13696.150390625,17633.2734375,2155.1982421875,0.0,1873.346923828125,8334.2548828125,9780.65234375,12203.642578125,12596.91015625,13083.625,800.3709716796875,0.0,997.7064819335938,11938.0322265625,10186.8388671875,13027.08203125,10987.6845703125,12419.6767578125,1927.7340087890625,0.0,4891.83544921875,10715.7255859375,4445.9482421875,10669.11328125,9561.7705078125,10429.8974609375,10258.294921875,4491.12353515625,1812.90576171875,9143.962890625,3794.57177734375,13262.5263671875,7088.1513671875,15080.705078125,1587.686279296875,0.0,218.91140747070312,6982.58056640625,3035.086181640625,14894.8603515625,5597.00927734375,11877.642578125,5698.0263671875
22,0.0,0.0,8464.7548828125,3662.77587890625,10414.09375,4678.67041015625,9195.46875,1862.71533203125,0.0,0.0,5304.8916015625,3632.076904296875,8496.7890625,5272.00048828125,6885.61181640625,3396.62890625,0.0,0.0,2660.7666015625,4292.6796875,3486.665283203125,2014.992919921875,1619.569580078125,694.9324951171875,398.0966796875,1301.662841796875,8479.5,3111.5771484375,8854.7353515625,2099.656005859375,7282.9951171875,4965.68212890625,226.7918243408203,377.2309875488281,2908.7763671875,1168.8719482421875,4121.4501953125,931.01318359375,4838.9287109375,926.1242065429688,0.0,1012.1613159179688,937.3872680664062,1247.152099609375,2450.733642578125,829.3389892578125,2120.647705078125,901.180419921875,625.7278442382812,115.15292358398438,1499.7723388671875,0.0,3544.37060546875,1958.7728271484375,5258.23291015625,4301.65185546875,0.0,0.0,1929.10791015625,887.080322265625,3993.385009765625,134.7532958984375,3015.9453125,2095.03125,0.0,0.0,609.9755249023438,704.55224609375,2590.220947265625,647.4425048828125,1378.2646484375,639.0316162109375
4,0.0,0.0,9973.1279296875,2898.481201171875,8024.9833984375,14440.5654296875,10233.6767578125,4537.6689453125,1690.744873046875,1412.632080078125,13232.1484375,3253.8505859375,18046.685546875,11409.525390625,9635.0517578125,4720.72705078125,0.0,0.0,11561.962890625,5318.49755859375,14694.568359375,10550.544921875,14305.05859375,0.0,0.0,1673.5455322265625,10689.4716796875,6318.2509765625,15808.6240234375,8520.33984375,8915.416015625,6798.966796875,0.0,2086.368408203125,12285.873046875,5369.00439453125,16469.3125,12225.9287109375,11454.8203125,3281.229736328125,0.0,1379.51513671875,12433.509765625,5603.2626953125,12787.1494140625,12449.546875,10950.7255859375,1340.14208984375,0.0,2277.756103515625,11043.84765625,5185.19189453125,13774.830078125,17968.322265625,16257.63671875,6630.919921875,0.0,4866.7099609375,12537.1123046875,3042.043212890625,12854.9189453125,19522.462890625,13539.095703125,12447.638671875,0.0,541.987060546875,9878.767578125,4461.76123046875,11615.7080078125,12424.8515625,9564.4833984375,7994.80322265625
32,0.0,1343.54296875,12161.392578125,6045.41015625,13271.734375,13246.06640625,13739.7919921875,10092.970703125,2937.744873046875,1174.64697265625,7589.1611328125,944.2626953125,8826.38671875,14068.486328125,10719.9677734375,8172.734375,0.0,0.0,14374.328125,2868.92724609375,14546.9970703125,10338.9677734375,10504.4501953125,7530.876953125,0.0,4817.1904296875,9514.849609375,5708.369140625,14733.3447265625,11944.2373046875,9898.5419921875,503.456298828125,0.0,1922.22802734375,12864.5478515625,6897.3544921875,12600.931640625,12528.1181640625,7684.255859375,2298.499755859375,0.0,2819.39501953125,12447.529296875,3985.301025390625,11349.5185546875,11568.634765625,12185.9365234375,4864.86669921875,0.0,5078.61083984375,17094.96484375,3377.209716796875,21177.650390625,16375.5771484375,8117.02001953125,2892.380615234375,0.0,0.0,7737.80224609375,2029.352294921875,13350.6083984375,7205.44091796875,13280.267578125,4466.60791015625,0.0,1913.5811767578125,13497.8544921875,4378.2373046875,14382.6982421875,15402.369140625,9247.5322265625,6933.076171875
77,0.0,419.8810729980469,1467.2265625,3355.244384765625,3914.9658203125,1301.9737548828125,2147.98046875,2189.480224609375,0.0,0.0,224.56764221191406,118.08332824707031,1360.324462890625,750.8126220703125,650.3902587890625,802.0595703125,0.0,0.0,0.0,0.0,0.0,0.0,0.0,0.0,0.0,421.9527587890625,677.7427978515625,708.7322387695312,2194.318115234375,66.13206481933594,1373.3477783203125,1290.8199462890625,0.0,32.16259765625,195.03158569335938,388.5863342285156,955.2125244140625,480.819091796875,462.4425354003906,691.1101684570312,0.0,0.0,0.0,0.0,0.0,0.0,0.0,0.0,0.0,0.0,0.0,0.0,0.0,0.0,0.0,0.0,0.0,0.0,0.0,0.0,0.0,0.0,0.0,0.0,0.0,0.0,0.0,0.0,0.0,0.0,0.0,0.0
91,0.0,2599.94921875,7513.84619140625,3175.0966796875,9679.5400390625,6275.84375,10884.72265625,3469.1015625,0.0,1826.166748046875,4272.35595703125,2610.0673828125,3543.423095703125,3947.583740234375,8092.94873046875,2791.782958984375,0.0,747.473876953125,3322.123046875,2839.14892578125,2127.518798828125,1230.162353515625,2896.820068359375,391.6477355957031,0.0,3320.49462890625,4109.34765625,1384.953857421875,6485.11572265625,2905.020263671875,5813.30224609375,3279.197265625,0.0,0.0,1372.341552734375,3700.65673828125,4542.5,3455.04443359375,4629.33251953125,2654.401123046875,0.0,0.0,1900.6881103515625,1839.602294921875,2768.450927734375,638.873291015625,3314.0458984375,901.3564453125,948.6433715820312,1723.091796875,3951.95703125,0.0,4837.375,1420.18408203125,3670.090087890625,3760.778076171875,0.0,134.84327697753906,135.0746612548828,1770.18310546875,3998.290283203125,83.5887680053711,1933.926513671875,1802.90673828125,0.0,255.62660217285156,947.7180786132812,169.515380859375,2422.315185546875,141.29562377929688,1227.114990234375,977.4736938476562
42,0.0,328.6570739746094,16740.904296875,2597.447265625,17149.474609375,11203.5908203125,19571.326171875,8107.7587890625,0.0,1244.9686279296875,15653.373046875,8913.8564453125,15281.072265625,11966.033203125,12859.9033203125,2920.549072265625,0.0,0.0,15872.546875,2708.4521484375,17838.4296875,14009.1630859375,19236.5234375,7002.46875,0.0,1105.751220703125,10953.529296875,3890.44091796875,14951.2275390625,11613.2783203125,14119.4638671875,3827.48583984375,0.0,11061.962890625,11051.2509765625,1793.7257080078125,12439.1748046875,12852.9072265625,8291.611328125,4327.3818359375,0.0,3742.3544921875,9266.0703125,0.0,13025.404296875,10506.4228515625,9851.107421875,7547.5361328125,0.0,2528.85009765625,8672.3798828125,8061.81201171875,13028.7041015625,15413.677734375,11553.6171875,4634.0400390625,0.0,3953.425048828125,15663.931640625,4352.951171875,17757.896484375,14448.3447265625,11050.65234375,6813.20849609375,0.0,3001.537109375,7951.62060546875,2301.906494140625,8986.015625,11079.720703125,14827.8251953125,7243.2119140625
13,0.0,0.0,1176.2611083984375,232.17442321777344,1206.8580322265625,314.988525390625,1044.726806640625,631.6384887695312,0.0,0.0,0.0,0.0,0.0,0.0,0.0,0.0,0.0,0.0,0.0,0.0,0.0,0.0,0.0,0.0,0.0,0.0,0.0,0.0,0.0,0.0,0.0,0.0,0.0,0.0,0.0,0.0,0.0,0.0,0.0,0.0,0.0,0.0,0.0,0.0,0.0,0.0,0.0,0.0,0.0,0.0,0.0,0.0,0.0,0.0,0.0,0.0,0.0,0.0,0.0,0.0,0.0,0.0,0.0,0.0,0.0,0.0,0.0,0.0,0.0,0.0,0.0,0.0
41,0.0,0.0,0.0,111.23701477050781,307.3282775878906,105.567626953125,0.0,104.32255554199219,0.0,0.0,0.0,0.0,0.0,0.0,0.0,0.0,0.0,0.0,0.0,0.0,0.0,0.0,0.0,0.0,0.0,0.0,0.0,0.0,0.0,0.0,0.0,0.0,0.0,0.0,0.0,0.0,0.0,0.0,0.0,0.0,0.0,0.0,0.0,0.0,0.0,0.0,0.0,0.0,0.0,0.0,0.0,0.0,0.0,0.0,0.0,0.0,0.0,0.0,0.0,0.0,0.0,0.0,0.0,0.0,0.0,0.0,0.0,0.0,0.0,0.0,0.0,0.0
55,0.0,3021.348388671875,15681.5263671875,10586.515625,17948.744140625,9962.291015625,12294.2197265625,1412.38671875,0.0,6042.62744140625,15992.044921875,3913.254150390625,12335.201171875,12783.291015625,12438.1181640625,3630.441162109375,0.0,2457.505126953125,17671.92578125,9209.744140625,12913.12890625,12650.4326171875,11313.376953125,2331.84716796875,1592.9971923828125,5754.97802734375,6708.44287109375,0.0,13853.5791015625,11673.1630859375,8271.564453125,6035.861328125,0.0,5015.15234375,9048.3857421875,3024.045166015625,8474.0419921875,23154.47265625,10706.4189453125,4195.53173828125,0.0,0.0,15147.6875,4189.4091796875,11947.2138671875,12696.8056640625,12858.2451171875,3138.108154296875,0.0,450.59405517578125,19347.236328125,9387.3095703125,10173.171875,14898.916015625,10358.9365234375,3063.52001953125,0.0,3580.863525390625,12352.771484375,5850.556640625,12482.31640625,13973.892578125,9885.4453125,6248.50634765625,0.0,4037.49462890625,10211.5947265625,5237.35986328125,13002.681640625,11281.806640625,12622.94921875,9091.6015625
31,0.0,345.1839904785156,5111.46435546875,3319.2626953125,5676.26171875,4432.5537109375,5022.7265625,3126.039794921875,0.0,403.64617919921875,2592.216796875,4861.67431640625,4201.939453125,1589.7437744140625,3391.634033203125,1132.782958984375,0.0,1923.0546875,1949.3056640625,1339.4871826171875,727.9476318359375,740.744873046875,312.78082275390625,315.5119934082031,0.0,800.452880859375,2085.790771484375,1227.354736328125,3901.42431640625,2587.45654296875,4000.70263671875,3883.142578125,0.0,388.79376220703125,1123.181396484375,1350.1680908203125,2390.3623046875,0.0,1106.3604736328125,1682.528076171875,0.0,0.0,780.6668701171875,794.0729370117188,1053.6358642578125,661.3609619140625,190.25892639160156,772.1124877929688,0.0,0.0,148.1356964111328,0.0,1433.2711181640625,303.9804382324219,625.4761352539062,958.1483764648438,0.0,309.21893310546875,127.14915466308594,0.0,1474.67724609375,0.0,716.5523681640625,285.5494689941406,0.0,0.0,0.0,120.64141845703125,458.4841613769531,204.1470489501953,33.8911018371582,144.43594360351562
66,0.0,1212.3262939453125,5791.2294921875,6398.076171875,6502.16455078125,4054.1611328125,8950.291015625,845.7460327148438,0.0,0.0,3784.60009765625,3153.503173828125,4692.81298828125,1252.93310546875,3557.92626953125,1911.9805908203125,0.0,79.86969757080078,2057.246337890625,1598.078125,1615.2784423828125,1258.9637451171875,899.0073852539062,559.39794921875,1032.5462646484375,475.25958251953125,633.5631713867188,1597.734130859375,4806.0751953125,1683.8284912109375,2740.535400390625,2182.543212890625,0.0,789.9550170898438,2698.41650390625,992.2788696289062,3659.577880859375,279.6427307128906,2631.4228515625,1498.709228515625,43.794593811035156,532.7674560546875,1233.7919921875,191.78416442871094,929.3828735351562,313.4784851074219,966.4657592773438,488.5520935058594,107.93553924560547,627.8731689453125,2182.1240234375,0.0,1986.8385009765625,899.88720703125,1336.369384765625,2001.02685546875,0.0,98.31884765625,1016.4276733398438,210.47955322265625,846.6817016601562,290.15325927734375,650.184326171875,913.8656005859375,0.0,64.74457550048828,348.43035888671875,534.2232055664062,642.687255859375,103.89511108398438,198.5670166015625,191.81500244140625
65,77.07780456542969,607.0300903320312,6423.900390625,3824.05615234375,5406.80810546875,10403.826171875,6531.25,3367.0595703125,0.0,0.0,4070.4892578125,3774.801025390625,5483.54052734375,2358.350341796875,4232.45166015625,1851.6080322265625,0.0,1111.19482421875,1913.23779296875,887.54296875,1744.222412109375,1672.509765625,3505.082275390625,1063.118408203125,0.0,300.6453857421875,3592.015380859375,2306.0341796875,4843.99072265625,3251.149169921875,7712.68994140625,4081.914306640625,0.0,1760.9566650390625,2389.42578125,1016.4441528320312,6102.3134765625,641.6397705078125,3843.03369140625,2227.50634765625,0.0,0.0,839.7237548828125,1931.3480224609375,2238.412841796875,695.44482421875,1821.9012451171875,880.7577514648438,159.6213836669922,120.66681671142578,881.9781494140625,1360.2548828125,4712.49951171875,1146.1651611328125,2773.255859375,3294.5126953125,0.0,581.050048828125,874.7673950195312,567.6237182617188,2622.136474609375,985.7326049804688,1805.69921875,1543.768798828125,0.0,400.5635986328125,240.6321563720703,706.921875,2497.611083984375,361.1106872558594,1146.6800537109375,1059.0633544921875
62,0.0,848.3585205078125,8698.1376953125,5931.515625,11527.4833984375,4661.9052734375,5925.45166015625,717.0437622070312,0.0,0.0,4179.529296875,3330.15185546875,3104.771240234375,3938.162109375,4261.50927734375,0.0,0.0,1347.0433349609375,5127.76318359375,1713.63427734375,3636.917236328125,2770.4150390625,2454.47265625,702.0423583984375,173.9418182373047,0.0,5292.9912109375,997.0653686523438,4562.53271484375,5618.0751953125,5287.365234375,5282.69677734375,0.0,533.2029418945312,4719.9248046875,2475.398193359375,3862.044189453125,1118.4569091796875,3493.809814453125,5172.720703125,0.0,1404.385986328125,3401.5380859375,1241.675537109375,2357.195556640625,647.0633544921875,1892.217529296875,1270.7779541015625,2132.9150390625,3867.070068359375,1748.556640625,743.567626953125,2555.565673828125,1276.8521728515625,2675.656982421875,2627.03955078125,546.3760986328125,942.7915649414062,938.0745849609375,498.190673828125,2644.443115234375,1860.4129638671875,2169.098388671875,2269.326171875,0.0,367.21319580078125,1845.483642578125,1013.6337280273438,1673.4033203125,712.5001831054688,1292.3778076171875,1679.3248291015625
21,0.0,0.0,10581.775390625,4498.7001953125,11290.498046875,8217.861328125,14694.3564453125,3380.998291015625,0.0,0.0,7958.1142578125,5870.81884765625,8725.337890625,10516.2138671875,9447.59765625,2682.064697265625,0.0,0.0,4553.52734375,3822.580810546875,4747.38134765625,6553.5458984375,6614.4296875,514.6421508789062,1477.537841796875,3560.922119140625,6706.2216796875,2876.67626953125,20123.439453125,10413.0078125,12152.041015625,2952.513427734375,0.0,329.1934509277344,6945.4736328125,7691.48486328125,9570.1220703125,7159.42041015625,10436.294921875,1093.448974609375,0.0,517.8587036132812,7936.6572265625,2147.508056640625,5482.98681640625,4895.29443359375,5441.53759765625,3566.617431640625,1.77081298828125,0.0,3615.626220703125,3050.138427734375,8399.646484375,5845.98583984375,9118.638671875,4175.041015625,0.0,0.0,2042.1842041015625,1014.434326171875,7214.7763671875,6121.2685546875,5587.1328125,4022.13818359375,0.0,422.3616943359375,2673.6279296875,1483.0888671875,4159.642578125,3285.173828125,3596.05224609375,3034.324951171875
95,0.0,107.22010040283203,0.0,0.0,274.758056640625,4.747816562652588,159.3394775390625,148.9872589111328,0.0,0.0,0.0,0.0,0.0,0.0,0.0,0.0,0.0,0.0,0.0,0.0,0.0,0.0,0.0,0.0,0.0,0.0,0.0,0.0,0.0,0.0,0.0,0.0,0.0,0.0,0.0,0.0,0.0,0.0,0.0,0.0,0.0,0.0,0.0,0.0,0.0,0.0,0.0,0.0,0.0,0.0,0.0,0.0,0.0,0.0,0.0,0.0,0.0,0.0,0.0,0.0,0.0,0.0,0.0,0.0,0.0,0.0,0.0,0.0,0.0,0.0,0.0,0.0
84,0.0,2125.904052734375,9004.349609375,4214.08740234375,13920.9814453125,12316.2470703125,4134.9482421875,1672.566650390625,0.0,1705.456298828125,8717.1337890625,2038.2620849609375,5043.7265625,14386.4677734375,5253.6630859375,5617.91552734375,0.0,0.0,5903.41552734375,2428.341552734375,2743.1142578125,6679.9013671875,3743.708740234375,0.0,0.0,748.0345458984375,6408.3974609375,2579.612548828125,8324.892578125,7598.29296875,7196.65673828125,2055.7666015625,0.0,1349.8936767578125,6794.83935546875,6423.5,6616.369140625,3467.9951171875,7248.419921875,153.56544494628906,0.0,0.0,3502.70703125,4962.587890625,6220.58056640625,1857.0513916015625,3929.265869140625,1075.08056640625,1869.667724609375,3170.7626953125,4378.53515625,742.0244750976562,4065.92919921875,0.0,5915.83251953125,5015.0263671875,3100.975830078125,296.21844482421875,2398.952880859375,1186.3680419921875,6028.4580078125,909.8311767578125,4784.8125,2962.64697265625,626.1476440429688,1280.36572265625,2805.3056640625,1342.433349609375,3160.728515625,1445.2877197265625,2371.787353515625,1683.8646240234375
58,0.0,257.430419921875,11179.2607421875,3427.707763671875,20242.189453125,8761.021484375,16520.03125,4242.318359375,0.0,1717.1917724609375,9109.873046875,4471.888671875,16440.78125,13849.8369140625,10924.9912109375,2289.554931640625,0.0,3388.998779296875,16659.12109375,1604.794921875,14377.201171875,13922.80859375,9781.1796875,1567.6834716796875,0.0,3085.48828125,11699.3515625,4149.22021484375,19831.41015625,18037.53125,14718.6533203125,10438.037109375,0.0,0.0,11973.916015625,5654.34814453125,11790.126953125,12306.8349609375,13015.7529296875,8321.9599609375,0.0,1420.9681396484375,13357.06640625,32.699363708496094,11230.806640625,16989.490234375,14284.447265625,4539.09423828125,0.0,226.0475616455078,8911.5205078125,2806.7421875,12421.0947265625,14838.025390625,12406.2900390625,2386.386474609375,0.0,1806.2196044921875,9978.44140625,4176.46923828125,17489.755859375,8190.9423828125,4614.9453125,3904.2099609375,0.0,5539.8076171875,12270.3212890625,3914.948974609375,21266.412109375,11721.822265625,12261.640625,6851.64111328125
64,3521.25341796875,5060.75390625,6946.978515625,2373.672119140625,8996.119140625,10769.6796875,10008.5556640625,2806.426025390625,0.0,2981.58251953125,9196.380859375,1218.5208740234375,6275.58203125,7126.47802734375,6668.697265625,3312.7236328125,0.0,1637.2291259765625,4037.988525390625,3603.0703125,2467.194580078125,3064.791259765625,2898.84228515625,110.66901397705078,0.0,358.3934326171875,9189.2607421875,3315.906494140625,7715.48486328125,3785.92041015625,5972.53564453125,2690.7509765625,0.0,2734.685791015625,5197.4921875,1407.271484375,5020.4033203125,3226.15087890625,5827.046875,2125.876708984375,0.0,0.0,1975.0335693359375,3514.941162109375,5657.892578125,2190.708984375,2423.114990234375,1391.1224365234375,1996.30615234375,2067.953857421875,2309.745849609375,0.0,5238.94921875,1591.8782958984375,3793.708740234375,3748.9033203125,2551.90576171875,0.0,2095.26318359375,1615.6968994140625,2046.9461669921875,863.7330932617188,2435.814697265625,1850.0692138671875,0.0,293.1839599609375,1133.333984375,351.9451599121094,2691.947265625,0.0,961.3568725585938,789.3523559570312
83,0.0,1449.014892578125,13460.9150390625,9660.0693359375,8866.22265625,9109.49609375,14009.5732421875,3681.462158203125,0.0,2928.05078125,9933.00390625,7034.22021484375,15012.853515625,7893.7470703125,15425.2978515625,422.5211181640625,0.0,2472.9658203125,6990.67724609375,3771.35400390625,4675.400390625,5864.12548828125,8399.115234375,1447.48779296875,0.0,6437.2724609375,11398.603515625,3797.452880859375,17254.884765625,6911.9228515625,12873.357421875,275.1278076171875,0.0,6168.78564453125,9289.5791015625,2766.337890625,11872.32421875,10165.2158203125,9864.876953125,3297.49853515625,0.0,0.0,7660.9931640625,3237.366943359375,4604.1181640625,5116.90673828125,4659.61474609375,2572.00390625,1527.37744140625,1950.4339599609375,6506.5869140625,877.9505615234375,10347.4345703125,5177.30322265625,8780.0693359375,7863.3505859375,0.0,0.0,5343.51416015625,1196.4884033203125,6712.76708984375,5768.37353515625,7814.20166015625,4307.2763671875,0.0,0.0,3455.346435546875,1746.8466796875,4907.0205078125,2978.994873046875,5225.59521484375,2495.756103515625
94,0.0,6353.76171875,6739.291015625,701.8959350585938,13548.548828125,6584.35009765625,8968.2109375,5452.37890625,0.0,2596.607177734375,8939.3896484375,3238.2578125,4127.47119140625,7900.6630859375,7873.20068359375,4024.767333984375,0.0,1334.2484130859375,4606.9462890625,2483.280517578125,4019.499267578125,5206.119140625,4069.56103515625,653.4917602539062,0.0,2201.561767578125,7745.103515625,4121.5087890625,5941.52880859375,4692.31640625,5676.2177734375,5236.1220703125,0.0,0.0,7188.21923828125,6387.98193359375,10544.8623046875,5295.1826171875,4984.88232421875,4148.2626953125,0.0,639.4469604492188,1963.6041259765625,3838.016357421875,3708.08154296875,1725.1072998046875,4085.86279296875,2438.630615234375,3367.028564453125,2079.40576171875,3521.504638671875,572.2810668945312,8702.5654296875,2682.654541015625,2943.68408203125,2536.178466796875,0.0,1258.9735107421875,1472.0692138671875,484.5629577636719,4634.57958984375,1610.0599365234375,4067.7431640625,3813.859619140625,0.0,774.877685546875,247.1843719482422,531.9573974609375,3126.65478515625,182.24237060546875,1742.0050048828125,2227.702392578125
0,0.0,0.0,158.7143096923828,62.69617462158203,339.3580017089844,245.725830078125,302.4438171386719,342.0608215332031,0.0,0.0,0.0,0.0,0.0,0.0,0.0,0.0,0.0,0.0,0.0,0.0,0.0,0.0,0.0,0.0,0.0,0.0,0.0,0.0,0.0,0.0,0.0,0.0,0.0,0.0,0.0,0.0,0.0,0.0,0.0,0.0,0.0,0.0,0.0,0.0,0.0,0.0,0.0,0.0,0.0,0.0,0.0,0.0,0.0,0.0,0.0,0.0,0.0,0.0,0.0,0.0,0.0,0.0,0.0,0.0,0.0,0.0,0.0,0.0,0.0,0.0,0.0,0.0
99,0.0,282.5895690917969,1891.5328369140625,342.2945556640625,2263.2265625,547.507080078125,1090.185791015625,972.765625,0.0,2.7431607246398926,41.659149169921875,263.8976745605469,406.9411926269531,168.10430908203125,54.45039749145508,170.9753875732422,0.0,0.0,0.0,0.0,0.0,0.0,0.0,0.0,0.0,0.0,139.7854461669922,309.7206726074219,437.0845947265625,250.4208221435547,0.0,134.94287109375,0.0,0.0,0.0,7.610874176025391,3.3173367977142334,4.399345874786377,0.0,4.518143653869629,0.0,0.0,0.0,0.0,0.0,0.0,0.0,0.0,0.0,0.0,0.0,0.0,0.0,0.0,0.0,0.0,0.0,0.0,0.0,0.0,0.0,0.0,0.0,0.0,0.0,0.0,0.0,0.0,0.0,0.0,0.0,0.0
96,0.0,7462.4501953125,10575.6611328125,6168.12060546875,10790.79296875,11716.4599609375,12670.3291015625,0.0,0.0,0.0,9512.419921875,2464.25244140625,11923.638671875,14265.0283203125,9244.8486328125,1242.9483642578125,0.0,3302.914306640625,10449.2822265625,4431.65576171875,6918.5986328125,12151.3955078125,10612.9443359375,2865.10498046875,0.0,0.0,10758.458984375,5631.46240234375,13388.8515625,9289.4716796875,13742.1279296875,2686.420166015625,0.0,1345.3291015625,9661.458984375,5502.51806640625,14851.623046875,9067.248046875,9565.4697265625,4409.00439453125,0.0,1033.7325439453125,11779.2666015625,4902.0625,9556.126953125,8558.751953125,6532.107421875,4116.54736328125,0.0,563.3960571289062,9538.00390625,2583.198486328125,12449.9677734375,6900.40087890625,9063.3916015625,8054.9599609375,0.0,1986.8326416015625,7583.974609375,2657.016357421875,10721.814453125,8084.08154296875,11016.9609375,2110.955810546875,0.0,1547.37890625,6567.736328125,4791.89501953125,8258.962890625,7577.57177734375,6499.576171875,1785.58642578125
67,0.0,1136.69775390625,12698.82421875,1593.039306640625,17637.18359375,13193.09765625,12834.625,6480.8505859375,0.0,1061.11083984375,11292.052734375,3712.700927734375,19908.900390625,13473.3037109375,9860.181640625,3182.552978515625,0.0,2452.961669921875,7613.79052734375,1663.3602294921875,11043.7236328125,12228.095703125,9309.2021484375,2184.59765625,0.0,0.0,6963.29833984375,7012.6572265625,11433.767578125,17850.15625,14755.4248046875,2628.637451171875,0.0,0.0,12732.111328125,7869.55517578125,12354.5595703125,18931.68359375,12487.3818359375,3650.554443359375,0.0,0.0,10116.6640625,4645.06298828125,11793.1962890625,10037.267578125,7753.13330078125,2187.9541015625,0.0,1406.0013427734375,7937.96337890625,4515.4267578125,14541.7841796875,7896.8486328125,7059.76025390625,5088.3330078125,3444.796142578125,5213.9765625,12073.0771484375,922.4225463867188,9797.6103515625,6016.77880859375,11130.673828125,2194.578857421875,0.0,1248.8370361328125,8144.212890625,3990.419189453125,9003.6142578125,8918.8515625,10341.474609375,1988.1619873046875
61,0.0,2638.641357421875,14084.11328125,2572.989013671875,16656.64453125,19124.044921875,12602.5556640625,6228.3115234375,0.0,2801.68505859375,9890.3193359375,7778.798828125,12389.9052734375,11058.537109375,11133.791015625,0.0,728.777587890625,0.0,13782.708984375,6420.05712890625,15092.6630859375,13935.0830078125,14228.3369140625,3114.17724609375,0.0,952.4221801757812,11916.5966796875,4246.89306640625,14966.92578125,15761.4443359375,8963.1455078125,3445.93994140625,1388.55810546875,0.0,13619.7216796875,3238.51025390625,7711.6337890625,18114.130859375,10931.5458984375,12646.75390625,0.0,8204.833984375,16027.9453125,4278.9892578125,18031.240234375,12082.4853515625,12700.060546875,3228.35791015625,0.0,649.263671875,16889.2109375,5426.65087890625,15505.34375,10572.2939453125,10990.40234375,5231.43115234375,0.0,3479.720947265625,12775.498046875,5194.59521484375,13599.8271484375,7894.8310546875,13616.8828125,4451.82568359375,569.1200561523438,5960.669921875,10188.4677734375,8708.0224609375,17106.529296875,10697.466796875,12598.892578125,2428.188232421875
43,0.0,9084.9384765625,13813.5849609375,11228.322265625,14265.8076171875,8539.125,12488.6533203125,5626.177734375,0.0,1084.535888671875,6849.7177734375,10716.8046875,10760.2568359375,8252.0029296875,14633.3515625,3145.161376953125,0.0,0.0,4303.458984375,4165.00146484375,7743.3720703125,3872.4013671875,8512.9501953125,3245.700439453125,0.0,7185.3271484375,5904.05615234375,2652.198486328125,17191.625,7188.607421875,10814.111328125,5685.65283203125,667.5553588867188,3674.07763671875,7704.49365234375,5609.11328125,12017.474609375,2944.234130859375,10186.755859375,5441.21240234375,0.0,4502.89892578125,6289.4287109375,199.5989990234375,10125.0654296875,5991.17138671875,6193.16943359375,4099.25732421875,1587.070556640625,0.0,10461.23046875,650.9758911132812,10967.9375,8830.9755859375,6807.3798828125,7643.79150390625,0.0,0.0,1702.21337890625,2371.101318359375,10290.7080078125,7213.216796875,11138.7587890625,4758.59228515625,0.0,133.12725830078125,2934.41015625,1659.5787353515625,5161.51025390625,6248.91943359375,7705.59765625,5409.6923828125
2,137.990234375,876.2157592773438,2575.61865234375,1629.24658203125,5570.22412109375,0.0,4928.71630859375,2520.82568359375,0.0,194.262939453125,1661.7852783203125,1241.114013671875,2069.1875,1360.8052978515625,2248.3974609375,1743.272705078125,0.0,0.0,366.9724426269531,605.4490966796875,476.85101318359375,297.32763671875,188.45628356933594,904.07666015625,23.282636642456055,1259.0540771484375,1499.3531494140625,1478.51220703125,2549.89013671875,0.0,3226.033935546875,2805.058837890625,0.0,271.0030822753906,421.6019592285156,454.3702392578125,2185.301513671875,334.1375427246094,1014.598876953125,585.519775390625,0.0,66.24283599853516,119.15779113769531,106.69136810302734,614.1817626953125,58.609100341796875,48.84294509887695,111.80904388427734,0.0,590.3070678710938,404.97369384765625,414.6160888671875,910.9117431640625,76.83242797851562,0.0,733.190185546875,0.0,189.1803741455078,92.44760131835938,0.0,501.7175598144531,0.0,216.9937286376953,138.11663818359375,0.0,13.017282485961914,30.587692260742188,0.0,41.27674102783203,7.797512531280518,47.03860855102539,21.705379486083984
54,0.0,3069.412841796875,13684.0830078125,3218.53759765625,12059.9248046875,9588.3095703125,9601.9677734375,3952.77490234375,0.0,2803.91015625,15148.2001953125,2595.28271484375,10318.9560546875,18120.517578125,17730.130859375,1356.1922607421875,0.0,2663.83447265625,10413.533203125,6446.91162109375,17162.154296875,9212.00390625,8625.013671875,5457.9921875,0.0,340.8483581542969,7110.396484375,8839.55859375,12083.88671875,21674.177734375,9814.841796875,3561.35595703125,0.0,4770.00830078125,15204.6015625,2994.971923828125,19567.22265625,13552.5791015625,9044.25,11245.091796875,0.0,2729.2197265625,8973.56640625,2247.55029296875,10460.15625,14361.732421875,13232.5107421875,2361.357177734375,0.0,0.0,8881.3984375,2486.658203125,14184.6064453125,13903.3583984375,6448.2587890625,5444.7060546875,0.0,1615.5738525390625,10379.923828125,6618.19482421875,16725.14453125,17464.322265625,8220.896484375,2921.43115234375,0.0,5020.7744140625,10570.9130859375,1587.5345458984375,8858.7724609375,9996.240234375,10201.443359375,4168.677734375
30,0.0,3650.759765625,12743.3994140625,686.72265625,11524.5791015625,15878.6201171875,16637.8125,3314.458984375,0.0,1235.930908203125,13422.53125,1963.3668212890625,17668.650390625,18022.603515625,14243.826171875,4876.1357421875,0.0,274.342529296875,9911.8291015625,1885.024169921875,16074.5302734375,8548.39453125,9073.6767578125,10445.9658203125,0.0,3653.859619140625,9387.45703125,6344.18798828125,14837.3955078125,9724.697265625,13686.6533203125,3347.568603515625,0.0,2467.2861328125,9127.4609375,2801.530029296875,13714.7734375,11343.08984375,6991.412109375,6509.54443359375,0.0,0.0,13540.7734375,9650.31640625,14123.8955078125,13937.2431640625,11792.5458984375,5641.24951171875,0.0,6712.341796875,13493.7509765625,6236.134765625,16786.076171875,12242.2197265625,12532.77734375,3121.385986328125,683.9446411132812,0.0,13075.1611328125,0.0,16274.580078125,12960.3076171875,14417.8017578125,6850.2470703125,0.0,0.0,9932.873046875,2529.053955078125,15883.7724609375,14625.3212890625,11253.578125,6471.37939453125
59,416.87109375,4106.02392578125,9003.37890625,8238.7099609375,14783.3876953125,9072.8955078125,14362.8203125,5808.3544921875,0.0,6002.89013671875,10731.953125,6553.5634765625,11923.548828125,11950.7470703125,17698.490234375,3821.660400390625,0.0,2268.556884765625,6166.61474609375,4320.99755859375,8417.203125,2421.172119140625,9053.8994140625,0.0,1785.540771484375,1666.041748046875,11473.8916015625,2661.8671875,9832.79296875,8087.44873046875,9338.2353515625,5141.71630859375,0.0,1585.0537109375,7550.7451171875,5365.5546875,10293.3203125,4483.79541015625,14008.2109375,7170.01708984375,0.0,4599.98828125,5132.09130859375,3178.678955078125,7239.6708984375,11036.30859375,7794.6064453125,0.0,0.0,1765.2672119140625,5727.07568359375,5480.716796875,7839.04736328125,8124.67236328125,7944.62890625,10492.4599609375,0.0,1098.99169921875,8125.1220703125,3027.191650390625,9039.80078125,3103.218994140625,8272.33203125,3343.620849609375,813.9081420898438,1365.12646484375,4390.0654296875,2247.979736328125,5422.77392578125,7034.0537109375,4819.0517578125,2414.6171875
85,0.0,1765.1490478515625,13222.5146484375,1392.1290283203125,9092.650390625,13281.7705078125,12257.6533203125,4225.6748046875,0.0,2505.3916015625,7501.77978515625,10044.7958984375,7362.39990234375,10865.4052734375,9215.0224609375,1810.077392578125,0.0,2173.86572265625,7227.6064453125,4801.08740234375,3100.72802734375,3143.14013671875,5690.2900390625,0.0,0.0,2531.8984375,3845.668701171875,3123.855712890625,8371.404296875,9998.2255859375,6675.236328125,6141.96044921875,0.0,0.0,6342.171875,6021.23046875,9042.68359375,5769.47802734375,6726.078125,1832.4241943359375,0.0,750.0589599609375,5266.1240234375,4937.861328125,5715.3642578125,3420.06201171875,6067.41455078125,2649.960693359375,1575.1414794921875,1031.0577392578125,5001.5927734375,512.2299194335938,9772.9609375,2946.34619140625,5285.322265625,3975.602294921875,0.0,106.27778625488281,4844.2578125,4298.1826171875,9670.66796875,2578.7421875,6425.509765625,2000.0445556640625,0.0,1841.3388671875,2031.1651611328125,2033.1915283203125,4521.74951171875,1904.569091796875,3269.754150390625,4126.5556640625
74,0.0,0.0,10903.935546875,6848.39306640625,10168.3779296875,12197.01171875,8638.8857421875,1668.77685546875,0.0,1042.2313232421875,6028.92041015625,6287.98779296875,4124.40283203125,5058.71435546875,8248.1162109375,3409.333984375,0.0,404.6716613769531,6053.68359375,4656.150390625,5866.17822265625,2268.095947265625,3019.937744140625,0.0,0.0,788.4014892578125,7129.5048828125,2573.255615234375,7764.41015625,1570.8375244140625,8522.1845703125,2929.059814453125,0.0,2305.454833984375,2532.8701171875,1839.9925537109375,3714.01806640625,1833.6851806640625,6573.91796875,3249.430419921875,0.0,367.9467468261719,4381.74365234375,2388.02587890625,3416.591552734375,1157.625244140625,3218.6015625,1127.170654296875,1806.55517578125,126.00831604003906,2399.370849609375,1375.526611328125,5688.85205078125,709.5870361328125,3822.98681640625,3879.0517578125,0.0,0.0,1888.4066162109375,1873.279052734375,3992.745849609375,1783.647216796875,2194.017333984375,4118.31201171875,0.0,279.41455078125,1383.9302978515625,749.4287719726562,2396.229736328125,428.3761291503906,2019.72998046875,1834.6768798828125
90,0.0,64.16194152832031,1199.1719970703125,1867.597412109375,3159.994873046875,1020.0165405273438,3233.4384765625,1494.04638671875,0.0,0.0,244.89154052734375,1028.1636962890625,713.7050170898438,618.2554321289062,0.0,839.2034912109375,0.0,0.0,0.0,0.0,0.0,0.0,0.0,0.0,0.0,274.04583740234375,0.0,0.0,1077.1680908203125,0.0,113.71343994140625,164.83335876464844,0.0,46.67185974121094,37.26749038696289,0.0,360.23828125,90.39408111572266,187.7904510498047,180.2004852294922,0.0,0.0,0.0,0.0,0.0,0.0,0.0,0.0,0.0,0.0,0.0,0.0,0.0,0.0,0.0,0.0,0.0,0.0,0.0,0.0,0.0,0.0,0.0,0.0,0.0,0.0,0.0,0.0,0.0,0.0,0.0,0.0
18,0.0,851.4443359375,6065.87060546875,3661.407958984375,7616.50244140625,9678.6806640625,6521.5126953125,2106.542236328125,0.0,239.07492065429688,8136.1376953125,4320.41064453125,7035.5888671875,5920.63623046875,4590.048828125,734.1906127929688,0.0,0.0,1661.0482177734375,1944.7979736328125,2228.653564453125,2739.33837890625,3429.440673828125,832.5908203125,1267.3040771484375,1621.488525390625,4898.85400390625,2575.9873046875,6460.595703125,1516.0498046875,5926.27783203125,3184.69921875,0.0,798.5263671875,3726.478271484375,1723.967529296875,4169.87109375,1134.6475830078125,4854.54833984375,1309.97509765625,0.0,372.267333984375,1481.843017578125,1379.6790771484375,2338.65234375,457.15399169921875,1443.006591796875,718.466552734375,1729.3902587890625,3023.59130859375,1912.87255859375,189.72216796875,4597.822265625,1266.988525390625,3627.982421875,2142.8330078125,323.62030029296875,2027.9205322265625,1277.3670654296875,1284.046142578125,1442.2491455078125,283.68023681640625,2108.07177734375,1579.40380859375,0.0,1015.2060546875,1061.8173828125,293.4140625,1290.2869873046875,92.61106872558594,575.0429077148438,339.4559326171875
52,0.0,49.81092071533203,1352.46435546875,573.4844970703125,1754.1552734375,798.69580078125,1354.3662109375,901.0568237304688,0.0,119.39241790771484,0.0,574.9039306640625,264.75665283203125,212.0216827392578,0.0,308.2111511230469,0.0,0.0,0.0,0.0,0.0,0.0,0.0,0.0,0.0,0.0,362.188720703125,146.74118041992188,187.58070373535156,89.03514099121094,0.0,248.7620086669922,0.0,0.0,0.0,47.631046295166016,20.760845184326172,27.532377243041992,0.0,28.275842666625977,0.0,0.0,0.0,0.0,0.0,0.0,0.0,0.0,0.0,0.0,0.0,0.0,0.0,0.0,0.0,0.0,0.0,0.0,0.0,0.0,0.0,0.0,0.0,0.0,0.0,0.0,0.0,0.0,0.0,0.0,0.0,0.0
44,0.0,2678.3154296875,8298.84375,449.3251647949219,7931.89599609375,3038.6923828125,10718.681640625,7667.3271484375,0.0,853.1923217773438,5508.46533203125,819.392333984375,6228.64111328125,3968.34716796875,8571.263671875,3046.272216796875,0.0,484.2353820800781,3227.18798828125,2918.853515625,3058.259765625,1604.8870849609375,1613.737060546875,1024.30517578125,0.0,4087.0283203125,1806.39599609375,935.024169921875,5621.23583984375,3282.423828125,5763.689453125,4523.58154296875,0.0,96.54670715332031,344.535400390625,1699.973876953125,4674.49755859375,2135.19775390625,2351.224365234375,794.196044921875,0.0,74.47370147705078,436.057861328125,1085.1602783203125,1797.48291015625,2183.92431640625,703.590087890625,1090.9599609375,889.83544921875,0.0,1978.0667724609375,432.4828796386719,4194.17041015625,1753.302734375,2411.953125,2190.94921875,0.0,843.2291259765625,540.9540405273438,1834.7335205078125,3811.35791015625,220.00814819335938,1610.055419921875,2492.078125,0.0,341.77703857421875,608.0612182617188,0.0,1810.952880859375,168.7105712890625,461.0738830566406,1543.2427978515625
17,0.0,2141.44970703125,1134.2978515625,3425.47119140625,3714.231689453125,671.1004028320312,3354.14111328125,168.8245086669922,0.0,1467.9364013671875,4379.88427734375,555.7489013671875,2510.74365234375,614.5874633789062,2759.63525390625,1287.5921630859375,0.0,218.72103881835938,1009.0894165039062,211.65016174316406,627.4422607421875,742.4029541015625,691.3963623046875,576.4000244140625,0.0,0.0,127.39530944824219,0.0,2460.984375,706.7442626953125,1837.7489013671875,1953.074462890625,0.0,199.8136749267578,2074.824462890625,526.3993530273438,2180.955322265625,419.15185546875,689.3453979492188,634.8184814453125,0.0,0.0,206.52745056152344,599.2648315429688,584.4563598632812,392.70367431640625,132.13607788085938,516.4502563476562,0.0,0.0,263.578125,0.0,1141.957763671875,141.90048217773438,467.21612548828125,653.8588256835938,0.0,0.0,365.2601623535156,177.77874755859375,130.37716674804688,340.4377746582031,0.0,70.94578552246094,0.0,0.0,0.0,61.984317779541016,27.016979217529297,35.829063415527344,0.0,36.79656219482422
36,0.0,4007.057861328125,4257.88623046875,5988.0322265625,14664.974609375,11955.0869140625,12400.533203125,2559.863525390625,0.0,0.0,10450.0556640625,1916.5025634765625,11929.73828125,12562.3515625,10355.8466796875,3151.4775390625,0.0,634.889892578125,7327.3583984375,4790.03369140625,7054.025390625,5331.5029296875,7437.5166015625,2980.31201171875,0.0,0.0,8815.6552734375,0.0,11997.6396484375,9453.3291015625,13704.1103515625,4972.70068359375,0.0,1141.0501708984375,6493.5185546875,2731.28369140625,9759.6552734375,4725.09619140625,8368.6142578125,930.1434936523438,0.0,1161.722412109375,4258.04736328125,3576.323486328125,3665.5625,3555.42578125,3383.9375,171.74603271484375,0.0,1246.42431640625,4567.78271484375,2089.796630859375,10952.7978515625,4404.0595703125,6224.47607421875,7387.8671875,1226.6251220703125,236.67544555664062,2470.027099609375,680.2809448242188,4459.8076171875,3879.565673828125,8093.548828125,6696.478515625,0.0,980.7874145507812,1947.0682373046875,4268.36474609375,2463.81201171875,734.655029296875,4096.7275390625,1921.552001953125
49,0.0,5187.119140625,13018.970703125,1122.259033203125,15482.078125,16453.59765625,12498.7802734375,5301.1201171875,0.0,0.0,9918.3564453125,5723.92431640625,5976.12890625,10642.515625,9308.5869140625,2557.619384765625,0.0,456.1534118652344,6203.654296875,6849.07763671875,4013.99462890625,4827.16650390625,4827.10400390625,1972.906494140625,0.0,5295.9931640625,9910.900390625,4291.07666015625,11839.83203125,5164.8876953125,10498.60546875,7512.08203125,0.0,1060.7545166015625,6865.51220703125,795.7215576171875,13222.8818359375,5823.30029296875,6363.89208984375,3721.489501953125,0.0,1179.927734375,5133.62548828125,3932.237060546875,5766.64501953125,2474.290771484375,6217.0517578125,2128.193603515625,1001.0237426757812,0.0,3441.46728515625,1323.7574462890625,9397.517578125,2196.493408203125,4838.6884765625,6147.96484375,396.5985412597656,0.0,1670.1307373046875,1781.48291015625,5262.3994140625,452.9420166015625,3741.0029296875,2637.29931640625,571.313232421875,0.0,2519.456298828125,3418.62353515625,5130.8271484375,299.4459533691406,2743.7109375,788.765625
86,0.0,885.871337890625,11634.416015625,1955.2667236328125,12249.9814453125,12576.9833984375,11842.0341796875,4581.509765625,0.0,0.0,10412.5869140625,3250.61669921875,15506.0,14524.3271484375,10663.4697265625,6667.52001953125,1952.1522216796875,1699.4990234375,11883.8134765625,1606.444091796875,12420.3583984375,13744.9814453125,12108.72265625,3515.595458984375,0.0,8100.2431640625,4385.9130859375,1893.9197998046875,12033.638671875,15446.958984375,11658.6552734375,2688.160400390625,0.0,3961.763427734375,12604.1376953125,6439.79345703125,15601.1748046875,8020.65673828125,12132.9150390625,2122.4130859375,1324.582275390625,848.4934692382812,9704.2470703125,4729.146484375,15958.173828125,15926.9228515625,10938.693359375,4764.01171875,0.0,4353.36767578125,15797.4482421875,5796.64404296875,10450.826171875,13923.6103515625,13863.248046875,4315.58935546875,0.0,0.0,12984.482421875,4299.4736328125,14682.0712890625,14555.57421875,25589.431640625,7264.837890625,0.0,9136.3447265625,15371.8251953125,6067.869140625,12672.8740234375,8174.56494140625,15584.080078125,5310.55712890625
37,0.0,718.6827392578125,11001.654296875,1466.280517578125,12478.533203125,15933.734375,12982.4169921875,1648.0521240234375,0.0,6098.80126953125,14325.6220703125,9598.65625,21284.365234375,13763.5654296875,11499.8349609375,7737.4228515625,0.0,4043.05419921875,13238.275390625,5103.48681640625,11627.84765625,12828.9306640625,14245.0048828125,3848.34375,0.0,0.0,13337.669921875,5692.16357421875,11117.2919921875,13525.046875,8794.15234375,13817.3623046875,0.0,5642.47900390625,14717.2578125,680.2634887695312,23693.544921875,11511.12890625,8442.166015625,6269.08837890625,0.0,0.0,18543.4453125,4248.92138671875,18474.373046875,15318.0107421875,8992.0732421875,5100.91796875,20.87054443359375,5578.26953125,11325.123046875,2339.901611328125,16769.009765625,14822.5849609375,13878.34375,4113.0908203125,0.0,84.96510314941406,11118.1181640625,0.0,9185.845703125,18661.66015625,10917.7861328125,5348.9150390625,0.0,0.0,7434.55029296875,1788.468017578125,15326.107421875,13773.8212890625,6644.35009765625,2927.718017578125
56,774.4647216796875,6296.44091796875,11646.9326171875,6048.7236328125,21659.865234375,17249.994140625,11547.330078125,1714.558837890625,0.0,0.0,11457.2783203125,4905.13720703125,15545.814453125,15946.087890625,10996.642578125,10030.5341796875,0.0,274.0172424316406,12169.306640625,794.78466796875,17072.91796875,14462.98046875,10613.7197265625,1955.3223876953125,0.0,444.82696533203125,13400.5576171875,4250.23193359375,19542.595703125,12509.2802734375,12599.5791015625,3315.9248046875,0.0,3463.620361328125,14510.27734375,4089.1083984375,10611.14453125,16048.5224609375,10527.1875,0.0,0.0,0.0,11441.7705078125,11283.5537109375,14009.41015625,16889.154296875,7902.47412109375,1038.29833984375,767.246826171875,6635.1923828125,10523.6845703125,2863.54638671875,19011.265625,12995.2607421875,19361.083984375,4602.76611328125,0.0,0.0,8111.3271484375,6328.2529296875,12597.509765625,11750.8046875,11766.12109375,4946.9384765625,0.0,0.0,10609.525390625,5981.142578125,12794.837890625,20044.560546875,8723.2802734375,5682.78271484375
63,0.0,2654.723388671875,12749.01953125,752.7850341796875,14397.986328125,10648.0693359375,8489.2900390625,8616.4501953125,0.0,242.11788940429688,12130.3916015625,7612.9912109375,11850.279296875,13871.0634765625,19054.58203125,10784.408203125,0.0,2264.982177734375,13315.515625,2885.267333984375,17159.80859375,18670.005859375,13440.5859375,8410.0712890625,2760.144287109375,5847.9150390625,9271.6455078125,0.0,11473.96875,11581.9482421875,14152.73046875,8845.3359375,0.0,0.0,9785.265625,6714.58251953125,13867.6201171875,14982.1923828125,12130.044921875,2504.612060546875,0.0,6403.59033203125,14868.087890625,0.0,9496.1748046875,17026.171875,17571.876953125,6453.06396484375,0.0,0.0,11661.5849609375,0.0,20310.146484375,14347.2919921875,12089.716796875,4604.708984375,0.0,0.0,11160.1220703125,2456.9287109375,11139.1669921875,10873.91796875,3408.58203125,4010.00390625,0.0,0.0,11179.0224609375,2409.191162109375,14100.30078125,18181.814453125,9964.982421875,11022.12890625
35,0.0,0.0,9220.421875,8609.4384765625,13824.96484375,14507.4853515625,13456.4052734375,767.4368896484375,0.0,3173.637939453125,10116.474609375,466.37457275390625,17066.27734375,15432.5419921875,17083.232421875,4022.51611328125,0.0,4228.87841796875,12338.4912109375,6752.25390625,14427.5439453125,11655.3857421875,14243.505859375,3821.126953125,0.0,517.5818481445312,11473.931640625,6512.921875,18064.888671875,13637.388671875,13142.935546875,9829.2666015625,0.0,0.0,13025.7958984375,6491.39892578125,11992.123046875,16803.15234375,12564.03515625,0.0,0.0,2640.47998046875,15011.1904296875,7314.53076171875,15812.08203125,13980.603515625,9783.185546875,6897.59033203125,0.0,2240.38671875,10987.5361328125,4284.2216796875,17569.45703125,17637.224609375,15473.3408203125,1357.2587890625,0.0,2957.153564453125,13681.990234375,11402.642578125,17473.53515625,11364.603515625,16440.490234375,6431.79736328125,0.0,280.4600830078125,15333.7216796875,1669.0867919921875,15665.251953125,13629.6669921875,12267.0869140625,3986.249755859375
97,861.437255859375,16389.267578125,14202.365234375,6379.96240234375,13000.2763671875,9623.8828125,14750.1025390625,5783.400390625,0.0,4074.83837890625,6477.69482421875,7101.14453125,13513.234375,5504.5986328125,20247.228515625,0.0,0.0,5072.21728515625,9668.6513671875,3829.419677734375,15960.322265625,10555.0400390625,11966.5068359375,6133.35791015625,0.0,2349.2060546875,7998.0966796875,5286.11669921875,16056.37890625,8420.34375,14393.70703125,12388.9033203125,0.0,4100.97265625,11367.0380859375,2392.182373046875,14053.552734375,9197.96875,16173.9345703125,783.163330078125,0.0,0.0,12204.0927734375,0.0,22805.212890625,12046.9033203125,13804.2734375,3355.080078125,0.0,0.0,7973.48046875,2731.5751953125,22206.884765625,12489.86328125,12595.6982421875,0.0,0.0,1835.968994140625,9089.0966796875,2366.837158203125,16787.259765625,19442.48046875,14639.7900390625,6322.99853515625,0.0,6839.91796875,10700.208984375,1904.315185546875,12904.166015625,12398.6708984375,7818.14990234375,8048.9560546875
75,1757.9609375,1488.625,7035.9140625,10167.2412109375,16225.015625,12729.2802734375,15254.9873046875,2880.022705078125,0.0,1362.8111572265625,13409.4150390625,3868.643798828125,17313.53125,12454.1591796875,15767.3740234375,5111.65234375,0.0,1985.1741943359375,9118.28125,4883.59716796875,10379.8603515625,9311.74609375,7753.30810546875,974.2041015625,0.0,2941.083251953125,9522.8203125,2458.54833984375,11455.98046875,15564.021484375,14113.990234375,8096.23828125,0.0,0.0,11027.6015625,1537.18212890625,11637.2080078125,11153.71875,9906.2978515625,6134.03515625,0.0,0.0,6300.85693359375,0.0,6675.35693359375,11848.759765625,9836.87890625,5066.92333984375,0.0,4606.3974609375,6126.10693359375,4873.4130859375,15721.91796875,8470.2841796875,12661.8876953125,4386.43603515625,0.0,0.0,8070.60302734375,1838.6036376953125,8653.1064453125,11321.6611328125,8966.5693359375,5104.74609375,0.0,632.57568359375,11119.6337890625,4384.708984375,10174.9453125,7586.8544921875,6654.72216796875,2754.478759765625
57,0.0,8037.42626953125,14705.0986328125,4297.56494140625,10268.78515625,20687.36328125,18522.369140625,7212.849609375,0.0,840.7811279296875,13933.96484375,5754.05224609375,13643.6806640625,13910.927734375,8711.412109375,4361.912109375,0.0,388.5806884765625,11689.455078125,6156.8857421875,9856.7724609375,13441.2119140625,11031.7421875,2194.189453125,0.0,1007.8356323242188,12188.8271484375,2694.0791015625,13369.17578125,14861.431640625,10642.6494140625,12116.3359375,0.0,0.0,9920.328125,3655.306884765625,11929.791015625,13262.4580078125,15073.8359375,5945.138671875,0.0,3081.06689453125,14903.900390625,4067.845947265625,9130.130859375,17022.93359375,10940.8349609375,5649.6591796875,0.0,574.2782592773438,9428.41796875,5633.2861328125,17471.796875,10012.498046875,17046.31640625,4086.29296875,0.0,3501.192626953125,14145.1123046875,2526.062744140625,11596.8916015625,7967.1103515625,8072.1865234375,2190.11181640625,0.0,3189.1640625,7576.90771484375,9982.0693359375,13023.740234375,8553.5107421875,6998.80126953125,3914.40576171875
88,0.0,98.27924346923828,170.6923065185547,44.115474700927734,846.6724243164062,193.482666015625,226.52745056152344,267.0815734863281,0.0,0.0,0.0,0.0,0.0,0.0,0.0,0.0,0.0,0.0,0.0,0.0,0.0,0.0,0.0,0.0,0.0,0.0,0.0,0.0,0.0,0.0,0.0,0.0,0.0,0.0,0.0,0.0,0.0,0.0,0.0,0.0,0.0,0.0,0.0,0.0,0.0,0.0,0.0,0.0,0.0,0.0,0.0,0.0,0.0,0.0,0.0,0.0,0.0,0.0,0.0,0.0,0.0,0.0,0.0,0.0,0.0,0.0,0.0,0.0,0.0,0.0,0.0,0.0
10,0.0,61.31495666503906,13.93698501586914,0.0,118.70791625976562,11.352977752685547,98.63863372802734,64.10701751708984,0.0,0.0,0.0,0.0,0.0,0.0,0.0,0.0,0.0,0.0,0.0,0.0,0.0,0.0,0.0,0.0,0.0,0.0,0.0,0.0,0.0,0.0,0.0,0.0,0.0,0.0,0.0,0.0,0.0,0.0,0.0,0.0,0.0,0.0,0.0,0.0,0.0,0.0,0.0,0.0,0.0,0.0,0.0,0.0,0.0,0.0,0.0,0.0,0.0,0.0,0.0,0.0,0.0,0.0,0.0,0.0,0.0,0.0,0.0,0.0,0.0,0.0,0.0,0.0
53,0.0,1997.51123046875,10277.955078125,7125.87548828125,13446.529296875,14686.8896484375,16334.0185546875,237.32101440429688,514.5111083984375,5003.7275390625,12953.1240234375,3003.757568359375,13796.2900390625,15394.4609375,10810.814453125,0.0,0.0,0.0,13823.73828125,3845.470458984375,12202.3037109375,13933.5234375,11717.025390625,7940.74560546875,0.0,0.0,11775.01171875,4336.15576171875,16864.255859375,11948.607421875,9456.9951171875,5729.05859375,0.0,5765.19482421875,10063.0341796875,2465.88818359375,15046.546875,13208.216796875,10763.1044921875,7155.837890625,0.0,4936.6708984375,11633.26171875,6352.61865234375,10420.5693359375,13820.5078125,13006.0634765625,4488.77978515625,0.0,1827.3118896484375,9326.59375,6207.73681640625,12209.6650390625,8279.5244140625,11126.9912109375,5758.59912109375,0.0,1254.71044921875,14975.1708984375,4961.87158203125,15426.7998046875,14797.388671875,8401.455078125,6981.06591796875,0.0,1064.6473388671875,6436.0380859375,3282.6357421875,12079.109375,8725.517578125,6006.49462890625,2663.649169921875
8,0.0,5535.2783203125,9094.650390625,3445.537109375,12616.30078125,12281.5,9923.638671875,8255.1328125,0.0,664.9017944335938,15526.390625,5510.76806640625,12197.078125,15941.0078125,14058.37890625,3626.06103515625,0.0,6954.50390625,17408.4296875,10426.6298828125,16663.236328125,15622.4912109375,13845.3046875,8743.201171875,0.0,6633.81201171875,11547.3662109375,436.9115905761719,11887.951171875,19633.46875,10602.2490234375,5903.61669921875,0.0,1534.2169189453125,13373.283203125,6461.06005859375,14914.716796875,11636.6064453125,13678.3525390625,4605.8388671875,0.0,4275.52294921875,8167.8291015625,0.0,9521.0166015625,13584.6279296875,11101.634765625,5824.0830078125,0.0,5489.7734375,10395.3466796875,95.81439208984375,13945.146484375,15644.01953125,11460.6044921875,3920.09765625,868.74462890625,0.0,8165.337890625,788.3011474609375,14269.693359375,14161.6435546875,12838.31640625,0.0,0.0,0.0,13472.2890625,2690.916015625,16294.7333984375,13766.9755859375,10161.9677734375,2510.978271484375
39,0.0,1093.704833984375,5781.7158203125,4302.23779296875,5816.26611328125,3186.873046875,8017.67041015625,1831.5782470703125,0.0,1785.7838134765625,2854.2119140625,4634.83984375,4142.3095703125,2648.172119140625,2868.745849609375,1426.1793212890625,0.0,521.21142578125,2571.597900390625,1374.980712890625,1911.8065185546875,1239.0430908203125,1568.6727294921875,1308.3148193359375,165.8601837158203,944.1342163085938,1433.1490478515625,1139.3299560546875,3710.091552734375,541.6104125976562,4705.8994140625,3716.09228515625,0.0,817.9988403320312,1156.3408203125,1099.706787109375,2199.00634765625,428.14019775390625,1902.685546875,1658.1533203125,0.0,0.6728544235229492,1456.290771484375,870.7179565429688,897.081787109375,379.4884033203125,407.1192321777344,1040.0859375,328.01611328125,0.0,376.4269104003906,230.82321166992188,2093.82177734375,928.2694702148438,993.5721435546875,1570.69091796875,44.745704650878906,119.1510238647461,974.5882568359375,567.917724609375,1327.9310302734375,414.9150085449219,1294.5262451171875,500.940185546875,0.0,78.35073852539062,208.5933837890625,414.75006103515625,920.8907470703125,109.56867218017578,178.7637939453125,140.320556640625
47,0.0,0.0,15355.330078125,8127.5498046875,14970.0869140625,14563.12109375,17453.8671875,8169.6826171875,0.0,4153.84619140625,14340.220703125,7377.32666015625,18788.755859375,12613.7705078125,15550.263671875,2287.18408203125,0.0,3203.3251953125,14294.3125,3061.196044921875,13967.2158203125,11732.5556640625,13006.02734375,1818.70947265625,3677.795654296875,6151.1484375,10703.5595703125,9039.9765625,16082.7998046875,12096.4189453125,14071.08984375,6687.04248046875,0.0,0.0,13196.12109375,998.52197265625,14676.1220703125,11491.2275390625,10321.1689453125,1051.174560546875,0.0,2966.9150390625,11267.427734375,3917.5185546875,19726.04296875,15113.37109375,10207.466796875,4649.3623046875,0.0,4582.06787109375,9270.9248046875,3171.806884765625,12567.3671875,9215.3173828125,14569.294921875,6949.87890625,0.0,0.0,9746.46875,3920.361328125,14207.7900390625,10618.3310546875,5275.82421875,10734.86328125,0.0,785.8431396484375,9637.4443359375,2549.8984375,9071.27734375,11709.958984375,15518.30859375,670.1260986328125
60,0.0,1649.05615234375,9355.4716796875,4725.7529296875,12149.4951171875,13699.6611328125,6814.0419921875,7890.482421875,0.0,4542.67333984375,15103.375,5089.6416015625,19914.298828125,13075.1298828125,16692.611328125,8692.9150390625,159.51817321777344,3758.59765625,13198.3447265625,4409.740234375,8467.1728515625,12103.025390625,12583.076171875,2833.33642578125,907.5424194335938,3730.21435546875,13564.3701171875,7617.8916015625,18408.36328125,14103.4306640625,15658.1435546875,813.7560424804688,0.0,0.0,15967.6708984375,9690.2822265625,18387.478515625,13386.3662109375,8908.4033203125,8450.23828125,0.0,314.33123779296875,7281.4228515625,8018.716796875,16190.4365234375,9555.78515625,8795.2919921875,1323.3399658203125,0.0,0.0,15548.859375,4764.64599609375,14110.9990234375,17455.779296875,11866.4921875,3166.535888671875,0.0,1677.8739013671875,8435.9580078125,1246.72900390625,9559.65625,8617.33984375,13602.3447265625,1731.0078125,0.0,0.0,13309.9287109375,6798.3203125,21558.140625,14848.3515625,13802.8623046875,5942.5966796875
89,171.43299865722656,4543.85693359375,17571.662109375,870.160888671875,11114.888671875,11215.18359375,22383.421875,2026.87744140625,0.0,3642.91650390625,10544.41015625,2855.88671875,18843.52734375,10436.4765625,10407.025390625,2802.4794921875,0.0,3354.064208984375,14291.1572265625,8657.6982421875,15566.5458984375,12235.6142578125,7763.4150390625,2371.332275390625,2699.4013671875,5136.92578125,9008.072265625,1369.2274169921875,12877.919921875,16410.607421875,13309.041015625,9613.0,0.0,0.0,13215.0439453125,2361.216796875,13990.884765625,13867.0478515625,9923.798828125,7386.77294921875,0.0,2301.906494140625,10437.0009765625,4791.00634765625,17273.3046875,18162.880859375,15046.8349609375,4299.86083984375,0.0,7.23552131652832,12306.2333984375,3821.46630859375,10966.7958984375,20791.826171875,13045.7763671875,4067.883544921875,0.0,2730.431396484375,11816.84765625,5047.8740234375,18357.123046875,13922.0810546875,8962.5927734375,8206.998046875,0.0,4870.412109375,11299.318359375,3775.41015625,8397.923828125,11782.326171875,14857.361328125,8371.6396484375
51,86.18352508544922,5815.21630859375,17506.05859375,6364.86474609375,17245.763671875,13555.998046875,21093.873046875,7197.58984375,0.0,5764.53369140625,12766.0390625,7111.1982421875,14649.0576171875,13027.837890625,14341.4169921875,3416.975341796875,0.0,4423.26416015625,14621.408203125,11614.9013671875,16727.70703125,14692.28125,15438.576171875,7838.53662109375,1086.7567138671875,5046.63623046875,13576.580078125,4715.361328125,17649.0390625,12330.7880859375,13837.162109375,4955.8056640625,0.0,2154.544921875,13656.7939453125,234.52053833007812,17093.158203125,12971.2373046875,12131.71875,4201.93310546875,0.0,0.0,11738.857421875,0.0,16641.005859375,18659.66015625,13491.7353515625,2757.6982421875,0.0,4139.3916015625,12866.15234375,1699.414794921875,15427.9267578125,13886.771484375,20070.203125,3967.2783203125,0.0,2069.909912109375,13381.19921875,6512.61376953125,14598.5556640625,17304.310546875,15742.87109375,4156.84228515625,0.0,3864.099853515625,11985.8837890625,3689.982177734375,13215.6103515625,9780.77734375,13006.115234375,6982.68408203125
14,0.0,153.1198272705078,902.457275390625,1772.421875,1779.628173828125,15.918285369873047,1242.74853515625,514.8763427734375,0.0,170.94827270507812,456.14312744140625,16.528701782226562,365.6695556640625,433.5423278808594,162.10763549804688,149.8104705810547,0.0,0.0,0.0,0.0,0.0,0.0,0.0,0.0,0.0,238.85328674316406,512.592529296875,81.65605163574219,990.3959350585938,267.454833984375,508.19647216796875,591.5195922851562,0.0,0.0,0.0,139.384033203125,60.75303649902344,80.56874084472656,0.0,82.74436950683594,0.0,0.0,0.0,0.0,0.0,0.0,0.0,0.0,0.0,0.0,0.0,0.0,0.0,0.0,0.0,0.0,0.0,0.0,0.0,0.0,0.0,0.0,0.0,0.0,0.0,0.0,0.0,0.0,0.0,0.0,0.0,0.0
28,0.0,3304.65087890625,9426.7373046875,2123.30810546875,15521.671875,15844.9228515625,9769.203125,6059.45751953125,0.0,0.0,11524.267578125,3951.17041015625,14825.5439453125,8948.6796875,7646.62939453125,4674.21826171875,0.0,1664.65966796875,9445.7666015625,5892.03662109375,8004.4912109375,6225.01953125,8657.75,475.32452392578125,0.0,0.0,9609.7119140625,5637.2109375,16103.65625,6305.6201171875,11633.8212890625,4433.89990234375,0.0,302.0514221191406,3446.6240234375,4926.71337890625,12369.974609375,3732.13916015625,10038.0810546875,4200.40869140625,0.0,0.0,3999.8896484375,3230.1357421875,5947.0185546875,3034.959716796875,7142.52490234375,2290.424072265625,1620.6348876953125,1747.9344482421875,6040.01123046875,2978.891845703125,8474.6708984375,1875.6527099609375,8606.197265625,3998.092529296875,1709.4759521484375,3454.396484375,3937.401123046875,3511.125,6678.0927734375,4875.1962890625,5945.6484375,5253.5634765625,0.0,1168.581787109375,2383.660400390625,2697.864501953125,5228.05615234375,914.4315795898438,3806.158447265625,1632.93115234375
16,0.0,1564.7222900390625,4699.802734375,1892.8447265625,12762.314453125,7654.99560546875,7957.65966796875,2442.74365234375,0.0,319.8674011230469,7318.2265625,3633.19775390625,6779.27685546875,7921.0556640625,9488.3779296875,3048.34033203125,0.0,0.0,5037.62939453125,6788.10986328125,3444.278076171875,3679.4921875,1858.0765380859375,461.57049560546875,0.0,1513.4072265625,6349.7919921875,2353.65673828125,9563.880859375,7483.3203125,9006.5556640625,3159.739990234375,0.0,0.0,4908.71630859375,2881.249267578125,4943.39111328125,7239.97412109375,5907.9560546875,4723.275390625,0.0,346.6846618652344,1489.4500732421875,3943.637451171875,3826.290771484375,1474.490478515625,4460.23046875,699.64501953125,2182.863525390625,315.47509765625,4574.83203125,1002.1453857421875,5995.5625,3104.878173828125,4366.39599609375,4179.4365234375,0.0,1420.9881591796875,1339.842041015625,2411.893310546875,3805.822265625,0.0,3117.783203125,1639.2430419921875,0.0,361.5900573730469,1599.0142822265625,887.622314453125,4422.7333984375,623.4244384765625,1919.453369140625,1429.822509765625
34,0.0,989.4143676757812,968.0350952148438,1381.027587890625,2083.59228515625,295.2485046386719,3833.9248046875,2075.8115234375,0.0,630.634033203125,2133.02490234375,610.3890380859375,978.7244262695312,1210.2093505859375,2525.188720703125,874.661376953125,0.0,0.0,0.0,0.0,0.0,0.0,0.0,0.0,0.0,0.0,1714.0025634765625,844.7696533203125,1888.1658935546875,738.3427124023438,1833.8311767578125,1462.1077880859375,0.0,0.0,1042.1556396484375,1232.44970703125,1312.34521484375,1246.459228515625,294.1455078125,416.6831970214844,0.0,0.0,0.0,0.0,0.0,0.0,0.0,0.0,0.0,0.0,0.0,0.0,0.0,0.0,0.0,0.0,0.0,0.0,0.0,0.0,0.0,0.0,0.0,0.0,0.0,0.0,0.0,0.0,0.0,0.0,0.0,0.0
82,0.0,986.6287231445312,22366.818359375,5156.935546875,11119.015625,17571.990234375,11957.947265625,889.4088134765625,0.0,2002.418701171875,13264.33984375,6393.94189453125,23395.978515625,12918.447265625,12019.755859375,5387.15576171875,0.0,279.0205383300781,16652.912109375,3509.197509765625,16574.74609375,13045.4931640625,16479.10546875,3244.9736328125,0.0,5192.94921875,14698.5751953125,4875.5947265625,23350.150390625,10793.8388671875,10850.869140625,2349.584228515625,0.0,1859.78515625,10576.630859375,4492.36865234375,12485.771484375,14403.994140625,13776.6787109375,6492.8505859375,0.0,2072.4853515625,10970.49609375,8055.2939453125,15307.49609375,8449.0302734375,13447.4111328125,6010.84375,0.0,2400.209228515625,10592.099609375,1962.7852783203125,12846.4775390625,11487.9521484375,13926.685546875,7506.91162109375,0.0,4278.59326171875,18235.037109375,3067.421630859375,12570.00390625,18403.265625,16785.75390625,4595.41748046875,0.0,1700.5179443359375,8690.640625,1193.9708251953125,14790.2138671875,13457.5,6714.3291015625,4448.59814453125
46,0.0,0.0,3852.1259765625,1027.1505126953125,4103.80517578125,3297.286865234375,4354.56640625,3219.834228515625,0.0,0.0,2536.454833984375,5084.03076171875,3722.38818359375,1355.066162109375,3037.3623046875,1160.0804443359375,0.0,943.8826904296875,1303.711181640625,850.9512939453125,771.8963012695312,1044.8857421875,827.4442138671875,678.3799438476562,1202.2236328125,1250.6070556640625,934.1806640625,551.3012084960938,3516.74267578125,882.6497192382812,2295.98046875,1724.7064208984375,0.0,75.78461456298828,776.568115234375,1333.7742919921875,2346.312744140625,0.0,965.8187255859375,1131.781005859375,0.0,0.0,767.2796630859375,515.37744140625,959.3078002929688,675.047119140625,220.4425506591797,1130.763427734375,0.0,0.0,338.06915283203125,258.3474426269531,1565.3076171875,179.88421630859375,453.3923645019531,1589.94091796875,0.0,0.0,372.4697265625,0.0,1515.6524658203125,0.0,420.34320068359375,489.2380065917969,0.0,0.0,0.0,0.0,518.9203491210938,123.20980834960938,44.17705535888672,210.00148010253906
27,0.0,4114.0283203125,12920.357421875,7609.9501953125,19178.087890625,8483.5966796875,14590.9365234375,3778.992431640625,0.0,2492.74072265625,12203.9375,7568.20166015625,13742.0810546875,19104.921875,11121.0302734375,4158.5380859375,0.0,4060.794677734375,10581.9794921875,5859.041015625,12229.849609375,12139.595703125,7541.3779296875,2739.4462890625,0.0,6241.6650390625,8310.49609375,0.0,12498.3388671875,10653.59765625,10274.4130859375,3155.5654296875,0.0,0.0,4738.57373046875,5765.05615234375,17533.841796875,10152.0439453125,10183.134765625,3904.40234375,0.0,0.0,7923.2373046875,0.0,9851.4296875,10281.9765625,11026.8701171875,5705.42919921875,44.49774169921875,2899.771484375,11763.5546875,1899.90380859375,8926.8740234375,14577.2587890625,5933.2041015625,4243.01513671875,3156.0615234375,0.0,13280.630859375,5870.99072265625,12448.32421875,9532.3583984375,10077.513671875,3743.51513671875,0.0,0.0,8528.595703125,4664.41650390625,14737.947265625,7625.89892578125,12887.5,4300.548828125
20,0.0,0.0,7686.3857421875,5486.5166015625,17263.294921875,10150.00390625,15315.91796875,5639.685546875,0.0,0.0,5870.5625,5215.21630859375,5909.26416015625,7019.06884765625,7219.0390625,1826.1502685546875,0.0,0.0,5756.02734375,4760.66552734375,5846.810546875,1661.0235595703125,3585.31982421875,1591.510498046875,0.0,3244.915283203125,6560.33251953125,0.0,9154.3759765625,8162.1572265625,7310.23583984375,4635.84619140625,0.0,0.0,2702.176513671875,4967.130859375,3280.478271484375,2080.79833984375,3544.1787109375,1633.310546875,0.0,818.3587646484375,4217.4296875,1734.820556640625,2451.5791015625,0.0,2376.667236328125,1378.20361328125,412.0731201171875,1308.1026611328125,4235.1240234375,1813.5770263671875,5771.49853515625,831.8798217773438,3672.455322265625,6936.396484375,22.07191276550293,743.3236694335938,1113.03955078125,2027.6240234375,5192.7412109375,1006.7674560546875,4053.155029296875,2763.6728515625,0.0,0.0,1161.11865234375,1474.71533203125,2377.983154296875,411.9615173339844,1298.390625,2463.00927734375
9,0.0,0.0,834.8073120117188,923.637451171875,2680.4326171875,1180.8233642578125,1498.6956787109375,1999.1630859375,0.0,464.6211242675781,1025.8485107421875,1027.611572265625,1330.2921142578125,384.2319641113281,439.35699462890625,648.9076538085938,0.0,0.0,0.0,0.0,0.0,0.0,0.0,0.0,0.0,198.96156311035156,275.3625793457031,737.5055541992188,1212.5379638671875,84.47653198242188,352.9397888183594,196.51258850097656,0.0,16.198854446411133,264.4232482910156,182.26829528808594,853.5330200195312,189.2606964111328,172.16839599609375,424.27972412109375,0.0,0.0,0.0,0.0,0.0,0.0,0.0,0.0,0.0,0.0,0.0,0.0,0.0,0.0,0.0,0.0,0.0,0.0,0.0,0.0,0.0,0.0,0.0,0.0,0.0,0.0,0.0,0.0,0.0,0.0,0.0,0.0
92,0.0,2048.724609375,13806.87890625,3789.2822265625,9479.986328125,17005.16796875,17409.654296875,6038.26806640625,6538.3369140625,0.0,7580.2919921875,2499.474853515625,17646.38671875,16827.9765625,13847.685546875,2393.644775390625,0.0,2394.50830078125,8701.791015625,6180.1083984375,12228.935546875,11535.8583984375,18424.791015625,4699.53173828125,0.0,6400.451171875,14134.240234375,4226.251953125,24242.31640625,11389.365234375,15602.0537109375,1293.87841796875,0.0,146.91110229492188,9748.3115234375,2451.40380859375,14272.9248046875,15263.482421875,12078.376953125,2884.41796875,0.0,1217.5595703125,9484.0390625,4730.48388671875,14315.587890625,12913.6572265625,9944.595703125,3965.934814453125,1212.6939697265625,1243.791748046875,9031.9892578125,1450.064697265625,13398.4775390625,13974.5341796875,15233.1025390625,7207.70947265625,0.0,3515.84814453125,9798.1376953125,7703.98828125,17680.294921875,14992.0185546875,18461.822265625,4378.3408203125,0.0,1694.99462890625,8540.859375,1472.8399658203125,15745.3232421875,8988.798828125,14817.931640625,2244.322998046875
3,0.0,2268.9951171875,11869.1650390625,6138.9921875,21480.2578125,15672.599609375,11427.1923828125,694.6387329101562,0.0,5736.19384765625,12444.802734375,2473.445556640625,11537.88671875,13535.623046875,8681.5302734375,10464.9189453125,0.0,3151.051513671875,16534.634765625,6045.04052734375,15136.794921875,16622.1328125,9052.44921875,1332.4442138671875,0.0,0.0,10950.2744140625,2987.8427734375,20331.103515625,18974.05859375,17465.263671875,3002.876220703125,0.0,741.7014770507812,13675.845703125,0.0,14804.2548828125,13746.4931640625,7694.1123046875,7096.37060546875,0.0,0.0,10261.5,11388.458984375,13325.064453125,14123.419921875,8552.9208984375,4749.91796875,0.0,2506.80615234375,6571.14501953125,10269.6640625,14823.2998046875,12037.8125,14527.673828125,5311.5146484375,0.0,3224.848876953125,10267.275390625,3796.113525390625,15159.5791015625,11683.2021484375,12722.154296875,4089.764892578125,0.0,0.0,15064.607421875,5772.73388671875,10751.0576171875,14711.9296875,13171.33984375,8208.9716796875
98,0.0,304.6993103027344,2355.44921875,879.8150634765625,2171.431396484375,298.4172668457031,1130.9664306640625,1244.0726318359375,0.0,138.9453125,501.3386535644531,479.5213623046875,771.1280517578125,724.5590209960938,339.2370910644531,1003.026123046875,0.0,0.0,0.0,0.0,0.0,0.0,0.0,0.0,0.0,0.0,507.02752685546875,0.0,571.8145141601562,309.13970947265625,21.027755737304688,690.88720703125,0.0,0.0,0.0,221.05923461914062,118.65145874023438,111.40785217285156,0.0,185.058837890625,0.0,0.0,0.0,0.0,0.0,0.0,0.0,0.0,0.0,0.0,0.0,0.0,0.0,0.0,0.0,0.0,0.0,0.0,0.0,0.0,0.0,0.0,0.0,0.0,0.0,0.0,0.0,0.0,0.0,0.0,0.0,0.0
29,0.0,165.05523681640625,2398.957275390625,5288.56396484375,4659.1357421875,1197.38818359375,6247.3603515625,1264.27685546875,0.0,754.3276977539062,2468.662841796875,1133.9644775390625,1425.5233154296875,958.4068603515625,2112.744384765625,1551.3056640625,0.0,215.14576721191406,1067.7860107421875,448.08404541015625,367.7204284667969,381.37628173828125,513.5463256835938,416.48236083984375,0.0,19.46071434020996,153.6401824951172,611.7290649414062,2274.319091796875,925.9828491210938,2650.76806640625,2487.780029296875,0.0,0.0,1685.824951171875,582.3930053710938,1555.4063720703125,1433.8062744140625,880.5780639648438,743.5541381835938,0.0,0.0,0.0,415.44439697265625,191.60130310058594,188.02418518066406,6.314482688903809,207.75552368164062,0.0,214.36114501953125,587.6280517578125,0.0,1028.521728515625,303.4432678222656,573.6689453125,623.2001342773438,0.0,0.0,490.4930419921875,182.82061767578125,223.051513671875,260.17413330078125,0.0,224.65902709960938,0.0,0.0,0.0,41.59867858886719,18.13153076171875,24.045459747314453,0.0,24.69477081298828
80,0.0,923.499267578125,11859.0390625,4345.669921875,19026.75390625,10069.2119140625,12615.6552734375,8449.775390625,0.0,2825.530517578125,10748.826171875,7592.119140625,12638.59375,15938.34375,11434.2041015625,3491.155029296875,0.0,1364.2489013671875,8499.8037109375,5983.265625,9915.8505859375,8161.5107421875,11620.0185546875,1100.3502197265625,0.0,0.0,12920.5625,9771.61328125,12556.099609375,9307.7568359375,13196.0078125,4607.7724609375,0.0,5014.96435546875,9246.564453125,1560.436279296875,15107.05859375,7888.8291015625,9755.7529296875,5636.72705078125,0.0,0.0,7319.82666015625,5482.36572265625,8349.107421875,7430.77685546875,8970.6083984375,5362.20849609375,0.0,3980.16552734375,6990.7099609375,5981.04443359375,9355.4091796875,7862.54150390625,7007.42578125,3738.6220703125,0.0,0.0,6771.9638671875,211.4315948486328,8962.373046875,5840.943359375,5826.09765625,3366.97314453125,0.0,669.459228515625,4902.48486328125,5066.40087890625,7229.81201171875,3162.444091796875,5541.74169921875,2525.494873046875
73,0.0,0.0,12881.2158203125,3472.325439453125,16142.7646484375,16934.984375,15764.162109375,6879.115234375,0.0,4187.58447265625,16323.484375,7675.0859375,9960.24609375,14247.953125,11542.9736328125,0.0,0.0,4847.14892578125,13678.4150390625,12068.796875,13183.7919921875,15916.8544921875,9660.64453125,3866.4853515625,0.0,4661.3427734375,12340.8203125,2067.22021484375,16046.359375,11721.3154296875,13849.6513671875,5940.7099609375,0.0,1961.140380859375,12725.6455078125,0.0,17039.279296875,17129.248046875,8987.58203125,2603.945556640625,0.0,2298.7197265625,10405.982421875,6982.2978515625,10558.6689453125,13524.021484375,8788.015625,5086.07421875,0.0,1240.5421142578125,8649.814453125,5963.6171875,11770.748046875,14720.408203125,8691.2021484375,4211.79443359375,0.0,2894.81298828125,6435.052734375,2807.890380859375,11367.7294921875,13782.841796875,7446.88818359375,5083.23876953125,0.0,194.55706787109375,12661.9404296875,4602.5185546875,7803.34228515625,14422.173828125,5946.47216796875,7088.41162109375
