11,-1701335040.593,-824404132.984,1439082436.529,915622061.645,-1180953194.531,1135021601.237,492186630.596,1924484755.809,-1173894033.54,-133546316.655,99081537.137,23996198.06,-1499343193.757,0.0,0.0,0.0,0.0,0.0,0.0,0.0,0.0,0.0,0.0,0.0,0.0,0.0,0.0,0.0,0.0,0.0,0.0,0.0
19,402531012.783,-620253373.869,-1221567266.505,716216696.77,-683031314.79,937730383.045,-1564231416.226,-633450844.027,-1764161325.261,673664885.431,37883204.556,341098164.177,-319845946.653,196234395.883,-2113374640.256,12597818.061,1595930606.581,-1534049126.066,-726159552.829,1228632244.972,-1544863722.017,0.0,0.0,0.0,0.0,0.0,0.0,0.0,0.0,0.0,0.0,0.0
12,-1450837571.569,83050454.558,-473921634.938,-1057946050.526,54060801.303,1526557470.984,-1460603280.202,-1080553896.483,-858325691.706,-629350598.182,-1560839310.317,-1610599566.848,991394262.058,-2038921427.787,-1950026014.388,-1510763159.087,1467780988.588,2084928047.16,0.0,0.0,0.0,0.0,0.0,0.0,0.0,0.0,0.0,0.0,0.0,0.0,0.0,0.0
38,1048921246.649,-727437870.914,846255058.416,671254182.83,1726722608.988,-1769750980.308,529663070.738,-1163738337.735,-595769048.339,138862215.235,-818730024.073,-122175474.446,0.0,0.0,0.0,0.0,0.0,0.0,0.0,0.0,0.0,0.0,0.0,0.0,0.0,0.0,0.0,0.0,0.0,0.0,0.0,0.0
81,1168982905.987,-1118092452.12,722134922.281,1468513406.024,371653789.758,-2086449386.904,28127652.414,-1576447243.471,-1000391690.556,-931039419.58,-623618108.101,1227085353.071,-449850803.821,-333849077.58,1597368583.196,-155926645.604,-1257721467.071,-1612181022.537,1270976725.448,-1517421559.616,22060366.736,130125358.719,1801584707.797,-866720659.026,71312294.077,-315113795.842,-1835241216.563,0.0,0.0,0.0,0.0,0.0
5,-1765659821.587,707200534.573,-1341626441.458,-9819866.382,1830335274.281,310409690.784,1296295813.899,37196260.163,248648260.736,-1571867808.621,753541121.766,-373928095.677,1701566304.552,433483418.467,369642389.2,-1058852418.943,1951470489.486,0.0,0.0,0.0,0.0,0.0,0.0,0.0,0.0,0.0,0.0,0.0,0.0,0.0,0.0,0.0
40,1281366571.062,858360579.485,-1020737095.145,358907249.752,-1005164135.221,-748220899.209,391728943.438,0.0,0.0,0.0,0.0,0.0,0.0,0.0,0.0,0.0,0.0,0.0,0.0,0.0,0.0,0.0,0.0,0.0,0.0,0.0,0.0,0.0,0.0,0.0,0.0,0.0
70,1244671523.313,-424320585.945,-356901137.207,-1912182329.606,-304586476.524,480372158.909,-1786315516.068,-815489967.993,163261460.089,1764867091.629,-749048316.94,-1086856657.083,0.0,0.0,0.0,0.0,0.0,0.0,0.0,0.0,0.0,0.0,0.0,0.0,0.0,0.0,0.0,0.0,0.0,0.0,0.0,0.0
23,-1423424186.036,1402233652.391,-1251797054.0,-392456167.622,-1970265755.466,-661403335.13,-1923537776.32,1282957437.601,1929244853.702,2112431124.014,-1291379137.26,706644536.773,-1461146060.891,1543916748.561,2078854616.665,770509228.997,389574140.34,-1550696899.234,-382143625.654,-1141753206.378,1731966695.853,1481027213.701,1517890683.187,875172703.512,1367869696.722,-988336771.176,-77503329.665,-1526698438.821,-889245867.037,-820274181.148,887514945.668,-1096620707.616
72,-2108016523.131,-802631485.583,977889492.058,500761088.741,1413380666.821,0.0,0.0,0.0,0.0,0.0,0.0,0.0,0.0,0.0,0.0,0.0,0.0,0.0,0.0,0.0,0.0,0.0,0.0,0.0,0.0,0.0,0.0,0.0,0.0,0.0,0.0,0.0
79,-171025783.568,1678781946.507,0.0,0.0,0.0,0.0,0.0,0.0,0.0,0.0,0.0,0.0,0.0,0.0,0.0,0.0,0.0,0.0,0.0,0.0,0.0,0.0,0.0,0.0,0.0,0.0,0.0,0.0,0.0,0.0,0.0,0.0
78,276109869.63,-761478285.557,440101071.684,-1214774421.605,776485383.642,-495643237.212,-349205616.237,-2026103528.878,472351591.105,-937692330.941,-1421500902.724,2089331034.678,1025150286.039,-1363759447.904,356070328.095,0.0,0.0,0.0,0.0,0.0,0.0,0.0,0.0,0.0,0.0,0.0,0.0,0.0,0.0,0.0,0.0,0.0
87,-1171697151.308,-466129403.234,-218574317.972,-483423170.009,1318074827.879,-1748119814.526,-1845489782.492,1660605693.873,-991260850.384,416841622.189,2121982774.078,1894569973.351,1168353117.317,-73375601.916,-52106421.924,-944899582.09,520721201.46,0.0,0.0,0.0,0.0,0.0,0.0,0.0,0.0,0.0,0.0,0.0,0.0,0.0,0.0,0.0
6,-49856139.781,-130242436.159,1088543941.497,1699059807.619,538894929.19,575088558.065,-715896853.206,1087967449.963,-1560607178.833,960735344.051,897455345.674,382732933.752,0.0,0.0,0.0,0.0,0.0,0.0,0.0,0.0,0.0,0.0,0.0,0.0,0.0,0.0,0.0,0.0,0.0,0.0,0.0,0.0
68,2112826777.105,-256477939.459,-1741375395.228,1636804910.05,622922517.429,501085938.952,-866243412.688,-1000219861.719,-1404461642.427,236172464.828,-1667250619.011,-1560475899.658,23683934.606,2031004669.164,-1118625249.963,1421087909.366,332808271.355,1833418893.511,-515128152.892,25855805.286,-810974455.788,11339333.429,345962913.045,-87712132.638,43600321.544,1744721042.206,0.0,0.0,0.0,0.0,0.0,0.0
69,-1950847215.753,1048525216.64,1765833453.599,-1821526428.086,445270271.747,198316972.712,-1920880255.016,315483921.906,-338005590.264,224513276.481,-2116111044.704,-381966407.549,-1690705890.028,25951740.119,-1586720508.142,1856547954.06,-1949600023.773,-2105126463.603,-1732712844.31,0.0,0.0,0.0,0.0,0.0,0.0,0.0,0.0,0.0,0.0,0.0,0.0,0.0
1,544526179.347,-725591784.851,0.0,0.0,0.0,0.0,0.0,0.0,0.0,0.0,0.0,0.0,0.0,0.0,0.0,0.0,0.0,0.0,0.0,0.0,0.0,0.0,0.0,0.0,0.0,0.0,0.0,0.0,0.0,0.0,0.0,0.0
45,2043405988.724,-2078251590.845,-1935988393.16,-377715945.216,-1331697811.226,1098822665.375,-1359814245.472,-1093787021.281,386972043.124,1993474975.638,-1939245369.359,1409391269.726,1729311046.752,-485363615.121,2128110995.491,-393235030.265,-1079101179.251,0.0,0.0,0.0,0.0,0.0,0.0,0.0,0.0,0.0,0.0,0.0,0.0,0.0,0.0,0.0
33,-824676066.073,-1804956950.511,1992679165.234,-1769343891.053,-660585275.391,819827642.115,-2084063406.887,-616363017.258,1374988973.043,-1310870884.767,-481328072.745,1517914366.205,-1606253893.246,1450368265.661,1182874535.014,-1198153509.113,0.0,0.0,0.0,0.0,0.0,0.0,0.0,0.0,0.0,0.0,0.0,0.0,0.0,0.0,0.0,0.0
15,1274485191.393,-237222960.156,0.0,0.0,0.0,0.0,0.0,0.0,0.0,0.0,0.0,0.0,0.0,0.0,0.0,0.0,0.0,0.0,0.0,0.0,0.0,0.0,0.0,0.0,0.0,0.0,0.0,0.0,0.0,0.0,0.0,0.0
93,-867452862.215,-330034712.389,952971973.947,656631477.1,-389900772.406,0.0,0.0,0.0,0.0,0.0,0.0,0.0,0.0,0.0,0.0,0.0,0.0,0.0,0.0,0.0,0.0,0.0,0.0,0.0,0.0,0.0,0.0,0.0,0.0,0.0,0.0,0.0
24,766553558.502,2103068626.84,-1037359672.333,1963164101.74,1882897607.576,-218847336.03,-996356604.913,-1888646037.582,-999836180.839,927890668.038,-1390689963.691,1533620341.326,1798609354.582,-1722574799.752,0.0,0.0,0.0,0.0,0.0,0.0,0.0,0.0,0.0,0.0,0.0,0.0,0.0,0.0,0.0,0.0,0.0,0.0
25,-108979962.334,1861693022.555,499657293.903,-1631938805.821,-909384066.996,-830991347.184,1209262339.017,-87085926.825,-1445704888.82,-115251194.937,-815020205.782,-527809654.826,780016969.567,-411471171.109,1043121230.906,429171965.749,1769567752.423,941919848.744,1529853456.439,1529472401.599,856902109.789,-1560674210.733,837364691.685,1773302658.081,-1493450221.04,-335132347.667,1012610993.068,-1561387775.451,-986660398.261,1875826362.349,0.0,0.0
26,-1062491660.08,-503069295.976,0.0,0.0,0.0,0.0,0.0,0.0,0.0,0.0,0.0,0.0,0.0,0.0,0.0,0.0,0.0,0.0,0.0,0.0,0.0,0.0,0.0,0.0,0.0,0.0,0.0,0.0,0.0,0.0,0.0,0.0
48,1289264563.435,74116405.897,-2055887407.398,823566857.206,1551899357.668,1599313240.105,1720986824.962,570775421.779,1156891466.298,174798097.761,1759947892.21,-1671005227.658,-240707374.949,506170811.103,240429057.382,972317865.682,874662107.362,1349357415.206,0.0,0.0,0.0,0.0,0.0,0.0,0.0,0.0,0.0,0.0,0.0,0.0,0.0,0.0
71,554826626.016,688889419.762,2022734932.428,1355055585.182,1651929834.261,1730754583.271,-2097573547.032,104763019.73,-830892035.379,1801803307.617,1964857901.926,-1924473148.398,-725573525.806,996368080.113,1601788053.322,1507577087.302,1060694918.525,1795777342.465,332266822.186,787301526.629,392842810.657,726402760.658,-433600064.451,-133569721.461,650525029.993,-1651502963.484,2080341806.564,1287634823.88,0.0,0.0,0.0,0.0
76,1446993471.144,-938042697.37,-1140898799.718,-121555369.576,-963569048.982,1065995092.091,-179584254.46,512157825.476,-411155931.789,-94093067.522,0.0,0.0,0.0,0.0,0.0,0.0,0.0,0.0,0.0,0.0,0.0,0.0,0.0,0.0,0.0,0.0,0.0,0.0,0.0,0.0,0.0,0.0
7,-1275780579.91,-731645675.228,-1093246146.922,0.0,0.0,0.0,0.0,0.0,0.0,0.0,0.0,0.0,0.0,0.0,0.0,0.0,0.0,0.0,0.0,0.0,0.0,0.0,0.0,0.0,0.0,0.0,0.0,0.0,0.0,0.0,0.0,0.0
50,-1309557933.986,1562821535.801,-1584211789.851,918215807.789,476525703.326,-1395387542.802,-992179463.572,-1175694782.852,643306799.609,-1388478395.389,535575188.713,1208628982.547,-1513199418.558,862990497.691,1223192346.469,829472277.12,0.0,0.0,0.0,0.0,0.0,0.0,0.0,0.0,0.0,0.0,0.0,0.0,0.0,0.0,0.0,0.0
22,-508782021.361,1764905737.817,1146417255.101,-1076382208.154,1193957528.811,-1414603469.243,0.0,0.0,0.0,0.0,0.0,0.0,0.0,0.0,0.0,0.0,0.0,0.0,0.0,0.0,0.0,0.0,0.0,0.0,0.0,0.0,0.0,0.0,0.0,0.0,0.0,0.0
4,2075797233.844,1648949314.224,-2116010846.266,1593766556.479,1532405253.165,1947479730.493,1561049574.53,-226213836.086,-1690703156.251,-1118759364.223,-871926515.392,753508466.462,549591949.323,0.0,0.0,0.0,0.0,0.0,0.0,0.0,0.0,0.0,0.0,0.0,0.0,0.0,0.0,0.0,0.0,0.0,0.0,0.0
32,529670631.861,-1333824130.532,-1484995302.47,221168314.47,-1419652359.164,1684764988.696,110123290.517,-1788278153.716,-1079793278.921,-2119618676.406,-576107451.737,373989607.83,654455222.849,-1017895181.797,37695860.667,0.0,0.0,0.0,0.0,0.0,0.0,0.0,0.0,0.0,0.0,0.0,0.0,0.0,0.0,0.0,0.0,0.0
77,418564541.461,115368112.777,-1916134064.366,211916920.62,29051287.637,-1223056704.777,1194896893.592,-209050903.189,-1741981985.009,1328678037.562,1525936671.89,1474393360.462,1511616948.445,-1360736813.204,-729667584.616,2083648401.723,-114615904.355,-1622189010.881,1088735301.813,537819652.908,883295997.716,1968323633.42,-554122592.59,540855077.693,966166141.942,1163279746.295,0.0,0.0,0.0,0.0,0.0,0.0
91,2145510843.556,590917524.419,-629969243.58,-280942369.056,-2146269617.73,1330875349.821,535851825.875,-1820155933.986,-491529467.74,1194323898.095,1960081921.15,208693014.321,-1604225285.248,1303860941.326,1041967508.747,-847449371.315,1508778322.2,-866994084.266,-1483403982.026,1801526453.604,-1851087276.078,0.0,0.0,0.0,0.0,0.0,0.0,0.0,0.0,0.0,0.0,0.0
42,-2131994225.66,1941001268.885,-85022169.962,1104218827.475,1356650872.296,-1514522411.567,-134378040.193,-208822008.6,1574275276.702,1062441103.974,-1767791493.986,-320851468.419,0.0,0.0,0.0,0.0,0.0,0.0,0.0,0.0,0.0,0.0,0.0,0.0,0.0,0.0,0.0,0.0,0.0,0.0,0.0,0.0
13,1762510159.429,-786724252.08,488305572.427,-1941359348.257,-647564545.257,-1035583454.409,176895369.702,632943309.502,1925221958.713,-2039937249.77,2040169092.273,1214643616.753,-1914466829.13,0.0,0.0,0.0,0.0,0.0,0.0,0.0,0.0,0.0,0.0,0.0,0.0,0.0,0.0,0.0,0.0,0.0,0.0,0.0
41,191602496.486,-1749517723.341,-131287287.124,-1895078567.204,752611145.628,-1796174227.707,-1540549373.15,-510612442.506,-609265174.681,-1211398429.376,-802800809.796,-1694860252.972,758395159.374,-720426158.49,-1882157368.131,599828283.434,-1637370323.003,-1203794655.677,556250356.606,2022380330.978,1588907185.125,-1238137115.6,1182567461.297,-470996183.867,-1587149342.894,-1834293563.242,501534793.681,-581197878.915,377458068.958,0.0,0.0,0.0
55,1338244856.109,423000939.866,-1437228998.206,1529559366.206,2018634952.195,959722226.265,-1352465791.678,-977493522.623,907299160.246,-1204062227.867,0.0,0.0,0.0,0.0,0.0,0.0,0.0,0.0,0.0,0.0,0.0,0.0,0.0,0.0,0.0,0.0,0.0,0.0,0.0,0.0,0.0,0.0
31,-1435764431.157,-2137593650.691,516127654.371,1734906061.872,-1284396564.636,206830150.513,1777286807.36,-858356042.689,-1517989034.819,63815648.05,1878631046.538,-1968950012.455,218667307.548,-449304968.379,-1578276430.117,-709366466.925,-1144525588.826,-1631440304.106,-1108851055.89,1941137561.699,733703278.25,-2045517694.062,2111208868.135,714749985.125,0.0,0.0,0.0,0.0,0.0,0.0,0.0,0.0
66,373040480.657,-972916207.755,-569456179.815,1048567342.878,-449688741.469,-546518443.093,-1393130572.341,-1497398096.044,1711050883.258,829130873.101,-203264375.437,1380525923.136,676132985.824,-2040544231.891,-1728181820.604,902627333.472,659217584.401,-1779030287.038,2132987306.009,1506707346.575,-802468410.549,682270816.393,0.0,0.0,0.0,0.0,0.0,0.0,0.0,0.0,0.0,0.0
65,-1502154964.577,1624322666.083,1431765288.63,-1618717382.033,1583172742.491,-759533604.962,-387981048.677,-703366225.566,-1708046650.254,3679774.851,-1383097436.217,11528248.266,-1939983924.711,842803347.521,-502942913.921,-1076546809.519,730705136.268,-803775426.724,2060354959.919,-726625531.255,-541300463.788,-416171059.367,-1634075844.775,0.0,0.0,0.0,0.0,0.0,0.0,0.0,0.0,0.0
62,-1412772950.396,-1130481934.84,-747540655.599,-2037525059.309,864731554.382,-892758941.927,-1076765103.589,871726188.104,-1584053920.228,366052784.614,-569300411.622,-546985910.622,1870505671.442,-1359788532.599,-207247745.156,1733535932.873,-399804320.611,-532802355.566,1912921095.208,1782689453.768,313670549.415,0.0,0.0,0.0,0.0,0.0,0.0,0.0,0.0,0.0,0.0,0.0
21,-2045393083.404,-2102082090.221,-1325164985.396,676088967.561,-1379826556.701,-58196031.966,-501964449.197,1429118156.894,-819876544.822,-21202770.288,693812880.305,-1224516030.412,3096207.593,1504664027.162,1446496760.048,-846544173.049,-1069301505.139,-1141507160.1,1254449445.147,-1354238636.719,1247130357.009,915988247.213,-758852819.23,1575018747.561,1062254307.807,-421883357.689,-2014315243.902,-1939734906.681,-51004125.807,148212487.117,1199692602.032,1094941057.495
95,1362361513.359,1848985497.691,-739289650.949,-1400538973.905,-2072691497.338,-1287057720.367,-557057057.036,1143096915.96,1559115051.001,1184920604.723,-1058357483.616,-718847710.079,616286242.769,496264071.801,-473927747.4,840153015.07,-712309377.712,823071149.129,1779237773.758,762544970.554,-548567382.265,-1360627287.632,-746599543.861,-588353634.812,485386005.031,0.0,0.0,0.0,0.0,0.0,0.0,0.0
84,-1660049502.686,1468239012.124,-158130169.406,-605385671.027,-1963466703.67,60980062.229,-1353097102.661,-351190230.791,-1914188207.716,-2084254363.134,1421515587.341,1574227709.682,1591664914.41,719801416.565,-711456040.792,-678025993.724,-524171748.263,-1046516189.33,685131001.987,1638179778.791,-1435510972.986,-515255879.282,1017089246.793,-2103892838.709,-186941419.142,-2004734529.497,1200467120.47,514815536.413,475557425.051,-1206247037.241,1357936956.645,0.0
58,-845484770.178,906012533.101,-941916384.968,-1449754025.791,9052021.751,783041548.326,0.0,0.0,0.0,0.0,0.0,0.0,0.0,0.0,0.0,0.0,0.0,0.0,0.0,0.0,0.0,0.0,0.0,0.0,0.0,0.0,0.0,0.0,0.0,0.0,0.0,0.0
64,-786019695.739,1553978548.246,-69589140.934,2128851867.584,-453868846.899,-824838177.944,-1892802242.119,-3634667.632,-1852829214.371,0.0,0.0,0.0,0.0,0.0,0.0,0.0,0.0,0.0,0.0,0.0,0.0,0.0,0.0,0.0,0.0,0.0,0.0,0.0,0.0,0.0,0.0,0.0
83,-1304145213.655,1338583688.585,-786704947.243,491121053.858,715955650.267,2004425974.735,-1226089533.112,-1940129797.276,674416125.375,1238115381.852,2130163148.912,-995062141.89,1267866815.493,0.0,0.0,0.0,0.0,0.0,0.0,0.0,0.0,0.0,0.0,0.0,0.0,0.0,0.0,0.0,0.0,0.0,0.0,0.0
94,-1182419603.051,-1619296618.219,1820214559.003,-228988282.219,-368402368.694,1609302708.536,-2059722239.011,-1151427021.392,1613379302.287,1453766216.303,1748192505.218,599895098.683,-1095159112.378,-1704693266.215,0.0,0.0,0.0,0.0,0.0,0.0,0.0,0.0,0.0,0.0,0.0,0.0,0.0,0.0,0.0,0.0,0.0,0.0
0,791455410.545,-449410876.518,440301597.48,1971596063.698,-47217548.27,-589983803.736,-1523224158.394,-435399175.24,1128329369.054,645664059.867,1649769523.519,279756171.229,251614999.928,681441769.413,440423384.912,1138945091.729,-206060653.256,-496293795.38,-1808370001.176,-1851629607.904,-1694076160.088,0.0,0.0,0.0,0.0,0.0,0.0,0.0,0.0,0.0,0.0,0.0
99,-1375636950.532,1839490436.149,-842845259.495,-40989344.419,-1204743066.355,-1548654164.47,-1825343227.855,-145987266.867,2091356401.165,0.0,0.0,0.0,0.0,0.0,0.0,0.0,0.0,0.0,0.0,0.0,0.0,0.0,0.0,0.0,0.0,0.0,0.0,0.0,0.0,0.0,0.0,0.0
96,-1783870544.526,-1305015827.299,1289332475.04,-523878329.137,719299001.391,1154415885.411,-747505516.981,-6667439.709,-2011172605.31,-956921371.544,-295271828.515,1522548702.681,-410389432.268,-802119003.925,853078826.586,-321332824.614,-1176891711.191,-1159713448.586,-1306745230.938,-2014384043.729,0.0,0.0,0.0,0.0,0.0,0.0,0.0,0.0,0.0,0.0,0.0,0.0
67,221469223.215,584255221.451,-1341523323.603,-2116366737.595,1593626377.208,1421092034.181,-310003125.489,398341154.983,0.0,0.0,0.0,0.0,0.0,0.0,0.0,0.0,0.0,0.0,0.0,0.0,0.0,0.0,0.0,0.0,0.0,0.0,0.0,0.0,0.0,0.0,0.0,0.0
61,-473646534.587,-1785671652.645,-124025749.128,-721963865.545,1609078841.339,1305663540.645,1396864368.563,-369685230.832,-1518276086.805,-2029182219.907,236580427.247,1348988792.582,-70516773.694,1345878300.099,422508557.27,-766019855.599,-411657126.983,-595339271.381,-1785633361.318,392231114.47,221035645.603,749147092.868,0.0,0.0,0.0,0.0,0.0,0.0,0.0,0.0,0.0,0.0
43,1735343781.011,1822302220.679,1281615457.412,-1275562276.96,-1394722451.185,-609425937.019,0.0,0.0,0.0,0.0,0.0,0.0,0.0,0.0,0.0,0.0,0.0,0.0,0.0,0.0,0.0,0.0,0.0,0.0,0.0,0.0,0.0,0.0,0.0,0.0,0.0,0.0
2,-640261560.234,1616760898.437,434531848.65,2080447258.909,-827359586.533,1258527198.85,1822765834.145,-2020818708.087,-1370059328.917,2127433739.831,452418380.105,-264545157.462,-1829642334.6,-1176965914.517,1865972818.637,-631086571.92,-371895452.919,1442454279.997,-173479177.007,1006835806.014,-1238310473.829,425885906.379,-531056333.292,1867953132.569,-1253950478.065,1547000856.996,0.0,0.0,0.0,0.0,0.0,0.0
54,815739108.258,227491687.276,0.0,0.0,0.0,0.0,0.0,0.0,0.0,0.0,0.0,0.0,0.0,0.0,0.0,0.0,0.0,0.0,0.0,0.0,0.0,0.0,0.0,0.0,0.0,0.0,0.0,0.0,0.0,0.0,0.0,0.0
30,-14005309.812,-606730280.371,-565449278.277,-1201138488.251,747569018.788,1144147150.273,285456174.431,0.0,0.0,0.0,0.0,0.0,0.0,0.0,0.0,0.0,0.0,0.0,0.0,0.0,0.0,0.0,0.0,0.0,0.0,0.0,0.0,0.0,0.0,0.0,0.0,0.0
59,1703473024.782,1976475039.316,425632830.873,-1351061821.289,1082750605.756,-1001243169.737,1028856209.914,1257639269.305,-1599250675.285,-2024190753.141,-2103774728.576,-404312954.269,1332939149.977,1166582468.468,-1156561113.831,-1928851011.065,1334504364.038,1191066072.796,-1914152425.904,-1676996342.187,721250399.865,0.0,0.0,0.0,0.0,0.0,0.0,0.0,0.0,0.0,0.0,0.0
85,315515573.321,462534676.332,-2026016256.408,554951706.796,-1710482605.834,-941806789.994,1797316554.31,33039006.408,-839214030.625,-1340036235.957,-2106617895.238,-45250646.115,-632242397.268,-836059510.018,-815917068.911,-533831953.612,1139301498.555,-1440242921.121,-977103925.378,4888640.967,0.0,0.0,0.0,0.0,0.0,0.0,0.0,0.0,0.0,0.0,0.0,0.0
74,-1072911769.386,-542074891.263,2119802327.957,1232065727.808,-1507251818.489,784101296.407,-796305934.389,451863639.739,-1768947781.444,1533270586.832,112198152.377,1126487811.509,-141033907.984,1049332526.926,1534378455.33,-2031242730.294,1097823352.601,-1704872999.042,94058549.289,1854830502.258,427474274.683,1237508290.693,1672155319.977,1151736271.16,1544407824.308,1288686915.565,0.0,0.0,0.0,0.0,0.0,0.0
90,-618387215.94,-670444715.767,-637509903.58,-1065663704.711,-636200977.04,630718765.531,1657512944.045,0.0,0.0,0.0,0.0,0.0,0.0,0.0,0.0,0.0,0.0,0.0,0.0,0.0,0.0,0.0,0.0,0.0,0.0,0.0,0.0,0.0,0.0,0.0,0.0,0.0
18,-1852725566.207,-870313378.867,959318849.596,-635237118.111,295497538.572,240537350.073,166421255.553,-443670116.422,-1227245069.242,350645841.862,489235731.447,2112887307.177,1752465359.151,1600102385.962,251268836.669,1445427519.627,-848714005.204,1601772120.89,1343866657.594,-1077797476.782,-621310219.941,0.0,0.0,0.0,0.0,0.0,0.0,0.0,0.0,0.0,0.0,0.0
52,1415704022.966,-1754689834.668,-1601636523.917,-376476015.539,1838309204.711,73248912.226,-1005523840.229,-417104116.795,-1765050715.87,-267489846.294,-913906530.129,-1008871143.804,0.0,0.0,0.0,0.0,0.0,0.0,0.0,0.0,0.0,0.0,0.0,0.0,0.0,0.0,0.0,0.0,0.0,0.0,0.0,0.0
44,-1882044253.854,-2044234069.711,-2010939938.039,589611058.035,822745600.417,1771954198.877,529715661.086,850587535.438,841049366.754,661245571.443,-456397744.914,-1471083739.373,546838004.802,81017687.813,-957333246.56,-2000272243.964,1373833235.394,-1811633961.112,-227846264.694,-1127532488.717,1425563461.25,538692292.065,0.0,0.0,0.0,0.0,0.0,0.0,0.0,0.0,0.0,0.0
17,-1751669883.513,-1326848020.167,160692922.208,1417109947.907,-1365954778.682,0.0,0.0,0.0,0.0,0.0,0.0,0.0,0.0,0.0,0.0,0.0,0.0,0.0,0.0,0.0,0.0,0.0,0.0,0.0,0.0,0.0,0.0,0.0,0.0,0.0,0.0,0.0
36,1760772956.214,843619539.347,-2083330392.27,1492489450.822,-709486139.526,-1520728242.479,37825222.464,-603147561.133,950355100.227,1816535972.567,577225621.822,-171479255.934,-1280220904.599,-744985673.514,-854137177.15,2128858447.275,-1541757418.124,-180107146.9,2037836039.574,1873141520.046,682326176.122,1069691928.621,-265612853.738,-1883273038.346,-1711389712.305,-765052096.413,2060972431.365,0.0,0.0,0.0,0.0,0.0
49,-16319701.943,361190954.4,0.0,0.0,0.0,0.0,0.0,0.0,0.0,0.0,0.0,0.0,0.0,0.0,0.0,0.0,0.0,0.0,0.0,0.0,0.0,0.0,0.0,0.0,0.0,0.0,0.0,0.0,0.0,0.0,0.0,0.0
86,-1014791981.321,1067783608.774,605171777.481,-206434670.601,-1156889588.049,1289443265.594,1837165986.053,122858658.725,47649820.554,21706123.888,-148454202.726,1721794244.615,755092253.092,767979139.109,1522273129.155,-1192065971.11,1328846453.195,-580792276.551,-745543977.985,-137775267.58,123517154.73,342096606.767,-1867430167.238,-589933162.473,-843054594.897,1283884137.791,1446627568.188,-1518030621.943,-1135849020.644,0.0,0.0,0.0
37,328103478.833,-1288657754.469,-202114192.332,1337407244.255,1208726803.656,-413327477.005,-1040623753.96,-232070192.555,1985950053.698,-1029171777.328,-2050986153.804,54001295.685,-556044529.232,305319349.211,1427354191.201,-997748274.576,1476714364.714,310111597.33,-1677515321.508,1836694652.336,-2006111694.789,1379377701.56,0.0,0.0,0.0,0.0,0.0,0.0,0.0,0.0,0.0,0.0
56,1460912015.203,-1911904046.401,1580006853.684,1706943010.072,-1245234625.859,-73493156.123,782866998.558,742120102.745,-1879621533.258,1156292994.487,-1511571595.105,1313684219.74,592522386.182,-1784358572.296,1717687105.823,-1597177655.878,-1336494447.787,-429086821.21,0.0,0.0,0.0,0.0,0.0,0.0,0.0,0.0,0.0,0.0,0.0,0.0,0.0,0.0
63,-240598001.768,682853600.081,852780052.844,308279124.896,111708466.329,-2144577664.952,-1417430515.544,1385929919.85,-1614589837.895,-298588840.485,1548064139.455,-2009821913.6,-1996303631.138,-74576212.366,1575704835.331,934661301.629,1661648784.17,-1546038953.303,-1162200615.865,1492711443.327,-1658919735.133,1668535846.357,683038161.917,1235803841.295,396883322.522,661635660.554,-875553873.237,1017478137.549,399772223.331,-486462604.898,0.0,0.0
35,299002957.851,-861425614.049,1279775839.898,1294655208.84,617576593.242,-1266749329.811,1259875517.172,-419148790.687,-831353632.557,1235201072.277,-272624656.028,-316824619.014,1090038658.815,1336487734.169,1039714403.958,1960208614.097,0.0,0.0,0.0,0.0,0.0,0.0,0.0,0.0,0.0,0.0,0.0,0.0,0.0,0.0,0.0,0.0
97,-740436093.517,-1747459472.959,-827105190.624,-1735226128.558,-1984657419.503,-584730085.224,670288041.703,-1964290548.516,1053134896.007,1429102646.09,956046512.747,1865836143.242,-1819005229.179,1940444931.808,2139634000.517,2071142424.811,525912557.689,1534154565.693,588180417.614,1425414157.694,1032353710.759,-706311227.989,1667350064.662,-494028111.333,-1857546993.413,889785872.392,-1931420861.873,0.0,0.0,0.0,0.0,0.0
75,1385534813.235,2137985806.819,1231594940.594,812215511.765,-1246258266.875,7812234.992,1861829498.309,1544780141.735,1544787202.908,1355994908.509,1102586441.499,-1493103478.654,-734407611.409,-356611963.717,-1154024205.728,-1794573938.545,1269499334.671,410495112.986,-1458167444.668,1965485897.382,1596406440.472,-192057101.899,455879807.102,-155160173.225,0.0,0.0,0.0,0.0,0.0,0.0,0.0,0.0
57,-1176968105.783,-66338601.448,-1676314371.098,1143405384.227,269555571.93,1282611635.04,-516381285.026,0.0,0.0,0.0,0.0,0.0,0.0,0.0,0.0,0.0,0.0,0.0,0.0,0.0,0.0,0.0,0.0,0.0,0.0,0.0,0.0,0.0,0.0,0.0,0.0,0.0
88,-720662882.599,338564493.827,-524379623.822,1098103277.652,18861745.578,863341522.417,-1672912739.966,0.0,0.0,0.0,0.0,0.0,0.0,0.0,0.0,0.0,0.0,0.0,0.0,0.0,0.0,0.0,0.0,0.0,0.0,0.0,0.0,0.0,0.0,0.0,0.0,0.0
10,-1944157596.614,-962230581.318,1920327814.67,1840349832.304,0.0,0.0,0.0,0.0,0.0,0.0,0.0,0.0,0.0,0.0,0.0,0.0,0.0,0.0,0.0,0.0,0.0,0.0,0.0,0.0,0.0,0.0,0.0,0.0,0.0,0.0,0.0,0.0
53,-905850525.001,2054290004.129,518145355.784,1803293231.879,-488637248.351,348762059.067,-1668472284.735,1040180591.724,661546496.622,2040045249.313,2076107791.472,0.0,0.0,0.0,0.0,0.0,0.0,0.0,0.0,0.0,0.0,0.0,0.0,0.0,0.0,0.0,0.0,0.0,0.0,0.0,0.0,0.0
8,-849072599.091,1838407625.993,2014605798.702,-2062549762.462,-2071823077.646,-214090978.986,2057097996.029,-1760791224.425,-554167488.694,687264868.117,-1042129669.95,0.0,0.0,0.0,0.0,0.0,0.0,0.0,0.0,0.0,0.0,0.0,0.0,0.0,0.0,0.0,0.0,0.0,0.0,0.0,0.0,0.0
39,96818060.548,774184223.523,804912268.513,-1309671117.699,993171292.225,-1392673965.263,-1372635857.22,566538388.312,-1468055559.555,-251345866.341,-1736779807.934,2017836184.013,162113880.329,-801366437.336,2002157523.533,868208188.839,1461515484.096,382216153.633,-1541359626.75,-1083847953.526,-1431733914.531,2136814590.987,187067638.985,-1433054339.931,-823699204.833,26548258.735,1574348113.067,0.0,0.0,0.0,0.0,0.0
47,-2087426110.85,1847855510.009,0.0,0.0,0.0,0.0,0.0,0.0,0.0,0.0,0.0,0.0,0.0,0.0,0.0,0.0,0.0,0.0,0.0,0.0,0.0,0.0,0.0,0.0,0.0,0.0,0.0,0.0,0.0,0.0,0.0,0.0
60,146278364.057,2037414152.25,-1005061589.956,-1120475662.294,0.0,0.0,0.0,0.0,0.0,0.0,0.0,0.0,0.0,0.0,0.0,0.0,0.0,0.0,0.0,0.0,0.0,0.0,0.0,0.0,0.0,0.0,0.0,0.0,0.0,0.0,0.0,0.0
89,-1521780139.393,-1529770417.73,194485076.675,358412229.883,-529397363.165,-1267965803.645,-1950946311.737,-1864932846.742,-47081844.483,-518983426.291,-1526571505.547,-1771714712.712,2046522930.805,1386502874.682,0.0,0.0,0.0,0.0,0.0,0.0,0.0,0.0,0.0,0.0,0.0,0.0,0.0,0.0,0.0,0.0,0.0,0.0
51,-1114921526.217,-1034956813.156,-414564954.42,22743493.374,1685609016.334,-1883491820.928,342849383.312,1331312259.44,145623545.569,-82206727.781,-1171947445.055,1036478773.639,-1258949988.883,-1528037281.414,34840001.147,1509589731.645,0.0,0.0,0.0,0.0,0.0,0.0,0.0,0.0,0.0,0.0,0.0,0.0,0.0,0.0,0.0,0.0
14,1803557628.777,239232668.437,1244144669.412,-1063649602.397,-950663719.123,1093643997.535,-957951651.385,768244621.447,296344130.026,0.0,0.0,0.0,0.0,0.0,0.0,0.0,0.0,0.0,0.0,0.0,0.0,0.0,0.0,0.0,0.0,0.0,0.0,0.0,0.0,0.0,0.0,0.0
28,916489593.708,-2017937601.19,-1067015962.399,-385322245.66,1122230815.768,-1236168788.847,1809834910.962,922717985.948,-556298302.723,1472265929.962,-1619339505.696,-1315232818.011,-1901903467.957,-1910597796.485,-618061985.927,-1369558495.078,1567759850.716,477764845.231,-1587213864.994,-1242560192.076,1225037912.251,1023008639.763,-1229629473.467,1317792245.789,452645198.172,-1309361712.628,-1805551609.228,0.0,0.0,0.0,0.0,0.0
16,-841265459.891,-1246779861.414,-776253314.07,-501164135.698,-659849703.398,1461059683.857,1824907932.204,214054295.095,960622053.664,-1507257207.173,-759945680.746,-1520637971.8,-566090163.772,-905020867.915,-1872409713.207,-1897300368.239,1116063744.913,-1459714777.172,1250454323.08,708110102.749,-959898033.298,-207163864.974,0.0,0.0,0.0,0.0,0.0,0.0,0.0,0.0,0.0,0.0
34,-337143144.544,68985734.85,499105889.994,-751373395.093,-614434513.859,1714704300.246,132430810.364,1174828275.059,-1319094220.085,-1135955139.75,671659243.397,606573005.415,-1248870877.344,-339405678.224,-808363500.216,676351754.69,990057460.203,-1919299889.461,-115037800.309,-108540514.098,-1169478180.549,1183734282.537,-1541383116.823,-260399549.862,-696572012.362,0.0,0.0,0.0,0.0,0.0,0.0,0.0
82,1341294102.105,-1441338480.785,1852198169.275,1438582673.737,-1007356415.846,-1610205890.123,594110699.989,1320093590.656,1193741277.035,-1610541803.171,541645059.247,1828004285.739,1396916444.987,1586027411.828,-1828206994.126,333273730.616,-133758939.874,-2138555830.747,-720859250.373,1461085270.133,1592439821.03,312308449.346,531402738.603,-31750028.793,-1733775601.875,0.0,0.0,0.0,0.0,0.0,0.0,0.0
46,400133840.906,-1258771913.61,0.0,0.0,0.0,0.0,0.0,0.0,0.0,0.0,0.0,0.0,0.0,0.0,0.0,0.0,0.0,0.0,0.0,0.0,0.0,0.0,0.0,0.0,0.0,0.0,0.0,0.0,0.0,0.0,0.0,0.0
27,-484296289.971,-746433306.481,897718695.681,-1942508000.039,-395983595.004,-349857540.058,1853675472.838,-630804200.295,-1869912821.582,1333811501.204,-292857260.138,962856720.689,1227867015.648,1929713049.31,-1879419271.52,-1851448072.937,-2135569412.12,-1444921479.807,-665405595.976,439510452.813,1559161465.186,1500274268.01,-1191392269.806,-696213254.56,-21906757.799,-925893359.839,1714592448.336,0.0,0.0,0.0,0.0,0.0
20,-665800726.525,996498023.864,0.0,0.0,0.0,0.0,0.0,0.0,0.0,0.0,0.0,0.0,0.0,0.0,0.0,0.0,0.0,0.0,0.0,0.0,0.0,0.0,0.0,0.0,0.0,0.0,0.0,0.0,0.0,0.0,0.0,0.0
9,-457126503.514,-527832572.983,167685362.638,15876874.545,90177815.369,-826064607.75,-767818733.236,-436274511.665,-1310155698.878,1625972746.029,-1668560935.784,-78104143.159,937068568.301,-2122741824.872,2120055238.399,-2048384189.947,-230567136.334,-1472637890.612,1911938971.003,-959500768.128,-423061915.89,1532711964.347,-1194970174.333,1474612819.993,825875634.993,-1025416390.17,1705206675.706,0.0,0.0,0.0,0.0,0.0
92,-206157205.905,1877347585.572,1151547244.211,205878478.455,-1127637493.953,-735696117.361,1278929924.443,-1126522500.974,-297263406.578,-64098913.479,1577030713.216,-1738875290.973,-193411778.215,-445163611.133,-1977525982.318,-1205315215.939,-1005403381.237,-645793806.841,255284224.406,22093278.338,1262154791.395,105038852.245,1758554288.983,-1284580304.5,-865074466.213,1006759686.114,1250742889.55,-1429541740.197,0.0,0.0,0.0,0.0
3,1111634947.306,-1281030118.785,-344642088.793,1882874389.781,-136927009.177,552697709.799,1459130601.073,-1481689566.626,550258353.538,-1924669254.614,1695873829.962,1532765242.6,1872459194.497,-2095996263.726,-858139217.122,765044048.852,846480449.075,-1458042094.583,239836497.371,0.0,0.0,0.0,0.0,0.0,0.0,0.0,0.0,0.0,0.0,0.0,0.0,0.0
98,303090660.092,102487886.696,1362267865.098,-484302022.201,0.0,0.0,0.0,0.0,0.0,0.0,0.0,0.0,0.0,0.0,0.0,0.0,0.0,0.0,0.0,0.0,0.0,0.0,0.0,0.0,0.0,0.0,0.0,0.0,0.0,0.0,0.0,0.0
29,1708914251.417,1913048253.764,1705873692.394,218300193.654,1110957742.8,-440740475.851,-1306981277.055,1939683562.811,353949054.153,987897847.154,633260655.129,1739987157.27,-1612730299.386,1028329382.537,1194726651.813,378273460.069,210283626.272,121718884.517,2032298403.076,-393602281.859,504286134.816,1139972938.255,-1238895485.692,-796868996.776,380932654.839,1146196831.599,1444535663.022,-1003059735.739,-1661634221.604,0.0,0.0,0.0
80,587314259.659,858840323.693,1477281298.695,-1307607164.327,1089687152.062,1416845554.845,-387686686.005,-1022542341.764,-475760433.126,-2029956701.211,-797505052.58,1162975052.008,576548305.579,1436413259.676,-766014014.124,-1983744183.694,-1355722599.316,1751103049.064,-2139365351.711,-484105974.995,1097525043.129,0.0,0.0,0.0,0.0,0.0,0.0,0.0,0.0,0.0,0.0,0.0
73,-547565853.862,-938109781.809,-903802860.789,-1515401677.004,-119810869.679,1940933343.498,-1653210357.323,0.0,0.0,0.0,0.0,0.0,0.0,0.0,0.0,0.0,0.0,0.0,0.0,0.0,0.0,0.0,0.0,0.0,0.0,0.0,0.0,0.0,0.0,0.0,0.0,0.0
