11,0.0,6254440.0,1604594.0,0.0,18003526.0,0.0,14475304.0,15675612.0,0.0,0.0,0.0,0.0,0.0,0.0,0.0,0.0,0.0,0.0,0.0,0.0,0.0,0.0,0.0,0.0,0.0,0.0,0.0,0.0,0.0,0.0,0.0,0.0,0.0,0.0,0.0,0.0,0.0,0.0,0.0,0.0,0.0,0.0,0.0,0.0,0.0,0.0,0.0,0.0,0.0,0.0,0.0,0.0,0.0,0.0,0.0,0.0,0.0,0.0,0.0,0.0,0.0,0.0,0.0,0.0,0.0,0.0,0.0,0.0,0.0,0.0,0.0,0.0
19,0.0,9411885.0,7178309.5,56286336.0,252068576.0,0.0,72007936.0,76396784.0,0.0,0.0,21129234.0,10595140.0,58753064.0,37806104.0,24193846.0,41222944.0,0.0,0.0,0.0,0.0,0.0,0.0,0.0,0.0,0.0,24037672.0,0.0,0.0,82951616.0,0.0,12235557.0,0.0,0.0,4925693.5,0.0,0.0,26069700.0,5149032.5,9831205.0,10736162.0,0.0,0.0,0.0,0.0,0.0,0.0,0.0,0.0,0.0,0.0,0.0,0.0,0.0,0.0,0.0,0.0,0.0,0.0,0.0,0.0,0.0,0.0,0.0,0.0,0.0,0.0,0.0,0.0,0.0,0.0,0.0,0.0
12,0.0,24018286.0,31895372.0,0.0,65790716.0,24153222.0,49524236.0,43429588.0,0.0,0.0,0.0,0.0,0.0,0.0,0.0,0.0,0.0,0.0,0.0,0.0,0.0,0.0,0.0,0.0,0.0,0.0,0.0,0.0,0.0,0.0,0.0,0.0,0.0,0.0,0.0,0.0,0.0,0.0,0.0,0.0,0.0,0.0,0.0,0.0,0.0,0.0,0.0,0.0,0.0,0.0,0.0,0.0,0.0,0.0,0.0,0.0,0.0,0.0,0.0,0.0,0.0,0.0,0.0,0.0,0.0,0.0,0.0,0.0,0.0,0.0,0.0,0.0
38,0.0,0.0,0.0,70278504.0,368559744.0,251758112.0,122823584.0,59384748.0,0.0,0.0,0.0,81922160.0,174716320.0,17762608.0,79444640.0,50963640.0,0.0,4246388.5,14821690.0,13251227.0,12610225.0,11022044.0,0.0,36039324.0,0.0,51189404.0,44837736.0,60467884.0,295700128.0,1064875.875,124054088.0,145276144.0,0.0,34452248.0,34998904.0,2749822.25,180819984.0,0.0,44497388.0,84791576.0,0.0,2778136.25,20749024.0,0.0,34375520.0,10547499.0,14729145.0,17232126.0,32329152.0,55574620.0,0.0,0.0,72445824.0,0.0,42684444.0,19763368.0,0.0,25512210.0,4082888.75,0.0,57565560.0,0.0,32990578.0,0.0,0.0,2559910.0,6015212.5,0.0,8117266.5,1533418.25,9250363.0,4268465.5
81,0.0,0.0,0.0,159500320.0,407142560.0,0.0,164186848.0,66296648.0,0.0,0.0,9176295.0,16842440.0,125396064.0,6166328.0,22189674.0,44012612.0,0.0,0.0,0.0,0.0,0.0,0.0,0.0,0.0,0.0,62568372.0,0.0,8149758.0,185490032.0,0.0,179427072.0,58058604.0,0.0,23468776.0,42420408.0,0.0,82157760.0,45263324.0,82004488.0,37099056.0,0.0,0.0,0.0,0.0,0.0,0.0,0.0,0.0,0.0,0.0,0.0,0.0,0.0,0.0,0.0,0.0,0.0,0.0,0.0,0.0,0.0,0.0,0.0,0.0,0.0,0.0,0.0,0.0,0.0,0.0,0.0,0.0
5,0.0,0.0,110714992.0,31995738.0,731776960.0,240561216.0,428740832.0,97738232.0,0.0,0.0,18493664.0,2416391.5,491468256.0,336405248.0,232462128.0,240390144.0,0.0,14764048.0,9963506.0,40485244.0,148781008.0,44938760.0,138082800.0,47883220.0,0.0,0.0,0.0,6790823.0,535782496.0,298136064.0,145291232.0,90047808.0,0.0,0.0,0.0,67640304.0,282506432.0,127115888.0,190019424.0,4803856.0,0.0,0.0,0.0,43925244.0,143653584.0,59519104.0,22222508.0,14228942.0,40343712.0,55068988.0,0.0,68906456.0,356180128.0,107140240.0,186382480.0,157493456.0,0.0,39460260.0,23632908.0,12147021.0,272670752.0,11351933.0,93534280.0,145196048.0,0.0,8455593.0,26287014.0,5956790.0,119719952.0,0.0,32627292.0,101082144.0
40,0.0,0.0,0.0,48414296.0,444911488.0,340837024.0,196881696.0,77717776.0,0.0,0.0,0.0,114941760.0,170586976.0,19009226.0,133523432.0,48221320.0,0.0,0.0,1822868.0,1883950.0,15131239.0,20593364.0,32921280.0,31424910.0,19673100.0,36307436.0,28751.78125,0.0,337655456.0,0.0,139936672.0,158225632.0,0.0,0.0,0.0,66978328.0,224703120.0,4836189.0,75345352.0,39959056.0,0.0,0.0,9659090.0,0.0,57646128.0,24217800.0,18433500.0,42487012.0,3121748.75,74718264.0,0.0,0.0,89424704.0,0.0,14895516.0,10306769.0,0.0,25339306.0,0.0,0.0,62102992.0,0.0,16621401.0,0.0,0.0,5786517.5,0.0,0.0,15819034.0,0.0,10317951.0,11133149.0
70,0.0,0.0,0.0,106860688.0,321172000.0,115794448.0,158432400.0,70462472.0,0.0,0.0,0.0,47334408.0,145658880.0,2014886.625,57996388.0,75535768.0,0.0,4020223.0,9734690.0,11185978.0,37172368.0,17714498.0,14969725.0,34723072.0,0.0,61481296.0,19352976.0,21164914.0,307358880.0,0.0,101550760.0,161600160.0,0.0,22721574.0,30569346.0,0.0,178283664.0,0.0,49592724.0,66484292.0,0.0,0.0,21385694.0,10435523.0,24333522.0,10263611.0,12429234.0,21626126.0,0.0,39984904.0,0.0,0.0,62661396.0,0.0,47965888.0,29450220.0,0.0,23136786.0,8809445.0,0.0,40417844.0,0.0,33611108.0,5584359.5,0.0,2361864.0,5549852.0,0.0,7489279.5,1414786.375,8534715.0,3938238.25
23,0.0,0.0,0.0,179839952.0,329761408.0,202245872.0,192090480.0,106882664.0,0.0,0.0,0.0,4640099.5,147603376.0,34903788.0,73666224.0,45823784.0,0.0,0.0,14727687.0,9243978.0,13019480.0,33980332.0,13831131.0,8477358.0,29395292.0,33673404.0,1514280.625,55353384.0,369913888.0,14779334.0,118215624.0,65297548.0,0.0,0.0,12834376.0,28097144.0,166557952.0,6909294.5,66981772.0,50525624.0,0.0,0.0,15086494.0,3801915.5,25546210.0,23779236.0,9710450.0,22706996.0,0.0,59323320.0,0.0,0.0,93275816.0,0.0,19810180.0,0.0,0.0,29913154.0,0.0,0.0,60846716.0,0.0,11421501.0,1218956.5,0.0,346225.875,0.0,0.0,11793339.0,3077588.25,4800033.0,4936252.5
72,0.0,0.0,0.0,12113913.0,664538560.0,338403648.0,539510528.0,147224416.0,0.0,0.0,122000864.0,84146192.0,589256320.0,312953728.0,301316160.0,165880112.0,0.0,704841.0,3496774.5,91820248.0,188223296.0,70637616.0,114478608.0,7727913.5,0.0,0.0,0.0,84603160.0,590230272.0,304270528.0,228069680.0,112696856.0,0.0,0.0,0.0,195128800.0,285122784.0,186147472.0,145175888.0,105267672.0,0.0,0.0,0.0,81680464.0,250753424.0,24844612.0,88151480.0,52232364.0,96420832.0,69052704.0,8308357.0,61419532.0,418877728.0,119065872.0,223068640.0,175403664.0,0.0,52160744.0,25058774.0,23045466.0,294507680.0,0.0,108411720.0,94625600.0,0.0,18302874.0,33550296.0,0.0,175315104.0,0.0,36479312.0,128342568.0
79,0.0,0.0,0.0,31604202.0,533312192.0,295584416.0,144719424.0,224228608.0,0.0,0.0,0.0,84442496.0,185842048.0,105275088.0,181373712.0,0.0,0.0,64292296.0,29233192.0,2061617.25,50770208.0,38170256.0,48383988.0,30681682.0,0.0,17687310.0,0.0,58115788.0,452500288.0,30229170.0,198321920.0,139521296.0,0.0,0.0,0.0,54987632.0,284087488.0,0.0,130447592.0,111118544.0,0.0,333769.75,25911100.0,1590666.75,75299504.0,2808190.25,50351912.0,40369032.0,96117920.0,52794804.0,0.0,0.0,148145616.0,0.0,101346272.0,72598520.0,0.0,34744504.0,43846508.0,0.0,126993352.0,0.0,65236668.0,24914464.0,0.0,29993364.0,45448508.0,0.0,42610452.0,8209778.5,37540260.0,10406448.0
78,0.0,0.0,0.0,0.0,490591488.0,321284960.0,205297824.0,150852560.0,0.0,59569176.0,0.0,23432110.0,183263168.0,85638504.0,212850096.0,39221144.0,0.0,57442136.0,14421229.0,9181774.0,67602896.0,42309532.0,33253802.0,33176436.0,0.0,0.0,0.0,97468392.0,398632896.0,123624712.0,119992256.0,127220128.0,0.0,0.0,0.0,92484448.0,228728448.0,0.0,110355824.0,84469816.0,0.0,1741545.875,23288990.0,4992494.0,56357112.0,10516464.0,36741176.0,25864464.0,58892212.0,63476940.0,36126864.0,0.0,176470288.0,0.0,86615224.0,55231284.0,0.0,41737204.0,44019052.0,0.0,118998544.0,0.0,66766040.0,38026268.0,0.0,22897718.0,24789582.0,0.0,36710136.0,5575088.0,26144696.0,5349761.0
87,0.0,23357340.0,19381270.0,0.0,85631600.0,34877992.0,43013532.0,33399296.0,0.0,0.0,0.0,0.0,0.0,0.0,0.0,0.0,0.0,0.0,0.0,0.0,0.0,0.0,0.0,0.0,0.0,0.0,0.0,0.0,0.0,0.0,0.0,0.0,0.0,0.0,0.0,0.0,0.0,0.0,0.0,0.0,0.0,0.0,0.0,0.0,0.0,0.0,0.0,0.0,0.0,0.0,0.0,0.0,0.0,0.0,0.0,0.0,0.0,0.0,0.0,0.0,0.0,0.0,0.0,0.0,0.0,0.0,0.0,0.0,0.0,0.0,0.0,0.0
6,0.0,16979032.0,16099951.0,0.0,70276688.0,15312205.0,37642300.0,23352064.0,0.0,0.0,0.0,0.0,0.0,0.0,0.0,0.0,0.0,0.0,0.0,0.0,0.0,0.0,0.0,0.0,0.0,0.0,0.0,0.0,0.0,0.0,0.0,0.0,0.0,0.0,0.0,0.0,0.0,0.0,0.0,0.0,0.0,0.0,0.0,0.0,0.0,0.0,0.0,0.0,0.0,0.0,0.0,0.0,0.0,0.0,0.0,0.0,0.0,0.0,0.0,0.0,0.0,0.0,0.0,0.0,0.0,0.0,0.0,0.0,0.0,0.0,0.0,0.0
68,0.0,0.0,0.0,82025344.0,245662912.0,0.0,178766304.0,71708168.0,0.0,0.0,0.0,13345770.0,88818960.0,23402050.0,26864008.0,35385356.0,0.0,0.0,0.0,0.0,0.0,0.0,0.0,0.0,0.0,48166296.0,16796516.0,3240925.5,187581664.0,0.0,134489552.0,43509128.0,0.0,30490762.0,19164196.0,0.0,79253424.0,30898546.0,53987696.0,36453824.0,0.0,0.0,0.0,0.0,0.0,0.0,0.0,0.0,0.0,0.0,0.0,0.0,0.0,0.0,0.0,0.0,0.0,0.0,0.0,0.0,0.0,0.0,0.0,0.0,0.0,0.0,0.0,0.0,0.0,0.0,0.0,0.0
69,0.0,0.0,0.0,0.0,514563328.0,306643616.0,301653312.0,137140288.0,0.0,0.0,0.0,103722248.0,302987360.0,138730544.0,281356832.0,148601136.0,0.0,9123732.0,20670806.0,41845460.0,117919176.0,90912760.0,59369012.0,45820400.0,0.0,0.0,0.0,0.0,570426624.0,117210752.0,109593456.0,153531024.0,0.0,0.0,0.0,158907184.0,258293712.0,55035560.0,198785392.0,41730896.0,0.0,0.0,5303244.5,5253820.0,121834504.0,8131183.0,13599268.0,44512912.0,96273840.0,62964100.0,0.0,0.0,231091904.0,28433358.0,153997680.0,77704032.0,0.0,46215776.0,0.0,0.0,185716368.0,0.0,100015832.0,30648498.0,0.0,17841524.0,43631496.0,0.0,82874520.0,24428432.0,64624992.0,31370412.0
1,0.0,0.0,0.0,68064904.0,246175536.0,0.0,140232208.0,108056248.0,0.0,3022290.75,4218422.5,19327530.0,48008684.0,2681889.0,23073462.0,29246722.0,0.0,0.0,0.0,0.0,0.0,0.0,0.0,0.0,0.0,49492116.0,30868714.0,0.0,117316576.0,0.0,73134176.0,33666836.0,0.0,24567624.0,28681548.0,0.0,60616516.0,12382991.0,30097590.0,10689482.0,0.0,0.0,0.0,0.0,0.0,0.0,0.0,0.0,0.0,0.0,0.0,0.0,0.0,0.0,0.0,0.0,0.0,0.0,0.0,0.0,0.0,0.0,0.0,0.0,0.0,0.0,0.0,0.0,0.0,0.0,0.0,0.0
45,0.0,20836818.0,16587558.0,3316076.25,125418904.0,0.0,38531640.0,78985200.0,0.0,1124277.375,10740167.0,0.0,25227944.0,5760300.5,11154668.0,14492361.0,0.0,0.0,0.0,0.0,0.0,0.0,0.0,0.0,0.0,19028400.0,2455921.25,0.0,36501292.0,0.0,18250542.0,1532005.0,0.0,558706.875,1312836.25,0.0,1771614.75,334672.4375,2018916.125,931603.875,0.0,0.0,0.0,0.0,0.0,0.0,0.0,0.0,0.0,0.0,0.0,0.0,0.0,0.0,0.0,0.0,0.0,0.0,0.0,0.0,0.0,0.0,0.0,0.0,0.0,0.0,0.0,0.0,0.0,0.0,0.0,0.0
33,0.0,24077606.0,27426714.0,0.0,50336484.0,13210856.0,30350740.0,7246997.0,0.0,0.0,0.0,0.0,0.0,0.0,0.0,0.0,0.0,0.0,0.0,0.0,0.0,0.0,0.0,0.0,0.0,0.0,0.0,0.0,0.0,0.0,0.0,0.0,0.0,0.0,0.0,0.0,0.0,0.0,0.0,0.0,0.0,0.0,0.0,0.0,0.0,0.0,0.0,0.0,0.0,0.0,0.0,0.0,0.0,0.0,0.0,0.0,0.0,0.0,0.0,0.0,0.0,0.0,0.0,0.0,0.0,0.0,0.0,0.0,0.0,0.0,0.0,0.0
15,0.0,18376496.0,18627406.0,0.0,129951056.0,3161101.5,37285756.0,94012632.0,0.0,2807987.0,12559381.0,0.0,15531841.0,2917354.25,11623857.0,8336596.0,0.0,0.0,0.0,0.0,0.0,0.0,0.0,0.0,0.0,14050494.0,2032304.875,0.0,34410084.0,440308.9375,13882208.0,5760951.5,0.0,514155.1875,1208149.5,0.0,1630344.75,307985.28125,1857926.25,857317.0,0.0,0.0,0.0,0.0,0.0,0.0,0.0,0.0,0.0,0.0,0.0,0.0,0.0,0.0,0.0,0.0,0.0,0.0,0.0,0.0,0.0,0.0,0.0,0.0,0.0,0.0,0.0,0.0,0.0,0.0,0.0,0.0
93,0.0,0.0,0.0,0.0,25928182.0,7888492.5,9179058.0,10350226.0,0.0,0.0,0.0,0.0,0.0,0.0,0.0,0.0,0.0,0.0,0.0,0.0,0.0,0.0,0.0,0.0,0.0,0.0,0.0,0.0,0.0,0.0,0.0,0.0,0.0,0.0,0.0,0.0,0.0,0.0,0.0,0.0,0.0,0.0,0.0,0.0,0.0,0.0,0.0,0.0,0.0,0.0,0.0,0.0,0.0,0.0,0.0,0.0,0.0,0.0,0.0,0.0,0.0,0.0,0.0,0.0,0.0,0.0,0.0,0.0,0.0,0.0,0.0,0.0
24,0.0,46811408.0,0.0,0.0,626846656.0,240202256.0,264286112.0,196212096.0,0.0,0.0,0.0,108214360.0,368517824.0,120013960.0,199037824.0,50059004.0,0.0,6566386.0,22126806.0,19020672.0,71328368.0,37461316.0,51724648.0,70047576.0,0.0,0.0,0.0,108685864.0,482844352.0,92670384.0,119566880.0,161677632.0,0.0,0.0,0.0,65534808.0,285732384.0,0.0,128420144.0,55387440.0,0.0,0.0,8229508.0,3049998.0,112384096.0,30688488.0,40709980.0,35810908.0,56038436.0,83703192.0,0.0,0.0,228700848.0,37721372.0,157384736.0,99465520.0,0.0,42865340.0,15360006.0,30406862.0,172070800.0,0.0,117433912.0,50380464.0,0.0,27879852.0,19303504.0,0.0,60744384.0,25672028.0,59030512.0,40996572.0
25,0.0,0.0,0.0,110075304.0,390865312.0,283423872.0,196848336.0,158539024.0,0.0,0.0,0.0,70793368.0,166645312.0,0.0,152073808.0,65912416.0,0.0,0.0,14666556.0,0.0,15893350.0,60080424.0,30410152.0,18618630.0,31878256.0,58733700.0,960809.25,28894772.0,456004288.0,103029832.0,139846816.0,207874240.0,0.0,0.0,6660558.0,42674128.0,220311408.0,6770606.5,71989840.0,36908748.0,0.0,0.0,17699674.0,8988996.0,45626248.0,35684000.0,18139998.0,44972572.0,14213002.0,79475952.0,0.0,0.0,94293072.0,0.0,35290700.0,23000322.0,0.0,48336472.0,0.0,0.0,96905768.0,0.0,17984300.0,0.0,0.0,3147613.25,0.0,0.0,20125040.0,3768106.5,9853224.0,10805982.0
26,0.0,31176736.0,38229212.0,0.0,54075588.0,11169356.0,41007720.0,11080591.0,0.0,0.0,0.0,0.0,0.0,0.0,0.0,0.0,0.0,0.0,0.0,0.0,0.0,0.0,0.0,0.0,0.0,0.0,0.0,0.0,0.0,0.0,0.0,0.0,0.0,0.0,0.0,0.0,0.0,0.0,0.0,0.0,0.0,0.0,0.0,0.0,0.0,0.0,0.0,0.0,0.0,0.0,0.0,0.0,0.0,0.0,0.0,0.0,0.0,0.0,0.0,0.0,0.0,0.0,0.0,0.0,0.0,0.0,0.0,0.0,0.0,0.0,0.0,0.0
48,0.0,0.0,0.0,0.0,582770176.0,376928224.0,298713248.0,163341648.0,0.0,0.0,0.0,38219176.0,268913088.0,102030488.0,132707952.0,103290720.0,0.0,15778132.0,54635940.0,25402214.0,32981962.0,59889972.0,49732084.0,64251188.0,0.0,0.0,0.0,13052440.0,643338688.0,164273248.0,126953360.0,185117760.0,0.0,0.0,0.0,164900496.0,336703936.0,28506680.0,118169272.0,109541904.0,0.0,0.0,0.0,24714654.0,98008808.0,7819996.0,23537770.0,47738644.0,85498576.0,70109256.0,9263802.0,0.0,337483072.0,59482992.0,186269776.0,46827080.0,0.0,38759688.0,0.0,23347382.0,193411680.0,0.0,160939920.0,50873208.0,0.0,22382386.0,26766246.0,0.0,97383152.0,45184504.0,69305856.0,50544076.0
71,0.0,0.0,30188504.0,0.0,574738816.0,254632752.0,394021216.0,288160576.0,0.0,0.0,24628650.0,6966357.0,445357376.0,129748680.0,247324352.0,60719308.0,0.0,31293740.0,51629248.0,83035296.0,118931192.0,70481576.0,80537416.0,44504652.0,0.0,24838764.0,0.0,71409064.0,368574240.0,303424672.0,191575456.0,71080640.0,0.0,0.0,0.0,57641872.0,278402848.0,211594640.0,128998376.0,83912520.0,0.0,0.0,0.0,54329484.0,154374448.0,35397396.0,67412728.0,32851704.0,87275912.0,49002976.0,0.0,0.0,327419584.0,92789984.0,150636992.0,132095112.0,0.0,43511280.0,22689540.0,60247568.0,261346192.0,0.0,83825408.0,111910632.0,0.0,35890056.0,36587408.0,12899218.0,134588496.0,0.0,64229364.0,88860816.0
76,0.0,4747288.0,0.0,0.0,15715114.0,0.0,11581789.0,15771136.0,0.0,0.0,0.0,0.0,0.0,0.0,0.0,0.0,0.0,0.0,0.0,0.0,0.0,0.0,0.0,0.0,0.0,0.0,0.0,0.0,0.0,0.0,0.0,0.0,0.0,0.0,0.0,0.0,0.0,0.0,0.0,0.0,0.0,0.0,0.0,0.0,0.0,0.0,0.0,0.0,0.0,0.0,0.0,0.0,0.0,0.0,0.0,0.0,0.0,0.0,0.0,0.0,0.0,0.0,0.0,0.0,0.0,0.0,0.0,0.0,0.0,0.0,0.0,0.0
7,0.0,10851471.0,31501784.0,0.0,43220676.0,21449460.0,23375982.0,21737062.0,0.0,0.0,0.0,0.0,0.0,0.0,0.0,0.0,0.0,0.0,0.0,0.0,0.0,0.0,0.0,0.0,0.0,0.0,0.0,0.0,0.0,0.0,0.0,0.0,0.0,0.0,0.0,0.0,0.0,0.0,0.0,0.0,0.0,0.0,0.0,0.0,0.0,0.0,0.0,0.0,0.0,0.0,0.0,0.0,0.0,0.0,0.0,0.0,0.0,0.0,0.0,0.0,0.0,0.0,0.0,0.0,0.0,0.0,0.0,0.0,0.0,0.0,0.0,0.0
50,0.0,28983352.0,0.0,0.0,674986624.0,134530800.0,494266368.0,110328576.0,0.0,0.0,0.0,0.0,494769408.0,355287136.0,275498208.0,87756344.0,0.0,5514213.0,17071362.0,13580496.0,182883872.0,59467000.0,103796624.0,13754197.0,0.0,0.0,0.0,56390620.0,570701248.0,383595840.0,172998176.0,65292820.0,0.0,0.0,0.0,142241680.0,373570112.0,211166784.0,292544448.0,155643728.0,0.0,0.0,0.0,68836104.0,167887088.0,29251898.0,124413344.0,39588460.0,67864016.0,36627460.0,0.0,68202768.0,481501344.0,170218944.0,201439920.0,152113280.0,45301948.0,42632052.0,3232582.5,41411776.0,420237920.0,33962256.0,131135360.0,124830376.0,0.0,0.0,31132694.0,19283386.0,227094832.0,0.0,74478792.0,52008044.0
22,0.0,30826452.0,27544376.0,898759.25,165914656.0,2082384.0,33152844.0,75212608.0,0.0,1874569.875,16800914.0,10072000.0,25012362.0,8386981.0,9439372.0,12317546.0,0.0,0.0,0.0,0.0,0.0,0.0,0.0,0.0,0.0,29927730.0,3309849.0,0.0,62383392.0,0.0,30779312.0,6720834.5,0.0,1901809.875,4468828.5,0.0,6030487.0,1139207.75,6872289.0,3171132.25,0.0,0.0,0.0,0.0,0.0,0.0,0.0,0.0,0.0,0.0,0.0,0.0,0.0,0.0,0.0,0.0,0.0,0.0,0.0,0.0,0.0,0.0,0.0,0.0,0.0,0.0,0.0,0.0,0.0,0.0,0.0,0.0
4,0.0,30065186.0,0.0,0.0,606435520.0,246932000.0,283832448.0,202755744.0,0.0,0.0,0.0,15553214.0,368529728.0,168401376.0,159677488.0,51583580.0,0.0,12229364.0,33166358.0,19978348.0,35530708.0,36419440.0,23070052.0,20291222.0,0.0,3369523.5,0.0,72753256.0,449983744.0,81810640.0,126119312.0,129622224.0,0.0,0.0,0.0,60497152.0,267297344.0,5023962.0,128177328.0,122533024.0,0.0,0.0,0.0,6480679.0,77952984.0,22838902.0,38209612.0,63682796.0,44205484.0,84695256.0,0.0,0.0,230433472.0,41354688.0,140118080.0,77578992.0,0.0,46329828.0,8280170.5,22293294.0,213634016.0,0.0,94191336.0,66328300.0,0.0,32757278.0,15442008.0,74232.625,65146604.0,27246388.0,54341740.0,38784948.0
32,0.0,0.0,0.0,134158920.0,309918752.0,151071392.0,139078640.0,96999128.0,0.0,0.0,0.0,41462904.0,202659104.0,9307644.0,54000512.0,26537604.0,0.0,0.0,12352001.0,2859960.5,28173610.0,2589496.0,9783348.0,32292382.0,0.0,49223456.0,28285814.0,85923304.0,281374688.0,0.0,103046264.0,136663632.0,0.0,47036508.0,42914596.0,0.0,155726512.0,0.0,40273024.0,127949520.0,0.0,65426.6875,13876137.0,0.0,35299164.0,3774731.0,15035535.0,12660472.0,27924682.0,36771616.0,0.0,0.0,73267216.0,0.0,26299534.0,5042217.0,0.0,26943510.0,1122622.75,0.0,63052456.0,0.0,25395390.0,5989794.0,0.0,1448850.75,3404474.75,0.0,4594189.0,867879.5,5235496.0,2415854.5
77,0.0,3119277.0,0.0,0.0,24849676.0,1106433.25,12631142.0,18334460.0,0.0,0.0,0.0,0.0,0.0,0.0,0.0,0.0,0.0,0.0,0.0,0.0,0.0,0.0,0.0,0.0,0.0,0.0,0.0,0.0,0.0,0.0,0.0,0.0,0.0,0.0,0.0,0.0,0.0,0.0,0.0,0.0,0.0,0.0,0.0,0.0,0.0,0.0,0.0,0.0,0.0,0.0,0.0,0.0,0.0,0.0,0.0,0.0,0.0,0.0,0.0,0.0,0.0,0.0,0.0,0.0,0.0,0.0,0.0,0.0,0.0,0.0,0.0,0.0
91,0.0,0.0,0.0,0.0,559238656.0,371851904.0,237774208.0,179435392.0,0.0,0.0,0.0,125349592.0,164023216.0,180414848.0,247221184.0,114208512.0,0.0,46869756.0,8756642.0,0.0,131412512.0,55077964.0,48329108.0,46263904.0,0.0,0.0,0.0,0.0,412686208.0,32553442.0,135141632.0,148961472.0,0.0,0.0,0.0,74387120.0,242257568.0,0.0,65254856.0,70742552.0,0.0,0.0,12557278.0,6175505.5,90315832.0,6602020.0,33556200.0,40432084.0,43233200.0,105890872.0,2691747.5,0.0,188768976.0,0.0,98017048.0,56589460.0,0.0,37588948.0,20493026.0,0.0,146190368.0,0.0,67184624.0,24227404.0,0.0,15508053.0,31948456.0,0.0,47441840.0,3776814.75,34901584.0,7646598.0
42,0.0,0.0,0.0,110326496.0,316621248.0,823979.375,193609824.0,72250912.0,0.0,0.0,9880572.0,12739540.0,142492320.0,23416346.0,45226468.0,74010624.0,0.0,0.0,0.0,0.0,0.0,0.0,0.0,0.0,0.0,54298792.0,17035326.0,28713922.0,213547392.0,0.0,109598864.0,37391328.0,0.0,40509304.0,26718328.0,0.0,63643236.0,36102828.0,81225528.0,42171644.0,0.0,0.0,0.0,0.0,0.0,0.0,0.0,0.0,0.0,0.0,0.0,0.0,0.0,0.0,0.0,0.0,0.0,0.0,0.0,0.0,0.0,0.0,0.0,0.0,0.0,0.0,0.0,0.0,0.0,0.0,0.0,0.0
13,0.0,5685958.5,0.0,0.0,16985732.0,0.0,11985385.0,13697348.0,0.0,0.0,0.0,0.0,0.0,0.0,0.0,0.0,0.0,0.0,0.0,0.0,0.0,0.0,0.0,0.0,0.0,0.0,0.0,0.0,0.0,0.0,0.0,0.0,0.0,0.0,0.0,0.0,0.0,0.0,0.0,0.0,0.0,0.0,0.0,0.0,0.0,0.0,0.0,0.0,0.0,0.0,0.0,0.0,0.0,0.0,0.0,0.0,0.0,0.0,0.0,0.0,0.0,0.0,0.0,0.0,0.0,0.0,0.0,0.0,0.0,0.0,0.0,0.0
41,0.0,0.0,0.0,91607184.0,259281712.0,148399008.0,142466128.0,57824176.0,0.0,0.0,0.0,14817339.0,134684496.0,380843.1875,36073528.0,26162334.0,0.0,842437.6875,19955752.0,0.0,24782228.0,17908430.0,15106019.0,8919566.0,0.0,51482660.0,28380626.0,26361206.0,272990400.0,0.0,107415360.0,101063344.0,0.0,8471256.0,24365068.0,0.0,106481808.0,10855259.0,32382048.0,88531216.0,0.0,1911492.375,12196404.0,0.0,13647424.0,7422095.5,6339686.0,3417434.5,0.0,27174682.0,0.0,0.0,70370280.0,0.0,19780500.0,0.0,0.0,23355056.0,5847696.5,0.0,41741540.0,4295668.5,20372184.0,10170419.0,0.0,142669.421875,335241.25,0.0,452393.125,85460.7109375,515543.28125,237891.03125
55,0.0,42222360.0,0.0,0.0,666521024.0,248288656.0,525258464.0,299731616.0,0.0,0.0,5415895.0,33988240.0,360985184.0,307796352.0,363983360.0,131312232.0,0.0,41668012.0,62474364.0,23225670.0,105647424.0,73952392.0,160145328.0,7481626.5,0.0,0.0,0.0,37753600.0,559017280.0,160216496.0,199522400.0,112657888.0,0.0,0.0,0.0,138104752.0,347606912.0,240376912.0,153667200.0,92413464.0,0.0,0.0,0.0,136488880.0,214444512.0,0.0,106886456.0,39836692.0,79417832.0,86653096.0,27384194.0,61463880.0,413985632.0,43866984.0,141180656.0,99821072.0,0.0,52462424.0,25109796.0,34649020.0,288841088.0,0.0,120028800.0,193365824.0,0.0,19344384.0,24520458.0,7990037.5,194452640.0,0.0,42185920.0,90003320.0
31,0.0,0.0,0.0,0.0,634735424.0,328860992.0,329260928.0,255977296.0,0.0,0.0,29355962.0,89588296.0,356211456.0,317726176.0,226688064.0,92097320.0,0.0,24090332.0,13334362.0,34365268.0,68622816.0,21352114.0,51580184.0,30667818.0,0.0,0.0,0.0,70328408.0,624323136.0,147834784.0,158911680.0,203624416.0,0.0,0.0,0.0,90901576.0,308660544.0,30089024.0,132250344.0,104148120.0,0.0,0.0,3740390.5,0.0,104657944.0,22759676.0,38625960.0,64934948.0,48207880.0,62711736.0,0.0,0.0,228789600.0,27427890.0,117647000.0,64927616.0,0.0,55169060.0,4090743.25,21862918.0,171370000.0,0.0,88172200.0,23544992.0,0.0,24291156.0,27903682.0,0.0,57723924.0,32994904.0,43693248.0,29287722.0
66,0.0,0.0,0.0,83190864.0,321882656.0,161751824.0,145423280.0,128289504.0,0.0,0.0,0.0,33252852.0,135550576.0,0.0,58643796.0,63430056.0,0.0,6926944.0,22942046.0,9794389.0,28769170.0,6631422.0,15693885.0,32466680.0,0.0,62577280.0,0.0,7426419.0,310027008.0,0.0,113072328.0,154937872.0,0.0,10701642.0,25875974.0,0.0,145291392.0,0.0,41558336.0,84287952.0,0.0,25585.75,21437096.0,1226162.5,23577094.0,10610820.0,17422372.0,21136132.0,0.0,37573688.0,0.0,0.0,71008384.0,0.0,31987912.0,9060517.0,0.0,19880614.0,5259517.0,0.0,45608984.0,0.0,29025890.0,3225505.75,0.0,2466052.5,5794671.0,0.0,7819653.0,1477195.375,8911206.0,4111967.5
65,0.0,0.0,0.0,123837824.0,322427552.0,0.0,161430352.0,117211632.0,0.0,0.0,0.0,16452972.0,102409824.0,12352230.0,23088798.0,50984484.0,0.0,0.0,0.0,0.0,0.0,0.0,0.0,0.0,0.0,56378548.0,13092290.0,42858628.0,188286384.0,0.0,155829968.0,47862140.0,0.0,29337728.0,24201412.0,0.0,98967584.0,45336096.0,59850824.0,43716492.0,0.0,0.0,0.0,0.0,0.0,0.0,0.0,0.0,0.0,0.0,0.0,0.0,0.0,0.0,0.0,0.0,0.0,0.0,0.0,0.0,0.0,0.0,0.0,0.0,0.0,0.0,0.0,0.0,0.0,0.0,0.0,0.0
62,0.0,0.0,0.0,50998548.0,416643328.0,190056368.0,187801232.0,131640984.0,0.0,0.0,0.0,50735600.0,125503752.0,0.0,148370928.0,12780975.0,0.0,0.0,954889.875,0.0,20342360.0,20390784.0,20577848.0,24188634.0,21517428.0,3635041.5,0.0,42794784.0,372853280.0,6516499.5,107061576.0,128313784.0,0.0,23786696.0,1289450.5,54694420.0,196732400.0,1632474.25,73889168.0,35353524.0,0.0,0.0,12468384.0,2501148.75,46044028.0,32359898.0,13853668.0,32531452.0,751057.125,49185252.0,0.0,0.0,68706696.0,0.0,13695659.0,0.0,0.0,25525854.0,0.0,0.0,52392736.0,0.0,12165882.0,5480491.0,0.0,2665243.25,0.0,0.0,9233277.0,1678158.875,4793718.5,4027895.5
21,0.0,78316976.0,0.0,0.0,543536960.0,296718176.0,265129856.0,157598144.0,0.0,0.0,0.0,59595676.0,283297856.0,125093680.0,192985104.0,127020184.0,0.0,5697211.0,45220892.0,36369912.0,33197682.0,31318968.0,49072600.0,46522108.0,0.0,0.0,0.0,145775840.0,521147136.0,85203672.0,144982768.0,197965648.0,0.0,0.0,0.0,81042856.0,299265632.0,15931576.0,117931176.0,82420872.0,0.0,0.0,0.0,11675322.0,102861944.0,30945080.0,25178216.0,67235064.0,46190472.0,84606088.0,3997025.75,0.0,290344480.0,62719484.0,144117680.0,79408336.0,0.0,58634200.0,16973750.0,36537664.0,200200224.0,18853880.0,142826960.0,57165332.0,0.0,33126702.0,20214472.0,0.0,74672776.0,41811112.0,78848784.0,44917320.0
95,0.0,9099395.0,0.0,0.0,456780192.0,199281984.0,216563456.0,271808096.0,0.0,0.0,38037840.0,82597512.0,313080288.0,153454432.0,181147824.0,27857694.0,0.0,31533278.0,45851276.0,29203618.0,57947852.0,39820224.0,8790836.0,29059532.0,0.0,11823732.0,0.0,130375488.0,534765504.0,157150480.0,164297568.0,119844680.0,0.0,0.0,0.0,117393920.0,282071712.0,38249496.0,156780400.0,84731720.0,0.0,0.0,2098767.5,4309068.0,111020064.0,29376130.0,22727040.0,46168232.0,73222816.0,62546548.0,0.0,0.0,285956768.0,57866732.0,110722592.0,91251520.0,0.0,51931352.0,2181552.0,7986928.0,192720736.0,19305790.0,152942176.0,51369936.0,0.0,35213820.0,21404390.0,0.0,74992416.0,35341092.0,66896204.0,26426402.0
84,0.0,20162160.0,16928786.0,0.0,53132716.0,8287679.5,29593160.0,7167928.5,0.0,0.0,0.0,0.0,0.0,0.0,0.0,0.0,0.0,0.0,0.0,0.0,0.0,0.0,0.0,0.0,0.0,0.0,0.0,0.0,0.0,0.0,0.0,0.0,0.0,0.0,0.0,0.0,0.0,0.0,0.0,0.0,0.0,0.0,0.0,0.0,0.0,0.0,0.0,0.0,0.0,0.0,0.0,0.0,0.0,0.0,0.0,0.0,0.0,0.0,0.0,0.0,0.0,0.0,0.0,0.0,0.0,0.0,0.0,0.0,0.0,0.0,0.0,0.0
58,0.0,3037763.25,56117.25,0.0,15287741.0,3650724.5,7495811.5,6009221.5,0.0,0.0,0.0,0.0,0.0,0.0,0.0,0.0,0.0,0.0,0.0,0.0,0.0,0.0,0.0,0.0,0.0,0.0,0.0,0.0,0.0,0.0,0.0,0.0,0.0,0.0,0.0,0.0,0.0,0.0,0.0,0.0,0.0,0.0,0.0,0.0,0.0,0.0,0.0,0.0,0.0,0.0,0.0,0.0,0.0,0.0,0.0,0.0,0.0,0.0,0.0,0.0,0.0,0.0,0.0,0.0,0.0,0.0,0.0,0.0,0.0,0.0,0.0,0.0
64,0.0,5333514.0,2589944.0,0.0,20851724.0,2594961.75,14292968.0,13837692.0,0.0,0.0,0.0,0.0,0.0,0.0,0.0,0.0,0.0,0.0,0.0,0.0,0.0,0.0,0.0,0.0,0.0,0.0,0.0,0.0,0.0,0.0,0.0,0.0,0.0,0.0,0.0,0.0,0.0,0.0,0.0,0.0,0.0,0.0,0.0,0.0,0.0,0.0,0.0,0.0,0.0,0.0,0.0,0.0,0.0,0.0,0.0,0.0,0.0,0.0,0.0,0.0,0.0,0.0,0.0,0.0,0.0,0.0,0.0,0.0,0.0,0.0,0.0,0.0
83,0.0,0.0,0.0,73965688.0,403886112.0,232489840.0,170409760.0,115357512.0,0.0,0.0,0.0,148520096.0,149796304.0,32505110.0,171164384.0,50253596.0,0.0,16257975.0,20011070.0,0.0,0.0,45522652.0,47857708.0,28629458.0,24315446.0,53248528.0,16406563.0,6980307.0,390202784.0,52373572.0,147485648.0,189195472.0,0.0,0.0,0.0,66610244.0,284409920.0,3015516.25,52351024.0,42290224.0,0.0,0.0,13315080.0,10677383.0,67673280.0,38586356.0,26495546.0,47876928.0,26871326.0,69184504.0,9742119.0,0.0,102556640.0,0.0,33803932.0,9477263.0,0.0,40582976.0,0.0,0.0,82948872.0,0.0,19648544.0,5188730.5,0.0,4805082.0,1455707.125,0.0,19213460.0,0.0,13887526.0,18223878.0
94,0.0,48860248.0,530058.625,31507252.0,253809504.0,16574512.0,61077264.0,79060768.0,0.0,0.0,17490632.0,849862.375,39650528.0,27620340.0,20001640.0,28884518.0,0.0,0.0,0.0,0.0,0.0,0.0,0.0,0.0,0.0,29515386.0,0.0,0.0,68812688.0,0.0,15084296.0,0.0,0.0,8082862.0,0.0,0.0,19735590.0,2329873.25,12572582.0,11218526.0,0.0,0.0,0.0,0.0,0.0,0.0,0.0,0.0,0.0,0.0,0.0,0.0,0.0,0.0,0.0,0.0,0.0,0.0,0.0,0.0,0.0,0.0,0.0,0.0,0.0,0.0,0.0,0.0,0.0,0.0,0.0,0.0
0,0.0,30222546.0,27174962.0,7771758.0,133646936.0,0.0,37129208.0,72749504.0,0.0,1454220.0,11538847.0,0.0,31255902.0,4471791.5,9844942.0,11394578.0,0.0,0.0,0.0,0.0,0.0,0.0,0.0,0.0,0.0,17023046.0,5936157.0,0.0,27635268.0,0.0,23162094.0,5126625.5,0.0,1539742.75,3618050.75,0.0,4882399.0,922324.75,5563939.0,2567410.75,0.0,0.0,0.0,0.0,0.0,0.0,0.0,0.0,0.0,0.0,0.0,0.0,0.0,0.0,0.0,0.0,0.0,0.0,0.0,0.0,0.0,0.0,0.0,0.0,0.0,0.0,0.0,0.0,0.0,0.0,0.0,0.0
99,0.0,0.0,0.0,31625604.0,468250144.0,224998816.0,147044128.0,77392552.0,0.0,0.0,0.0,134140776.0,184213312.0,7267373.5,133297288.0,15973768.0,0.0,20858976.0,3834763.0,19178242.0,0.0,17929126.0,24540856.0,18568328.0,43827692.0,72600440.0,25297088.0,84981152.0,473039712.0,67479104.0,175013840.0,152159504.0,0.0,32879334.0,27043580.0,41003552.0,262308512.0,3474117.5,93206912.0,53183056.0,0.0,0.0,19894078.0,3894831.0,60773132.0,28030514.0,22394108.0,31056272.0,17423590.0,76103928.0,0.0,0.0,111105320.0,0.0,51838744.0,23274610.0,0.0,50394728.0,0.0,0.0,98735128.0,0.0,20235062.0,0.0,0.0,6271943.0,218049.0,0.0,22683058.0,4276747.5,11937024.0,10229391.0
96,0.0,0.0,0.0,61332248.0,408333088.0,170832048.0,177721456.0,191362928.0,0.0,0.0,0.0,79198040.0,185296256.0,15413092.0,80743880.0,35485880.0,0.0,0.0,33523956.0,10179068.0,1574576.375,33206504.0,36215708.0,24627582.0,1424108.375,33958664.0,39151968.0,0.0,399772480.0,44401464.0,138072864.0,158982288.0,0.0,25653352.0,15902357.0,25625506.0,196400240.0,3669925.0,55329044.0,66208612.0,0.0,0.0,21408820.0,12259497.0,38752252.0,26602366.0,10957419.0,32270102.0,9444808.0,67627360.0,0.0,0.0,101596720.0,0.0,40032728.0,5826750.0,0.0,33925764.0,0.0,0.0,75576640.0,0.0,10616964.0,0.0,0.0,5188149.0,0.0,0.0,18297980.0,3422295.25,10435033.0,10321273.0
67,0.0,0.0,0.0,0.0,638735936.0,323727808.0,387874976.0,179339872.0,0.0,0.0,0.0,13113674.0,514172448.0,317210656.0,274898560.0,123786144.0,0.0,34904452.0,48682564.0,52252124.0,101108568.0,34990460.0,54718008.0,9414686.0,0.0,0.0,0.0,7204285.0,508935008.0,267031152.0,242956416.0,102970880.0,0.0,0.0,0.0,115244336.0,348798816.0,231885904.0,181408832.0,41607776.0,0.0,6082982.0,0.0,71594816.0,198155232.0,33366498.0,107136296.0,31512388.0,101616904.0,40755156.0,0.0,362582.5,339018272.0,103638352.0,181171952.0,139708112.0,0.0,57139436.0,31045450.0,65481216.0,304733248.0,2631571.25,144448512.0,165547600.0,0.0,37462308.0,36326844.0,6926320.5,172886400.0,0.0,53190836.0,91740488.0
61,0.0,177655088.0,0.0,0.0,693538944.0,77872496.0,580627712.0,211966336.0,0.0,56938308.0,0.0,0.0,503653824.0,286884608.0,302474784.0,182320640.0,0.0,0.0,50876828.0,95225464.0,178052672.0,34723580.0,149464688.0,146370272.0,0.0,0.0,0.0,31764076.0,488141312.0,308416384.0,224985360.0,90401320.0,0.0,0.0,0.0,78296120.0,399332608.0,347376256.0,152473696.0,83314184.0,0.0,22956706.0,0.0,127867616.0,188273104.0,26837126.0,155515728.0,0.0,75050712.0,29980914.0,0.0,22632040.0,450174368.0,185760304.0,135564480.0,129066680.0,70224200.0,62461656.0,0.0,14480009.0,372808896.0,45031784.0,160887904.0,165974384.0,0.0,20640876.0,0.0,76060840.0,216488576.0,4051978.5,77648056.0,49102340.0
43,0.0,0.0,0.0,71114048.0,336187200.0,0.0,110317288.0,93277344.0,0.0,0.0,7906414.0,20204198.0,90727440.0,20554026.0,31309672.0,41138920.0,0.0,0.0,0.0,0.0,0.0,0.0,0.0,0.0,0.0,64238864.0,18459518.0,0.0,202428176.0,0.0,122656616.0,51244640.0,0.0,26813440.0,29249996.0,0.0,69045576.0,20086812.0,47344704.0,29027954.0,0.0,0.0,0.0,0.0,0.0,0.0,0.0,0.0,0.0,0.0,0.0,0.0,0.0,0.0,0.0,0.0,0.0,0.0,0.0,0.0,0.0,0.0,0.0,0.0,0.0,0.0,0.0,0.0,0.0,0.0,0.0,0.0
2,0.0,31860240.0,47488588.0,0.0,43713948.0,8786567.0,40128684.0,7249858.5,0.0,0.0,0.0,0.0,0.0,0.0,0.0,0.0,0.0,0.0,0.0,0.0,0.0,0.0,0.0,0.0,0.0,0.0,0.0,0.0,0.0,0.0,0.0,0.0,0.0,0.0,0.0,0.0,0.0,0.0,0.0,0.0,0.0,0.0,0.0,0.0,0.0,0.0,0.0,0.0,0.0,0.0,0.0,0.0,0.0,0.0,0.0,0.0,0.0,0.0,0.0,0.0,0.0,0.0,0.0,0.0,0.0,0.0,0.0,0.0,0.0,0.0,0.0,0.0
54,0.0,0.0,0.0,152678992.0,275932736.0,51206404.0,124271752.0,137338208.0,0.0,11501185.0,13072116.0,17075972.0,62150440.0,4367749.0,27983248.0,20686064.0,0.0,0.0,0.0,0.0,0.0,0.0,0.0,0.0,0.0,56681600.0,8557340.0,6685356.0,136130656.0,0.0,52922612.0,24691000.0,0.0,29045600.0,40176896.0,0.0,54025136.0,10196738.0,39003468.0,11072817.0,0.0,0.0,0.0,0.0,0.0,0.0,0.0,0.0,0.0,0.0,0.0,0.0,0.0,0.0,0.0,0.0,0.0,0.0,0.0,0.0,0.0,0.0,0.0,0.0,0.0,0.0,0.0,0.0,0.0,0.0,0.0,0.0
30,0.0,37221788.0,0.0,0.0,556649792.0,292871968.0,123196600.0,144274368.0,0.0,0.0,0.0,99874248.0,255309184.0,74475864.0,153875456.0,31595920.0,0.0,5326290.5,26037480.0,4922031.5,75403392.0,35011096.0,19879020.0,16298172.0,0.0,0.0,0.0,60057936.0,391913760.0,89121472.0,93624968.0,122253624.0,0.0,0.0,0.0,35790584.0,244762992.0,10152097.0,89092680.0,61894016.0,0.0,5851740.5,27638172.0,8364536.5,71739336.0,17451928.0,66535220.0,14787584.0,5793294.0,97785536.0,1224871.125,0.0,158345712.0,0.0,56712544.0,41010884.0,0.0,35209756.0,12157806.0,0.0,94499632.0,0.0,38206488.0,17293290.0,0.0,7340231.5,22035376.0,0.0,30839014.0,1486338.75,20475378.0,8179794.5
59,0.0,31464266.0,22513748.0,0.0,62464300.0,28645620.0,54066564.0,46634864.0,0.0,0.0,0.0,0.0,0.0,0.0,0.0,0.0,0.0,0.0,0.0,0.0,0.0,0.0,0.0,0.0,0.0,0.0,0.0,0.0,0.0,0.0,0.0,0.0,0.0,0.0,0.0,0.0,0.0,0.0,0.0,0.0,0.0,0.0,0.0,0.0,0.0,0.0,0.0,0.0,0.0,0.0,0.0,0.0,0.0,0.0,0.0,0.0,0.0,0.0,0.0,0.0,0.0,0.0,0.0,0.0,0.0,0.0,0.0,0.0,0.0,0.0,0.0,0.0
85,0.0,25375880.0,0.0,0.0,523238784.0,293060608.0,221938560.0,163587088.0,0.0,0.0,0.0,44588288.0,191898752.0,73232704.0,139144592.0,20201380.0,0.0,25519098.0,7116127.0,15129000.0,57548452.0,58331828.0,15762904.0,40778488.0,0.0,0.0,0.0,63064708.0,526707520.0,181134992.0,128472368.0,193467392.0,0.0,0.0,0.0,117239904.0,232691968.0,9593765.0,143919664.0,68248328.0,0.0,3061158.5,12482049.0,9269892.0,54900648.0,25542032.0,46351092.0,48124640.0,67899816.0,57436068.0,0.0,0.0,249657456.0,0.0,83524128.0,35220772.0,0.0,35892364.0,29221668.0,0.0,129649552.0,0.0,69844400.0,33053740.0,0.0,22518792.0,43564440.0,0.0,52688724.0,3406995.0,34160044.0,9492362.0
74,0.0,31133702.0,25382420.0,0.0,592926144.0,180417056.0,696703168.0,89040216.0,0.0,0.0,67089072.0,0.0,447455296.0,296855296.0,238390208.0,90031696.0,0.0,83036736.0,38853476.0,111357240.0,100227896.0,28729092.0,103688024.0,58590372.0,0.0,29564014.0,0.0,109639816.0,514466016.0,321244352.0,389697344.0,181681808.0,0.0,0.0,0.0,120529784.0,347339712.0,320348608.0,178746736.0,95958128.0,0.0,9562026.0,0.0,125413984.0,160743840.0,62147000.0,134455424.0,0.0,107459904.0,30069596.0,0.0,36326744.0,526651232.0,116746832.0,201561456.0,212773904.0,41085168.0,21729236.0,20109674.0,69173512.0,352913472.0,50942036.0,137947888.0,208798704.0,0.0,0.0,22346436.0,97922296.0,255405936.0,0.0,113819448.0,62417164.0
90,0.0,0.0,0.0,0.0,457049600.0,254159584.0,144729376.0,139263216.0,0.0,0.0,0.0,93453120.0,211787232.0,58186244.0,274953344.0,21549838.0,0.0,14224749.0,4747371.0,14624984.0,53207332.0,73903416.0,8483816.0,26837422.0,14019095.0,66795876.0,0.0,54139200.0,495241024.0,91326408.0,111528632.0,128203512.0,0.0,0.0,0.0,127350256.0,255719056.0,0.0,173648176.0,62514748.0,0.0,3543874.5,12566062.0,0.0,69586520.0,27851942.0,61615476.0,42172176.0,72008072.0,62129376.0,0.0,0.0,153870672.0,0.0,50380452.0,31879506.0,0.0,49869784.0,1012835.375,1862599.75,121959640.0,0.0,65600132.0,13580550.0,0.0,18374044.0,25043208.0,0.0,39516016.0,12010861.0,19254424.0,7025796.5
18,0.0,0.0,0.0,124158400.0,406495744.0,35614772.0,136708288.0,70227704.0,0.0,0.0,0.0,10876147.0,118734224.0,15823275.0,29715654.0,39632448.0,0.0,0.0,0.0,0.0,0.0,0.0,0.0,0.0,0.0,66189412.0,11904677.0,26089102.0,153985072.0,0.0,159996768.0,56726276.0,0.0,26130336.0,28045552.0,0.0,59448740.0,48242440.0,62727604.0,41702464.0,0.0,0.0,0.0,0.0,0.0,0.0,0.0,0.0,0.0,0.0,0.0,0.0,0.0,0.0,0.0,0.0,0.0,0.0,0.0,0.0,0.0,0.0,0.0,0.0,0.0,0.0,0.0,0.0,0.0,0.0,0.0,0.0
52,0.0,0.0,0.0,83138336.0,270402976.0,0.0,108191680.0,56618264.0,0.0,0.0,1452199.625,704895.375,102071320.0,11062936.0,23494572.0,36660772.0,0.0,0.0,0.0,0.0,0.0,0.0,0.0,0.0,0.0,47965312.0,0.0,6477498.5,177591568.0,0.0,121548104.0,58250964.0,0.0,12871458.0,15509232.0,0.0,67433024.0,16484252.0,48751320.0,29869968.0,0.0,0.0,0.0,0.0,0.0,0.0,0.0,0.0,0.0,0.0,0.0,0.0,0.0,0.0,0.0,0.0,0.0,0.0,0.0,0.0,0.0,0.0,0.0,0.0,0.0,0.0,0.0,0.0,0.0,0.0,0.0,0.0
44,0.0,155065216.0,179479600.0,80300608.0,661638592.0,212326256.0,559699968.0,111430136.0,0.0,0.0,0.0,0.0,556147776.0,330008256.0,405013376.0,119046752.0,0.0,15241353.0,0.0,93938056.0,146341616.0,94837744.0,126783544.0,34291792.0,0.0,0.0,0.0,125665296.0,575537856.0,368036896.0,310633568.0,129065760.0,0.0,0.0,0.0,52402460.0,444332384.0,217111952.0,218697504.0,125476912.0,0.0,0.0,0.0,105956936.0,187312208.0,23647706.0,89553976.0,35518608.0,37836584.0,70934720.0,0.0,66073808.0,484415168.0,115809472.0,177828992.0,193969120.0,0.0,25336492.0,3707021.75,51761660.0,302720416.0,0.0,143775856.0,120879960.0,0.0,13132750.0,13277673.0,47328296.0,223686720.0,4762469.5,70136024.0,52537452.0
17,0.0,0.0,0.0,93268232.0,280267104.0,0.0,152007728.0,70798520.0,0.0,0.0,13277829.0,7604639.5,87324784.0,21469784.0,20615846.0,31147416.0,0.0,0.0,0.0,0.0,0.0,0.0,0.0,0.0,0.0,24925532.0,4080740.5,22093568.0,198953200.0,0.0,105736768.0,68192120.0,0.0,8583866.0,14809569.0,0.0,82444472.0,22878388.0,46693840.0,28517234.0,0.0,0.0,0.0,0.0,0.0,0.0,0.0,0.0,0.0,0.0,0.0,0.0,0.0,0.0,0.0,0.0,0.0,0.0,0.0,0.0,0.0,0.0,0.0,0.0,0.0,0.0,0.0,0.0,0.0,0.0,0.0,0.0
36,0.0,14654168.0,10798505.0,0.0,92452248.0,27145624.0,41844332.0,37767104.0,0.0,0.0,0.0,0.0,0.0,0.0,0.0,0.0,0.0,0.0,0.0,0.0,0.0,0.0,0.0,0.0,0.0,0.0,0.0,0.0,0.0,0.0,0.0,0.0,0.0,0.0,0.0,0.0,0.0,0.0,0.0,0.0,0.0,0.0,0.0,0.0,0.0,0.0,0.0,0.0,0.0,0.0,0.0,0.0,0.0,0.0,0.0,0.0,0.0,0.0,0.0,0.0,0.0,0.0,0.0,0.0,0.0,0.0,0.0,0.0,0.0,0.0,0.0,0.0
49,0.0,0.0,0.0,82189432.0,359236736.0,104489840.0,189069616.0,36331252.0,0.0,0.0,0.0,66694928.0,122508376.0,34151896.0,115147320.0,50342060.0,0.0,0.0,13033445.0,24985924.0,12359851.0,25649364.0,20563524.0,22736606.0,12286611.0,8766524.0,20347436.0,38122036.0,380067264.0,3813935.25,137389504.0,164902624.0,0.0,0.0,27793216.0,39584456.0,213417008.0,7267459.0,100629224.0,85611392.0,0.0,0.0,20456104.0,6176519.0,38410464.0,25577956.0,14263845.0,33655172.0,31939124.0,93292008.0,0.0,0.0,104255184.0,0.0,21953500.0,12759630.0,0.0,30897252.0,0.0,0.0,75759960.0,0.0,14092883.0,0.0,0.0,3860799.75,0.0,0.0,16677016.0,1489287.0,7990878.0,10912495.0
86,0.0,36416744.0,17900640.0,0.0,62028004.0,26493158.0,56193224.0,30771376.0,0.0,0.0,0.0,0.0,0.0,0.0,0.0,0.0,0.0,0.0,0.0,0.0,0.0,0.0,0.0,0.0,0.0,0.0,0.0,0.0,0.0,0.0,0.0,0.0,0.0,0.0,0.0,0.0,0.0,0.0,0.0,0.0,0.0,0.0,0.0,0.0,0.0,0.0,0.0,0.0,0.0,0.0,0.0,0.0,0.0,0.0,0.0,0.0,0.0,0.0,0.0,0.0,0.0,0.0,0.0,0.0,0.0,0.0,0.0,0.0,0.0,0.0,0.0,0.0
37,0.0,5552602.0,0.0,0.0,24096014.0,0.0,13383401.0,20076590.0,0.0,0.0,0.0,0.0,0.0,0.0,0.0,0.0,0.0,0.0,0.0,0.0,0.0,0.0,0.0,0.0,0.0,0.0,0.0,0.0,0.0,0.0,0.0,0.0,0.0,0.0,0.0,0.0,0.0,0.0,0.0,0.0,0.0,0.0,0.0,0.0,0.0,0.0,0.0,0.0,0.0,0.0,0.0,0.0,0.0,0.0,0.0,0.0,0.0,0.0,0.0,0.0,0.0,0.0,0.0,0.0,0.0,0.0,0.0,0.0,0.0,0.0,0.0,0.0
56,0.0,0.0,0.0,60144892.0,285127744.0,0.0,110860992.0,113153120.0,0.0,2949219.0,13039560.0,0.0,78040512.0,3425914.25,47700088.0,39928056.0,0.0,0.0,0.0,0.0,0.0,0.0,0.0,0.0,0.0,43957964.0,26313172.0,0.0,110402984.0,0.0,44920328.0,5819068.0,0.0,22065158.0,39421120.0,0.0,41248184.0,2763554.25,32958368.0,10320236.0,0.0,0.0,0.0,0.0,0.0,0.0,0.0,0.0,0.0,0.0,0.0,0.0,0.0,0.0,0.0,0.0,0.0,0.0,0.0,0.0,0.0,0.0,0.0,0.0,0.0,0.0,0.0,0.0,0.0,0.0,0.0,0.0
63,0.0,4291003.5,0.0,0.0,13606426.0,0.0,8194113.5,10868408.0,0.0,0.0,0.0,0.0,0.0,0.0,0.0,0.0,0.0,0.0,0.0,0.0,0.0,0.0,0.0,0.0,0.0,0.0,0.0,0.0,0.0,0.0,0.0,0.0,0.0,0.0,0.0,0.0,0.0,0.0,0.0,0.0,0.0,0.0,0.0,0.0,0.0,0.0,0.0,0.0,0.0,0.0,0.0,0.0,0.0,0.0,0.0,0.0,0.0,0.0,0.0,0.0,0.0,0.0,0.0,0.0,0.0,0.0,0.0,0.0,0.0,0.0,0.0,0.0
35,0.0,42992388.0,22481350.0,0.0,80639408.0,37372128.0,85521304.0,54209400.0,0.0,0.0,0.0,0.0,0.0,0.0,0.0,0.0,0.0,0.0,0.0,0.0,0.0,0.0,0.0,0.0,0.0,0.0,0.0,0.0,0.0,0.0,0.0,0.0,0.0,0.0,0.0,0.0,0.0,0.0,0.0,0.0,0.0,0.0,0.0,0.0,0.0,0.0,0.0,0.0,0.0,0.0,0.0,0.0,0.0,0.0,0.0,0.0,0.0,0.0,0.0,0.0,0.0,0.0,0.0,0.0,0.0,0.0,0.0,0.0,0.0,0.0,0.0,0.0
97,0.0,4678955.0,3211425.0,0.0,24699182.0,2290151.0,17263342.0,21715758.0,0.0,0.0,0.0,0.0,0.0,0.0,0.0,0.0,0.0,0.0,0.0,0.0,0.0,0.0,0.0,0.0,0.0,0.0,0.0,0.0,0.0,0.0,0.0,0.0,0.0,0.0,0.0,0.0,0.0,0.0,0.0,0.0,0.0,0.0,0.0,0.0,0.0,0.0,0.0,0.0,0.0,0.0,0.0,0.0,0.0,0.0,0.0,0.0,0.0,0.0,0.0,0.0,0.0,0.0,0.0,0.0,0.0,0.0,0.0,0.0,0.0,0.0,0.0,0.0
75,0.0,0.0,0.0,0.0,386964640.0,248928368.0,231628416.0,131345800.0,0.0,0.0,0.0,67175776.0,152760640.0,111383728.0,84659352.0,0.0,0.0,13716982.0,24794968.0,13479858.0,44817940.0,44128632.0,49428960.0,43995276.0,0.0,0.0,0.0,59427196.0,450050496.0,91153232.0,195536016.0,138932976.0,0.0,0.0,0.0,65712272.0,206771440.0,558281.375,79661088.0,113201952.0,0.0,8000845.5,14525628.0,20309946.0,75643520.0,664838.1875,26833326.0,50487784.0,59611888.0,80298736.0,9219548.0,0.0,218762240.0,39170100.0,93432024.0,68550016.0,0.0,41506256.0,32586706.0,0.0,126656352.0,0.0,78613704.0,18774604.0,0.0,18111120.0,26323950.0,0.0,49915156.0,10499565.0,28157322.0,5216369.0
57,0.0,0.0,0.0,156878384.0,314144320.0,37388552.0,157952816.0,60570948.0,0.0,0.0,0.0,23175564.0,102537568.0,16933220.0,17700622.0,58212636.0,0.0,0.0,0.0,0.0,0.0,0.0,0.0,0.0,0.0,57754656.0,0.0,17279742.0,198274608.0,3688878.0,143420048.0,60793080.0,0.0,24329032.0,18726652.0,0.0,88465384.0,35643228.0,71990248.0,39237520.0,0.0,0.0,0.0,0.0,0.0,0.0,0.0,0.0,0.0,0.0,0.0,0.0,0.0,0.0,0.0,0.0,0.0,0.0,0.0,0.0,0.0,0.0,0.0,0.0,0.0,0.0,0.0,0.0,0.0,0.0,0.0,0.0
88,0.0,16783678.0,18251392.0,0.0,39014920.0,4175309.25,20696736.0,6516611.0,0.0,0.0,0.0,0.0,0.0,0.0,0.0,0.0,0.0,0.0,0.0,0.0,0.0,0.0,0.0,0.0,0.0,0.0,0.0,0.0,0.0,0.0,0.0,0.0,0.0,0.0,0.0,0.0,0.0,0.0,0.0,0.0,0.0,0.0,0.0,0.0,0.0,0.0,0.0,0.0,0.0,0.0,0.0,0.0,0.0,0.0,0.0,0.0,0.0,0.0,0.0,0.0,0.0,0.0,0.0,0.0,0.0,0.0,0.0,0.0,0.0,0.0,0.0,0.0
10,0.0,0.0,0.0,46396340.0,192590592.0,0.0,90799408.0,61545296.0,0.0,0.0,11863573.0,7206163.5,77488288.0,10456032.0,45934864.0,30223784.0,0.0,0.0,0.0,0.0,0.0,0.0,0.0,0.0,0.0,20777008.0,9116645.0,0.0,100745224.0,0.0,25484902.0,3906115.25,0.0,18014586.0,5990969.0,0.0,36106396.0,578265.0625,18813248.0,6966531.0,0.0,0.0,0.0,0.0,0.0,0.0,0.0,0.0,0.0,0.0,0.0,0.0,0.0,0.0,0.0,0.0,0.0,0.0,0.0,0.0,0.0,0.0,0.0,0.0,0.0,0.0,0.0,0.0,0.0,0.0,0.0,0.0
53,0.0,81968576.0,0.0,0.0,670648896.0,230397248.0,523286944.0,187460000.0,0.0,0.0,0.0,0.0,492941728.0,262080752.0,318393024.0,105565912.0,0.0,73309112.0,53428616.0,64731700.0,109152032.0,22124136.0,150482896.0,26296864.0,0.0,60073492.0,0.0,58396120.0,541569600.0,299612640.0,165325360.0,119022728.0,0.0,0.0,0.0,95927208.0,283720480.0,186934016.0,176741728.0,98978640.0,0.0,0.0,0.0,34272588.0,195535232.0,37066072.0,47902836.0,19726196.0,102637264.0,67862600.0,0.0,96367440.0,373842368.0,113265432.0,154837248.0,162578256.0,0.0,44251292.0,13992939.0,64840516.0,278507872.0,2632470.0,112526416.0,168799088.0,0.0,46950072.0,37013528.0,0.0,179968064.0,0.0,44546892.0,102336208.0
8,0.0,0.0,0.0,70034304.0,193365360.0,4156061.25,71212664.0,52953124.0,0.0,0.0,10407161.0,19689384.0,49055704.0,32323556.0,19530932.0,38787124.0,0.0,0.0,0.0,0.0,0.0,0.0,0.0,0.0,0.0,22233172.0,1238475.75,0.0,82147720.0,0.0,25588208.0,19321714.0,0.0,5166811.0,0.0,0.0,16805620.0,0.0,10597180.0,16377926.0,0.0,0.0,0.0,0.0,0.0,0.0,0.0,0.0,0.0,0.0,0.0,0.0,0.0,0.0,0.0,0.0,0.0,0.0,0.0,0.0,0.0,0.0,0.0,0.0,0.0,0.0,0.0,0.0,0.0,0.0,0.0,0.0
39,0.0,5107559.0,0.0,0.0,574939904.0,277660480.0,266556928.0,132381544.0,0.0,0.0,0.0,85556192.0,290269376.0,95493744.0,155783264.0,116283520.0,0.0,0.0,32557062.0,25392920.0,86133952.0,51641256.0,9471860.0,37060672.0,0.0,0.0,0.0,32849678.0,501885504.0,120177552.0,105326824.0,225310624.0,0.0,0.0,0.0,65276376.0,303279360.0,0.0,154858368.0,61531688.0,0.0,0.0,15580155.0,772278.75,99609840.0,35448252.0,39716504.0,26315772.0,39937448.0,94874176.0,28321458.0,0.0,250027952.0,18647080.0,147300064.0,63227964.0,0.0,46047108.0,4113302.0,14494451.0,164066912.0,0.0,113496472.0,21818464.0,0.0,18103902.0,22980712.0,0.0,69945472.0,35260316.0,47847992.0,27614292.0
47,0.0,5610000.0,3585665.25,0.0,20094058.0,5088198.0,14087454.0,11330034.0,0.0,0.0,0.0,0.0,0.0,0.0,0.0,0.0,0.0,0.0,0.0,0.0,0.0,0.0,0.0,0.0,0.0,0.0,0.0,0.0,0.0,0.0,0.0,0.0,0.0,0.0,0.0,0.0,0.0,0.0,0.0,0.0,0.0,0.0,0.0,0.0,0.0,0.0,0.0,0.0,0.0,0.0,0.0,0.0,0.0,0.0,0.0,0.0,0.0,0.0,0.0,0.0,0.0,0.0,0.0,0.0,0.0,0.0,0.0,0.0,0.0,0.0,0.0,0.0
60,0.0,0.0,0.0,44602544.0,336472160.0,139315104.0,145062288.0,96860296.0,0.0,0.0,0.0,18470804.0,182509712.0,19116124.0,68022744.0,48941980.0,0.0,2257501.5,2720050.75,7494560.0,24813494.0,5606116.5,3759901.0,25746310.0,3268195.25,33913392.0,9705162.0,20507322.0,179776992.0,0.0,116596088.0,112023632.0,0.0,19032614.0,7033514.0,1963616.0,103838504.0,0.0,35221052.0,45068436.0,0.0,2019449.375,11855504.0,0.0,21766636.0,5113819.5,11332345.0,7937520.0,0.0,22741016.0,0.0,0.0,32582480.0,0.0,16039115.0,4946250.5,0.0,9145457.0,2687305.5,0.0,17333106.0,0.0,12971728.0,390965.34375,0.0,1004367.3125,2360038.0,0.0,3184767.5,601628.125,3629332.25,1674710.5
89,0.0,0.0,5372540.0,0.0,418704896.0,371211424.0,109887592.0,114239200.0,0.0,0.0,0.0,113816704.0,185573632.0,104171624.0,115717608.0,50102932.0,0.0,10304819.0,14367935.0,3179384.0,65719596.0,32998892.0,2486831.75,35554984.0,0.0,0.0,0.0,42171644.0,499212928.0,113839408.0,115381664.0,200837952.0,0.0,0.0,0.0,123546776.0,233778560.0,0.0,95314336.0,72836912.0,0.0,0.0,14293873.0,23271804.0,77934200.0,10560829.0,41686060.0,60661736.0,23128552.0,70053392.0,9260011.0,0.0,191151056.0,0.0,58045436.0,43924696.0,0.0,27085832.0,7118414.5,0.0,99686264.0,0.0,53484604.0,12992366.0,0.0,12400757.0,30718058.0,0.0,55520916.0,3340991.0,36037872.0,8485339.0
51,0.0,0.0,0.0,163998864.0,450580064.0,277970272.0,224052592.0,164115200.0,0.0,0.0,0.0,78948568.0,185322960.0,70876984.0,62816928.0,396010.0625,0.0,5716962.5,36058496.0,7297612.0,35407712.0,43467112.0,1751957.0,4305807.0,66616828.0,9446474.0,0.0,28337924.0,417642880.0,91947712.0,152898400.0,210350640.0,0.0,0.0,0.0,82377056.0,235830464.0,12999914.0,77249568.0,86271768.0,0.0,0.0,23040446.0,14154660.0,46086220.0,37422152.0,18409250.0,33603032.0,41793088.0,77334312.0,0.0,0.0,99220536.0,0.0,28153148.0,40227668.0,0.0,36652848.0,0.0,0.0,90125216.0,0.0,12098782.0,0.0,0.0,5484391.5,0.0,0.0,24415298.0,4203339.5,7746963.5,8873400.0
14,0.0,0.0,0.0,127038512.0,335927040.0,0.0,178677088.0,64930084.0,0.0,0.0,4460784.0,18744476.0,136482224.0,32533132.0,26514670.0,47337148.0,0.0,0.0,0.0,0.0,0.0,0.0,0.0,0.0,0.0,63013072.0,13940538.0,24656368.0,184310848.0,0.0,147701344.0,56576792.0,0.0,30944646.0,27515984.0,0.0,73347432.0,57439256.0,63207140.0,45546600.0,0.0,0.0,0.0,0.0,0.0,0.0,0.0,0.0,0.0,0.0,0.0,0.0,0.0,0.0,0.0,0.0,0.0,0.0,0.0,0.0,0.0,0.0,0.0,0.0,0.0,0.0,0.0,0.0,0.0,0.0,0.0,0.0
28,0.0,18679046.0,17492902.0,0.0,41448820.0,5672498.0,32062364.0,8311061.0,0.0,0.0,0.0,0.0,0.0,0.0,0.0,0.0,0.0,0.0,0.0,0.0,0.0,0.0,0.0,0.0,0.0,0.0,0.0,0.0,0.0,0.0,0.0,0.0,0.0,0.0,0.0,0.0,0.0,0.0,0.0,0.0,0.0,0.0,0.0,0.0,0.0,0.0,0.0,0.0,0.0,0.0,0.0,0.0,0.0,0.0,0.0,0.0,0.0,0.0,0.0,0.0,0.0,0.0,0.0,0.0,0.0,0.0,0.0,0.0,0.0,0.0,0.0,0.0
16,0.0,14246594.0,28133054.0,63955836.0,236658704.0,0.0,84744224.0,58074488.0,0.0,0.0,27524072.0,0.0,48477856.0,38063208.0,17149948.0,34295528.0,0.0,0.0,0.0,0.0,0.0,0.0,0.0,0.0,0.0,28553598.0,0.0,0.0,78382128.0,0.0,9378763.0,0.0,0.0,9437012.0,0.0,0.0,26297714.0,5442770.0,12809515.0,10154348.0,0.0,0.0,0.0,0.0,0.0,0.0,0.0,0.0,0.0,0.0,0.0,0.0,0.0,0.0,0.0,0.0,0.0,0.0,0.0,0.0,0.0,0.0,0.0,0.0,0.0,0.0,0.0,0.0,0.0,0.0,0.0,0.0
34,0.0,24063146.0,48061704.0,0.0,37766576.0,6209678.0,46233068.0,6121544.0,0.0,0.0,0.0,0.0,0.0,0.0,0.0,0.0,0.0,0.0,0.0,0.0,0.0,0.0,0.0,0.0,0.0,0.0,0.0,0.0,0.0,0.0,0.0,0.0,0.0,0.0,0.0,0.0,0.0,0.0,0.0,0.0,0.0,0.0,0.0,0.0,0.0,0.0,0.0,0.0,0.0,0.0,0.0,0.0,0.0,0.0,0.0,0.0,0.0,0.0,0.0,0.0,0.0,0.0,0.0,0.0,0.0,0.0,0.0,0.0,0.0,0.0,0.0,0.0
82,0.0,29932096.0,21745532.0,49281548.0,248354944.0,4923584.0,114597296.0,47185744.0,0.0,0.0,29037462.0,11986269.0,49002948.0,49386832.0,12404275.0,53664636.0,0.0,0.0,0.0,0.0,0.0,0.0,0.0,0.0,0.0,37043284.0,0.0,0.0,99897928.0,0.0,21367832.0,0.0,0.0,9276479.0,0.0,0.0,26335314.0,2279067.25,15392035.0,16864636.0,0.0,0.0,0.0,0.0,0.0,0.0,0.0,0.0,0.0,0.0,0.0,0.0,0.0,0.0,0.0,0.0,0.0,0.0,0.0,0.0,0.0,0.0,0.0,0.0,0.0,0.0,0.0,0.0,0.0,0.0,0.0,0.0
46,0.0,0.0,818860.75,0.0,22302920.0,4211589.0,9211068.0,13530397.0,0.0,0.0,0.0,0.0,0.0,0.0,0.0,0.0,0.0,0.0,0.0,0.0,0.0,0.0,0.0,0.0,0.0,0.0,0.0,0.0,0.0,0.0,0.0,0.0,0.0,0.0,0.0,0.0,0.0,0.0,0.0,0.0,0.0,0.0,0.0,0.0,0.0,0.0,0.0,0.0,0.0,0.0,0.0,0.0,0.0,0.0,0.0,0.0,0.0,0.0,0.0,0.0,0.0,0.0,0.0,0.0,0.0,0.0,0.0,0.0,0.0,0.0,0.0,0.0
27,0.0,0.0,0.0,74701416.0,501198208.0,351887456.0,203666848.0,148401312.0,0.0,0.0,0.0,96359960.0,164804320.0,20150398.0,116565608.0,0.0,0.0,0.0,0.0,1583773.0,13956974.0,29416938.0,28368614.0,45191884.0,0.0,35838108.0,5573829.0,76045104.0,373239360.0,21538802.0,174849376.0,238802608.0,0.0,47757048.0,26499824.0,73143304.0,271631648.0,0.0,83524464.0,79717232.0,0.0,194989.625,16876134.0,0.0,71522744.0,35579468.0,21508442.0,45126872.0,7669418.0,56747916.0,0.0,0.0,98373160.0,0.0,6207327.0,18968522.0,0.0,34119692.0,0.0,0.0,73806944.0,0.0,29392444.0,3024423.0,0.0,5835249.0,1054278.5,0.0,13784830.0,1693118.75,8645074.0,4794043.5
20,0.0,0.0,0.0,118066960.0,474706624.0,305993696.0,199070448.0,122499416.0,0.0,9814115.0,0.0,135726848.0,156293392.0,14126003.0,158557776.0,5929260.0,0.0,0.0,22503018.0,0.0,3783542.75,30115626.0,36643836.0,21563970.0,68320184.0,22315932.0,9717022.0,58010952.0,395980192.0,76415112.0,205132368.0,141240832.0,0.0,19248550.0,0.0,85588712.0,266584432.0,13459000.0,110661960.0,50596504.0,0.0,0.0,18237094.0,17470204.0,64382760.0,41367232.0,27601988.0,48598512.0,28432690.0,83056744.0,0.0,0.0,101544704.0,0.0,24423874.0,21171380.0,0.0,39466032.0,0.0,0.0,84135992.0,0.0,31313914.0,198896.25,0.0,8302052.0,0.0,0.0,23106712.0,0.0,14198930.0,16734655.0
9,0.0,0.0,0.0,126754328.0,289285152.0,0.0,203152832.0,119374472.0,0.0,631524.0,19735594.0,14961894.0,78317448.0,9862523.0,50667068.0,38240644.0,0.0,0.0,0.0,0.0,0.0,0.0,0.0,0.0,0.0,58913968.0,10761100.0,2913896.25,161499840.0,0.0,76837128.0,38912088.0,0.0,30475496.0,47586708.0,0.0,56173288.0,6799216.0,44718184.0,9165432.0,0.0,0.0,0.0,0.0,0.0,0.0,0.0,0.0,0.0,0.0,0.0,0.0,0.0,0.0,0.0,0.0,0.0,0.0,0.0,0.0,0.0,0.0,0.0,0.0,0.0,0.0,0.0,0.0,0.0,0.0,0.0,0.0
92,0.0,30885016.0,0.0,0.0,611000192.0,338271712.0,419674176.0,158561312.0,0.0,0.0,6405180.0,0.0,388010304.0,196067104.0,196637456.0,141597808.0,0.0,0.0,0.0,7053576.5,91956560.0,46176468.0,110358000.0,36327796.0,0.0,0.0,0.0,95024760.0,540904448.0,265427472.0,116834272.0,129460168.0,0.0,0.0,0.0,72940128.0,323695968.0,135947760.0,151560416.0,109475064.0,0.0,0.0,0.0,69610384.0,189862672.0,9105953.0,25812178.0,85964360.0,89616344.0,62989964.0,0.0,0.0,358664544.0,156696848.0,113747432.0,128747528.0,0.0,56732812.0,0.0,0.0,293699840.0,0.0,95587936.0,87504896.0,0.0,21905164.0,14555524.0,0.0,134572528.0,0.0,59145060.0,74890680.0
3,0.0,10431483.0,23901944.0,0.0,43498504.0,2935246.5,19868836.0,7055419.0,0.0,0.0,0.0,0.0,0.0,0.0,0.0,0.0,0.0,0.0,0.0,0.0,0.0,0.0,0.0,0.0,0.0,0.0,0.0,0.0,0.0,0.0,0.0,0.0,0.0,0.0,0.0,0.0,0.0,0.0,0.0,0.0,0.0,0.0,0.0,0.0,0.0,0.0,0.0,0.0,0.0,0.0,0.0,0.0,0.0,0.0,0.0,0.0,0.0,0.0,0.0,0.0,0.0,0.0,0.0,0.0,0.0,0.0,0.0,0.0,0.0,0.0,0.0,0.0
98,0.0,7367144.0,0.0,0.0,24569168.0,5339007.0,10584329.0,7885917.0,0.0,0.0,0.0,0.0,0.0,0.0,0.0,0.0,0.0,0.0,0.0,0.0,0.0,0.0,0.0,0.0,0.0,0.0,0.0,0.0,0.0,0.0,0.0,0.0,0.0,0.0,0.0,0.0,0.0,0.0,0.0,0.0,0.0,0.0,0.0,0.0,0.0,0.0,0.0,0.0,0.0,0.0,0.0,0.0,0.0,0.0,0.0,0.0,0.0,0.0,0.0,0.0,0.0,0.0,0.0,0.0,0.0,0.0,0.0,0.0,0.0,0.0,0.0,0.0
29,0.0,3952787.25,519770.75,0.0,23366386.0,4228897.0,12730289.0,13439737.0,0.0,0.0,0.0,0.0,0.0,0.0,0.0,0.0,0.0,0.0,0.0,0.0,0.0,0.0,0.0,0.0,0.0,0.0,0.0,0.0,0.0,0.0,0.0,0.0,0.0,0.0,0.0,0.0,0.0,0.0,0.0,0.0,0.0,0.0,0.0,0.0,0.0,0.0,0.0,0.0,0.0,0.0,0.0,0.0,0.0,0.0,0.0,0.0,0.0,0.0,0.0,0.0,0.0,0.0,0.0,0.0,0.0,0.0,0.0,0.0,0.0,0.0,0.0,0.0
80,0.0,0.0,0.0,130556952.0,348153152.0,161081056.0,85890800.0,94702256.0,0.0,0.0,0.0,71125616.0,94137952.0,0.0,75877528.0,8491609.0,0.0,0.0,12791410.0,2286160.75,20555720.0,18983978.0,28711946.0,23666566.0,213443.125,41451160.0,26403764.0,42014996.0,346239232.0,22396110.0,107138504.0,109735112.0,0.0,38406968.0,25644778.0,24763350.0,191954272.0,8850340.0,81506936.0,44884832.0,0.0,0.0,13393561.0,0.0,32126716.0,17500770.0,13879536.0,34901156.0,17100384.0,69572656.0,0.0,0.0,76276992.0,0.0,9542769.0,17460714.0,0.0,28767178.0,0.0,0.0,68984376.0,0.0,16121102.0,1381343.75,0.0,5835262.5,1397497.75,0.0,10836022.0,2867643.5,10358829.0,6974164.5
73,0.0,0.0,0.0,0.0,494586880.0,323811872.0,455196832.0,192860944.0,0.0,26506316.0,1765053.5,55137284.0,311909344.0,145854528.0,210103248.0,104668400.0,0.0,0.0,45913384.0,22694560.0,87852384.0,67037224.0,20244230.0,49345572.0,0.0,0.0,0.0,63235316.0,509502624.0,132591832.0,144187872.0,149220480.0,0.0,0.0,0.0,126890944.0,327034208.0,13488516.0,141518272.0,72888128.0,0.0,0.0,14119845.0,5548784.5,84307112.0,45293104.0,19799642.0,48951140.0,57364408.0,95013200.0,0.0,0.0,267548848.0,26064978.0,130587024.0,102820472.0,0.0,56559240.0,8867075.0,0.0,180510032.0,0.0,132418624.0,33245192.0,0.0,28803616.0,18841700.0,0.0,71678696.0,21272546.0,60620956.0,31428368.0
