11,0.0,336759072.0,955225728.0,507402560.0,994399104.0,1521228544.0,1125155456.0,486485312.0,0.0,149905136.0,1217356416.0,269306464.0,861849664.0,1205682304.0,874015104.0,0.0,0.0,0.0,736544832.0,460371680.0,806385024.0,1012742912.0,590228224.0,178963360.0,0.0,0.0,944688320.0,130663848.0,1073606656.0,1141741440.0,363904864.0,736712576.0,132203984.0,0.0,748871104.0,411466016.0,835345344.0,1192486528.0,895901248.0,132284848.0,0.0,160916976.0,969259904.0,200468752.0,722596032.0,874051648.0,871361024.0,285065088.0,0.0,0.0,681898048.0,360780640.0,770428032.0,1023947456.0,581104960.0,320455680.0,0.0,258359520.0,489629152.0,366568128.0,830170304.0,958918144.0,957419712.0,546814976.0,0.0,56942916.0,730363072.0,400296256.0,651809024.0,575522624.0,560418880.0,37692216.0
19,0.0,59397252.0,352080064.0,303276288.0,195016240.0,184818272.0,402341216.0,241141296.0,0.0,28432220.0,117680320.0,81254368.0,334308384.0,104292280.0,141515840.0,113504112.0,0.0,0.0,50548648.0,107070752.0,51988844.0,49636356.0,21555192.0,35109248.0,47659160.0,143628048.0,139432032.0,18151022.0,198943488.0,146933744.0,217161264.0,144078592.0,0.0,73789760.0,73863848.0,116003776.0,120014080.0,0.0,120118784.0,73508896.0,0.0,6160898.0,38124960.0,17830052.0,22620968.0,17834966.0,5961042.5,16898438.0,0.0,0.0,10823043.0,5373055.5,52450760.0,2704115.5,34299276.0,45824040.0,0.0,0.0,22900188.0,11685581.0,29630768.0,22665788.0,0.0,12605695.0,0.0,0.0,0.0,7548999.0,3290365.5,4363580.0,0.0,4481410.5
12,0.0,26917926.0,900677952.0,0.0,958016000.0,993131904.0,836547264.0,794079744.0,0.0,32293994.0,670354176.0,372117568.0,1283320832.0,614809984.0,1492251136.0,277852192.0,0.0,416265920.0,842720064.0,217386240.0,921313216.0,985330176.0,965607104.0,471017984.0,0.0,38152040.0,775506688.0,579283072.0,1049099776.0,871267008.0,703956224.0,379386240.0,17965740.0,284679488.0,865237696.0,39417228.0,697519424.0,646081600.0,994816000.0,391028576.0,0.0,153496896.0,641121472.0,413359360.0,881038784.0,912779712.0,986140800.0,419232992.0,73464448.0,18585850.0,756253696.0,448965696.0,931901184.0,711088448.0,857056512.0,496001952.0,157877360.0,248604688.0,692092096.0,276577728.0,998112704.0,649570304.0,902242304.0,526741408.0,236966064.0,230680432.0,896793472.0,0.0,777621376.0,464783808.0,1061751872.0,206510896.0
38,0.0,27724208.0,1100799360.0,364630784.0,916373440.0,1101195520.0,802533824.0,299472352.0,0.0,0.0,1046707008.0,160667312.0,805347840.0,968659904.0,471624704.0,252397200.0,0.0,17322248.0,1043402624.0,219462912.0,954668416.0,836275328.0,827024896.0,442647296.0,0.0,70946440.0,1075802368.0,709113664.0,1001346368.0,974723712.0,853289152.0,637112000.0,0.0,0.0,987409728.0,275212288.0,743291584.0,932897600.0,1351963392.0,363897504.0,131736024.0,831710208.0,929001792.0,83237576.0,1153065600.0,761383872.0,966984576.0,61386696.0,0.0,154127536.0,695440064.0,94197408.0,805621312.0,1015865856.0,966494912.0,412153408.0,0.0,77319936.0,1091283200.0,567962752.0,1224104064.0,830151616.0,662579520.0,21631640.0,0.0,281565824.0,772485760.0,110964816.0,574505152.0,836713024.0,673284416.0,129056976.0
81,0.0,85072080.0,120289504.0,56349312.0,136011664.0,30887000.0,78752528.0,27062900.0,0.0,17249886.0,40008944.0,33715200.0,47474452.0,51421428.0,20338942.0,36766836.0,0.0,0.0,0.0,0.0,0.0,0.0,0.0,0.0,0.0,0.0,19022480.0,9108076.0,31487064.0,25379374.0,0.0,35058432.0,0.0,0.0,0.0,18892600.0,8620538.0,8352519.5,0.0,10872451.0,0.0,0.0,0.0,0.0,0.0,0.0,0.0,0.0,0.0,0.0,0.0,0.0,0.0,0.0,0.0,0.0,0.0,0.0,0.0,0.0,0.0,0.0,0.0,0.0,0.0,0.0,0.0,0.0,0.0,0.0,0.0,0.0
5,98174768.0,117813416.0,541827200.0,450659136.0,1243115648.0,703603072.0,524656768.0,258762832.0,0.0,0.0,726742144.0,330864288.0,698624576.0,743251328.0,671244096.0,212425856.0,0.0,0.0,455686400.0,339348096.0,537306624.0,336120448.0,336971392.0,179193904.0,0.0,39164264.0,544326464.0,49904900.0,667568576.0,325415104.0,690944256.0,654683904.0,36435624.0,106088856.0,642295552.0,300290400.0,663508928.0,431333824.0,591414784.0,159102752.0,0.0,0.0,371930336.0,236554368.0,431755648.0,624124480.0,422174528.0,33990704.0,164640208.0,322744992.0,426473504.0,156680672.0,381154688.0,573666560.0,379776256.0,169668112.0,0.0,171097600.0,207315232.0,148573984.0,522196608.0,394924640.0,301495200.0,193501792.0,0.0,48204016.0,202098768.0,89731480.0,371326464.0,511822304.0,315206688.0,288888896.0
40,198969504.0,370735840.0,948724672.0,112170808.0,944687296.0,734171776.0,940580544.0,501374304.0,0.0,0.0,690750592.0,609683328.0,1314744448.0,863271104.0,780852864.0,132976480.0,0.0,130092760.0,842103360.0,346170336.0,790721152.0,879760576.0,606349376.0,203315216.0,0.0,0.0,568143488.0,0.0,1162982016.0,936093696.0,661857984.0,420028032.0,0.0,115129040.0,1197672320.0,157780592.0,991742464.0,798683904.0,1185596288.0,269579136.0,0.0,244099088.0,849010240.0,366982336.0,1168115840.0,1243152768.0,675517696.0,159216224.0,0.0,535896288.0,491294208.0,418242400.0,913371072.0,776817344.0,817796608.0,283771552.0,0.0,219290288.0,593160896.0,381042528.0,689568320.0,1064391936.0,578192256.0,188429760.0,0.0,276555232.0,967915712.0,441204192.0,1094945664.0,1188432896.0,673824256.0,482989888.0
70,0.0,24138786.0,670432000.0,487578368.0,1081344896.0,716001280.0,804348992.0,267181984.0,0.0,0.0,637199168.0,421880640.0,646963776.0,332718240.0,485050752.0,663115584.0,0.0,224664112.0,521856512.0,580299136.0,361827648.0,117921128.0,495477280.0,18096926.0,0.0,72609600.0,517303552.0,207526992.0,461923232.0,299088576.0,484983424.0,197598144.0,0.0,220206528.0,360395712.0,205334912.0,430878688.0,391541344.0,486749632.0,236086608.0,0.0,0.0,180411456.0,248242336.0,334671808.0,134684064.0,284486016.0,98537648.0,167200864.0,232131920.0,178658128.0,68842544.0,385630816.0,195486480.0,433171712.0,288828928.0,111051056.0,0.0,168377520.0,87542888.0,337590656.0,153165168.0,438566944.0,206662688.0,0.0,0.0,100795416.0,103582008.0,256511920.0,68502968.0,153000992.0,103847680.0
23,0.0,31713206.0,263615632.0,121344760.0,282051936.0,27849912.0,215861152.0,136424976.0,0.0,0.0,89482368.0,135855072.0,122641064.0,45491000.0,157087952.0,107595760.0,0.0,0.0,22729580.0,55415788.0,55559576.0,21211102.0,13624809.0,29931710.0,0.0,23851872.0,42322028.0,139740272.0,179088704.0,53383492.0,259926496.0,184239552.0,0.0,2056815.75,54946940.0,10645796.0,156030112.0,31245286.0,62232492.0,59277260.0,0.0,126426.90625,8814038.0,6140216.0,9755453.0,8967190.0,14212647.0,16435159.0,0.0,4988457.0,0.0,16198850.0,34286636.0,4647553.0,13275248.0,15225879.0,0.0,0.0,15753525.0,3081070.75,24005502.0,3254289.0,25508688.0,17197070.0,0.0,957033.6875,2248815.25,0.0,3034676.5,573275.0625,3458290.25,1595785.0
72,276578496.0,82533200.0,786901440.0,258634000.0,847630912.0,830241472.0,1174373632.0,42064612.0,0.0,355444736.0,697112832.0,476222880.0,974541440.0,1004648064.0,877795136.0,208335872.0,0.0,183797840.0,1093374720.0,279624288.0,1248702848.0,1042765248.0,878086400.0,358629760.0,0.0,0.0,1239338368.0,278277536.0,927964288.0,868672256.0,708027200.0,366209824.0,0.0,0.0,738402688.0,346242176.0,717629120.0,964642432.0,568449728.0,539756416.0,0.0,180883840.0,936411072.0,578910080.0,678597568.0,937987584.0,1226089088.0,358176480.0,0.0,155779632.0,1031760960.0,280981920.0,1177822464.0,683368640.0,988902464.0,527184096.0,0.0,0.0,1141562496.0,0.0,1087106176.0,776022976.0,922586944.0,361085664.0,0.0,0.0,670007872.0,197460752.0,1058766848.0,854511936.0,537392192.0,522294816.0
79,0.0,5089304.0,4883018.0,0.0,15002344.0,5844994.0,15693344.0,11746615.0,0.0,0.0,0.0,0.0,0.0,0.0,0.0,0.0,0.0,0.0,0.0,0.0,0.0,0.0,0.0,0.0,0.0,0.0,0.0,0.0,0.0,0.0,0.0,0.0,0.0,0.0,0.0,0.0,0.0,0.0,0.0,0.0,0.0,0.0,0.0,0.0,0.0,0.0,0.0,0.0,0.0,0.0,0.0,0.0,0.0,0.0,0.0,0.0,0.0,0.0,0.0,0.0,0.0,0.0,0.0,0.0,0.0,0.0,0.0,0.0,0.0,0.0,0.0,0.0
78,0.0,116030384.0,916939200.0,0.0,949138560.0,785239360.0,898606400.0,440225760.0,145095824.0,231001968.0,545155200.0,195927424.0,1267544832.0,970646016.0,1127374592.0,562521664.0,0.0,227737984.0,728070208.0,160459936.0,663936320.0,793496832.0,840242304.0,0.0,145070320.0,0.0,979381248.0,156803360.0,1109252352.0,777764416.0,938459584.0,275300896.0,0.0,0.0,678433792.0,583060544.0,874756352.0,865764352.0,769624704.0,0.0,41374324.0,118406376.0,899981632.0,460665376.0,662278592.0,898431424.0,879777152.0,136975584.0,0.0,0.0,540924352.0,304141600.0,640148288.0,913817024.0,585116288.0,181801760.0,0.0,0.0,1155394944.0,209211344.0,1105814016.0,774746176.0,1257282560.0,546791040.0,0.0,207221856.0,721135488.0,387571840.0,615991744.0,746257280.0,1060347392.0,501685152.0
87,0.0,0.0,555597760.0,145922784.0,655347264.0,741434368.0,502188416.0,166908880.0,0.0,0.0,807959104.0,11732742.0,656916160.0,696170240.0,442172576.0,506772736.0,0.0,0.0,255707760.0,341719136.0,235895040.0,104262912.0,223254304.0,0.0,0.0,6868320.5,622420224.0,231651184.0,801404800.0,727559424.0,640731456.0,263717936.0,0.0,0.0,517504608.0,108498960.0,532378528.0,396696128.0,551801408.0,370266912.0,0.0,34193728.0,159999904.0,358373824.0,406717056.0,2778225.75,338634720.0,67464048.0,58612256.0,146400960.0,178436352.0,157045744.0,407397312.0,175334656.0,419320928.0,334087328.0,21624750.0,133114016.0,232776480.0,173100560.0,329257696.0,92586280.0,356132608.0,234468976.0,0.0,50663412.0,41504628.0,89897976.0,165166880.0,93593448.0,151554624.0,123434768.0
6,0.0,165151408.0,559061376.0,86224992.0,1092954368.0,1309215360.0,594958912.0,235248624.0,0.0,196948080.0,448629216.0,168368128.0,956533184.0,1033012288.0,697600960.0,83186368.0,0.0,324065344.0,791221120.0,568507264.0,735269632.0,946995136.0,1522621952.0,122800136.0,15508171.0,0.0,872065472.0,283805760.0,1067544512.0,761064768.0,531533248.0,364090592.0,0.0,197216560.0,1136781952.0,639419584.0,1317910016.0,869934848.0,926146112.0,739749248.0,0.0,148929536.0,1059107648.0,746755072.0,1418352640.0,670100096.0,1069575872.0,575836992.0,0.0,198284624.0,931467136.0,26460044.0,953199104.0,704753152.0,914896512.0,404284576.0,0.0,50128652.0,719527360.0,61438084.0,896256192.0,725182400.0,695465216.0,254706032.0,0.0,533740512.0,1441654400.0,676686848.0,828497216.0,868836288.0,560129408.0,502165472.0
68,0.0,286587872.0,625894464.0,218516000.0,1052564288.0,879581824.0,1023651712.0,102789592.0,0.0,84411296.0,723289472.0,368858592.0,1475616384.0,1073108928.0,903324736.0,570013824.0,0.0,101456288.0,1069092480.0,599156032.0,624118272.0,895812160.0,639979648.0,116756520.0,0.0,172979392.0,1090118656.0,397986912.0,864505280.0,630997824.0,975354048.0,345391232.0,0.0,0.0,806412288.0,411528928.0,1142906752.0,1098549376.0,855612864.0,647209472.0,0.0,80919184.0,519911392.0,484866432.0,740527872.0,891452224.0,736599936.0,319963808.0,0.0,603932096.0,889723200.0,372115424.0,895072448.0,1181145984.0,704982400.0,91053872.0,0.0,255965056.0,823195776.0,227305664.0,1153015296.0,781211968.0,932931840.0,425395584.0,0.0,638986240.0,674017344.0,279943328.0,942702912.0,664221184.0,546457152.0,562815872.0
69,0.0,11044109.0,983246208.0,283769536.0,910688192.0,965923328.0,1094106624.0,106181592.0,263466144.0,0.0,468060736.0,308903680.0,807446592.0,753584256.0,794547776.0,305711232.0,0.0,122292104.0,706780352.0,199936112.0,1350040832.0,849197824.0,798513088.0,266093856.0,0.0,48790380.0,785313536.0,324780256.0,1388923776.0,758646656.0,653463040.0,109106576.0,0.0,0.0,632411904.0,161034912.0,1220187648.0,982543872.0,983331328.0,110485712.0,116223120.0,127566720.0,542151488.0,167708720.0,882928256.0,1085587968.0,961024512.0,532211552.0,0.0,256110128.0,709057984.0,284558112.0,796921728.0,720864320.0,1103193088.0,427248192.0,207194448.0,424555520.0,867056320.0,531580448.0,971233472.0,756467584.0,652371264.0,382428928.0,0.0,164073312.0,507404224.0,333048096.0,1198300416.0,696028160.0,641791616.0,233775904.0
1,0.0,0.0,1125523584.0,387304192.0,654887168.0,918095104.0,787090688.0,7509200.0,0.0,259483584.0,923824576.0,321302688.0,866903552.0,1086485888.0,629866304.0,235597744.0,0.0,96811528.0,546005952.0,410188352.0,440423680.0,898954432.0,737351616.0,131670992.0,0.0,305444832.0,585636544.0,401001920.0,1085347456.0,743231808.0,613008320.0,272722208.0,0.0,189560928.0,707178048.0,306848192.0,370351616.0,970590784.0,611315904.0,183519776.0,0.0,0.0,937823232.0,129745144.0,446465472.0,540213952.0,748444288.0,212531584.0,33230720.0,32672282.0,393068256.0,418479296.0,737283392.0,686779136.0,523836032.0,463003072.0,0.0,0.0,826671232.0,302544096.0,955392192.0,433696864.0,815484992.0,431212256.0,0.0,215651168.0,355214528.0,259465152.0,760392256.0,313487264.0,501002400.0,211016768.0
45,0.0,16537854.0,63630944.0,54033208.0,204442672.0,17634662.0,117599728.0,81580584.0,0.0,0.0,19905798.0,29279952.0,41738128.0,9803716.0,7696207.0,14783041.0,0.0,0.0,0.0,0.0,0.0,0.0,0.0,0.0,0.0,14833946.0,8234763.0,5500238.0,45740808.0,0.0,26589688.0,12893304.0,0.0,2389311.0,5614346.5,0.0,7576313.0,1431227.0,8633897.0,3984005.5,0.0,0.0,0.0,0.0,0.0,0.0,0.0,0.0,0.0,0.0,0.0,0.0,0.0,0.0,0.0,0.0,0.0,0.0,0.0,0.0,0.0,0.0,0.0,0.0,0.0,0.0,0.0,0.0,0.0,0.0,0.0,0.0
33,0.0,6546178.5,656862400.0,326500352.0,974656640.0,1367728512.0,582326784.0,484925216.0,0.0,0.0,502692480.0,341837792.0,950352576.0,1009574848.0,621382400.0,799393152.0,0.0,166563376.0,794713728.0,330898656.0,1087881856.0,828227904.0,977707648.0,223439552.0,0.0,197003216.0,1002054016.0,249791392.0,980532480.0,748949760.0,1104598144.0,580046528.0,293872384.0,370486304.0,1034493248.0,339569312.0,864787136.0,819152384.0,625809728.0,0.0,147198864.0,136502448.0,806445824.0,62378112.0,1094579328.0,681983680.0,1120876544.0,409748352.0,0.0,332317152.0,685128576.0,139782800.0,833313472.0,554611072.0,916248128.0,414542336.0,0.0,115259328.0,635452736.0,368925504.0,940964800.0,721770496.0,922329344.0,740022848.0,0.0,245243856.0,686737408.0,21072028.0,741572224.0,955191744.0,900128768.0,502991392.0
15,0.0,1223425.625,0.0,0.0,34614284.0,12326693.0,5904509.0,7122089.0,0.0,0.0,0.0,0.0,0.0,0.0,0.0,0.0,0.0,0.0,0.0,0.0,0.0,0.0,0.0,0.0,0.0,0.0,0.0,0.0,0.0,0.0,0.0,0.0,0.0,0.0,0.0,0.0,0.0,0.0,0.0,0.0,0.0,0.0,0.0,0.0,0.0,0.0,0.0,0.0,0.0,0.0,0.0,0.0,0.0,0.0,0.0,0.0,0.0,0.0,0.0,0.0,0.0,0.0,0.0,0.0,0.0,0.0,0.0,0.0,0.0,0.0,0.0,0.0
93,0.0,10848364.0,22045984.0,4650826.0,62404000.0,44345652.0,56187064.0,44064960.0,0.0,0.0,0.0,0.0,0.0,0.0,0.0,0.0,0.0,0.0,0.0,0.0,0.0,0.0,0.0,0.0,0.0,0.0,0.0,0.0,0.0,0.0,0.0,0.0,0.0,0.0,0.0,0.0,0.0,0.0,0.0,0.0,0.0,0.0,0.0,0.0,0.0,0.0,0.0,0.0,0.0,0.0,0.0,0.0,0.0,0.0,0.0,0.0,0.0,0.0,0.0,0.0,0.0,0.0,0.0,0.0,0.0,0.0,0.0,0.0,0.0,0.0,0.0,0.0
24,0.0,57961184.0,507072160.0,378639072.0,930967296.0,745289024.0,783165184.0,257209744.0,0.0,294381408.0,1111295488.0,264908000.0,1179810688.0,721421632.0,1058173568.0,510402560.0,97266016.0,404453920.0,857372480.0,542691712.0,780421440.0,643274176.0,448186464.0,282455520.0,0.0,0.0,785337088.0,221976304.0,743591488.0,948211904.0,685590144.0,246629072.0,0.0,169810208.0,827749184.0,63581448.0,758190400.0,1167261824.0,1188518912.0,568730176.0,0.0,2711498.75,814448832.0,371799424.0,1070124992.0,775382976.0,825616448.0,474037664.0,0.0,475289952.0,735071232.0,612961536.0,947429248.0,973394880.0,688508672.0,413431968.0,0.0,363981760.0,797820352.0,388309248.0,1084390912.0,730713792.0,666070592.0,610362176.0,0.0,190746736.0,866105088.0,643597568.0,966227136.0,824150016.0,791000896.0,398197152.0
25,0.0,0.0,672601728.0,30933038.0,999157760.0,1306869760.0,693449856.0,259624384.0,0.0,0.0,955417792.0,463197792.0,1005030016.0,1115039232.0,668584448.0,127053344.0,0.0,58342400.0,1031542272.0,381037056.0,1212160384.0,786984128.0,618191872.0,782214848.0,0.0,82514584.0,1036557696.0,181423760.0,1229889920.0,1346003200.0,1054727360.0,92657040.0,0.0,30103024.0,1027825408.0,349730976.0,1470622976.0,860853376.0,621528128.0,346569312.0,0.0,379923008.0,810516608.0,278954208.0,886920896.0,1084935808.0,760282112.0,422003968.0,217735440.0,46141920.0,706562752.0,197623680.0,624810368.0,821574976.0,930368128.0,555098368.0,0.0,13102756.0,649877760.0,268113744.0,1119992704.0,1178289152.0,845795776.0,376434560.0,0.0,0.0,670040640.0,76765920.0,930241280.0,715448320.0,608250816.0,472320544.0
26,0.0,190591648.0,756025152.0,92906672.0,753491776.0,606268736.0,1004929280.0,335044832.0,0.0,112359848.0,499849216.0,383705920.0,573154880.0,514281536.0,592092480.0,334827456.0,0.0,93328024.0,429349632.0,173459104.0,271996864.0,293301408.0,256972000.0,78795592.0,245794608.0,116259168.0,416442720.0,356549856.0,355886496.0,566017600.0,605970944.0,476669024.0,0.0,0.0,364653152.0,124866304.0,718669632.0,329912544.0,324213088.0,278428896.0,0.0,106526776.0,74074288.0,196095872.0,338302688.0,203908848.0,417988128.0,56366232.0,156368240.0,5682845.0,266305104.0,138120864.0,682688384.0,188850512.0,361833120.0,328329664.0,13082976.0,99869712.0,135807648.0,114424224.0,304845312.0,183579840.0,409887648.0,337274912.0,0.0,60680776.0,141326064.0,285905568.0,325697632.0,4073327.5,109598512.0,70180960.0
48,0.0,16998014.0,26643592.0,0.0,64534844.0,3241215.5,33848560.0,8910281.0,0.0,0.0,0.0,0.0,0.0,0.0,0.0,0.0,0.0,0.0,0.0,0.0,0.0,0.0,0.0,0.0,0.0,0.0,0.0,0.0,0.0,0.0,0.0,0.0,0.0,0.0,0.0,0.0,0.0,0.0,0.0,0.0,0.0,0.0,0.0,0.0,0.0,0.0,0.0,0.0,0.0,0.0,0.0,0.0,0.0,0.0,0.0,0.0,0.0,0.0,0.0,0.0,0.0,0.0,0.0,0.0,0.0,0.0,0.0,0.0,0.0,0.0,0.0,0.0
71,0.0,134807712.0,115050752.0,91868792.0,442226720.0,80524760.0,434790720.0,67986096.0,0.0,0.0,88150400.0,86742416.0,249003584.0,72438448.0,94785296.0,63520500.0,0.0,0.0,57416560.0,44492424.0,57383424.0,24404460.0,28363332.0,47342120.0,0.0,26877482.0,48803748.0,21089734.0,281414624.0,49071420.0,182096544.0,73554208.0,0.0,65387184.0,58649788.0,27694378.0,70573320.0,19329054.0,48667820.0,53086728.0,0.0,12219230.0,27964116.0,15810890.0,22011084.0,10936746.0,8284949.0,14715321.0,0.0,709987.0,0.0,0.0,51686200.0,0.0,60793088.0,42627968.0,0.0,0.0,26372412.0,0.0,49274736.0,14574990.0,10786418.0,18426514.0,0.0,0.0,0.0,9430980.0,4110662.0,5451429.0,0.0,5598637.0
76,0.0,29109868.0,621426368.0,237012656.0,473965632.0,519380032.0,743900096.0,180283488.0,0.0,91759600.0,700569920.0,134331184.0,538838144.0,346264160.0,625129600.0,0.0,0.0,0.0,310340704.0,139334944.0,210922848.0,292362912.0,280198016.0,8981502.0,0.0,0.0,333804000.0,170214320.0,590719616.0,411616224.0,559326592.0,279935776.0,0.0,0.0,448259168.0,227244976.0,457510368.0,260704704.0,471773792.0,201302880.0,0.0,85229096.0,162806592.0,265472480.0,160417104.0,110759048.0,63325880.0,60308476.0,68131552.0,68335496.0,83929240.0,0.0,678878592.0,105122904.0,217922016.0,265498896.0,0.0,45549104.0,109536152.0,156671280.0,352295712.0,171391136.0,226139056.0,181052896.0,0.0,0.0,40247676.0,40400160.0,253564912.0,55289592.0,257748288.0,131793320.0
7,0.0,329729376.0,1049324672.0,56972344.0,1608350080.0,1092756992.0,918990336.0,472155872.0,0.0,0.0,759141056.0,339742464.0,1148772480.0,960967296.0,1046535808.0,476730944.0,0.0,246655552.0,806985664.0,596957376.0,894297984.0,748391424.0,523655648.0,91603272.0,0.0,16004525.0,667301504.0,410257696.0,1194466304.0,812758848.0,621938944.0,400360320.0,127798960.0,494404384.0,713641152.0,334515360.0,728797312.0,677500928.0,683111232.0,366646176.0,0.0,256488416.0,881764992.0,65610680.0,809347904.0,881981120.0,518299200.0,257304144.0,0.0,243407712.0,563954432.0,356929696.0,1052846400.0,893986624.0,568766592.0,551108288.0,0.0,0.0,661694016.0,282548416.0,946817728.0,834658368.0,673103424.0,120791048.0,0.0,68021560.0,1006500608.0,191400304.0,744624576.0,629572928.0,547765760.0,336556672.0
50,0.0,54219376.0,234201808.0,207592016.0,313651968.0,151988800.0,347533248.0,200614448.0,0.0,32852994.0,141649392.0,113602712.0,178442496.0,49803376.0,143109088.0,75702800.0,0.0,21159460.0,68026968.0,23566190.0,34958076.0,21542996.0,36729908.0,12690045.0,0.0,0.0,86642464.0,111163384.0,167597600.0,22978536.0,130549000.0,132144880.0,0.0,0.0,70778640.0,23087016.0,121036760.0,27779396.0,88225320.0,46000508.0,0.0,10069610.0,17578688.0,38889552.0,24375982.0,16086982.0,25090704.0,24659440.0,0.0,26397376.0,4241632.0,0.0,76414408.0,0.0,75647696.0,20529942.0,0.0,20263164.0,38969636.0,0.0,39259552.0,7523197.0,30072846.0,25807204.0,0.0,0.0,0.0,11632611.0,5070283.0,6724047.5,0.0,6905620.0
22,0.0,242546512.0,704182144.0,107307880.0,709444288.0,1027832832.0,528501632.0,188061088.0,0.0,0.0,658851904.0,173820608.0,729604544.0,786635840.0,965184960.0,715162176.0,39680208.0,243833328.0,854247232.0,238897264.0,606142976.0,572947328.0,1035012544.0,0.0,0.0,347019328.0,690408128.0,381384192.0,1255021824.0,1142347648.0,879399424.0,245427680.0,0.0,190593616.0,788241664.0,160248336.0,1180691072.0,855923200.0,1291016448.0,290747328.0,0.0,265764512.0,487729696.0,566798464.0,913873152.0,853474112.0,867138752.0,314077824.0,0.0,372044448.0,950895168.0,0.0,901159360.0,617769280.0,802471808.0,509581088.0,0.0,27527890.0,631110016.0,0.0,876680384.0,620153792.0,775612096.0,258174496.0,0.0,53030684.0,413011904.0,71554104.0,490082592.0,479495584.0,579692864.0,416005440.0
4,0.0,20188776.0,126841128.0,138946528.0,399670336.0,35370364.0,354005152.0,243460592.0,0.0,0.0,74307576.0,71516760.0,173712736.0,0.0,50092548.0,36449396.0,0.0,0.0,33129570.0,22017980.0,30844162.0,9746977.0,16075580.0,17665702.0,0.0,24795030.0,83637040.0,48819828.0,223683328.0,11423250.0,180543296.0,59770880.0,0.0,3149053.0,40361468.0,8150886.0,60186452.0,18163530.0,64649912.0,54259792.0,0.0,3999068.0,11800704.0,4191645.0,11334589.0,5887618.0,2664777.5,15200745.0,0.0,14257385.0,55602368.0,46919760.0,21902782.0,18066550.0,0.0,26261556.0,0.0,0.0,14884206.0,0.0,12686606.0,4722107.5,8136835.5,14493654.0,0.0,0.0,0.0,4588831.5,2000124.75,2652502.0,0.0,2724128.5
32,0.0,123960096.0,1098146816.0,370692928.0,1228250880.0,901858048.0,829548864.0,191993744.0,0.0,323987008.0,773066112.0,229576640.0,1121882624.0,895004096.0,621977792.0,307674112.0,0.0,65753136.0,670212864.0,442144288.0,667565376.0,306157376.0,962646528.0,74054064.0,212501360.0,217366496.0,703447616.0,45589112.0,753058880.0,625596288.0,812628672.0,342179584.0,0.0,25368072.0,825359744.0,352947232.0,720111808.0,863002496.0,673798144.0,514991232.0,0.0,0.0,847946112.0,437726528.0,796801408.0,546541312.0,781596864.0,187746576.0,129056312.0,161365728.0,559114368.0,204759024.0,767126272.0,556856832.0,593469696.0,472400416.0,0.0,361906272.0,623550528.0,30720694.0,686119040.0,569157888.0,588024960.0,466134112.0,0.0,26112216.0,174271136.0,235473520.0,542328576.0,189970736.0,595301824.0,336864576.0
77,152249664.0,0.0,897878848.0,612009536.0,883909120.0,869158464.0,879179904.0,309293056.0,0.0,0.0,985647168.0,0.0,1708076928.0,981318272.0,882142592.0,580394752.0,0.0,0.0,822971968.0,513338464.0,1266003968.0,895567936.0,746401728.0,474911232.0,0.0,0.0,1037076672.0,566139776.0,926016576.0,999616704.0,855275392.0,35907744.0,0.0,523470272.0,774262528.0,116272368.0,1169894528.0,1015882624.0,1249359360.0,66184824.0,0.0,22035458.0,1080267392.0,665449344.0,1121444864.0,719809408.0,768811264.0,93176992.0,0.0,226137584.0,924196800.0,92724864.0,930880128.0,1088355712.0,884179264.0,343926208.0,0.0,366128896.0,691647168.0,189113040.0,854332544.0,640227840.0,756999104.0,399984.0,0.0,164566256.0,893829696.0,470749344.0,1055798912.0,1071532224.0,823191040.0,914896640.0
91,0.0,13259631.0,99916088.0,116740616.0,141875456.0,50573584.0,160770272.0,132764176.0,0.0,0.0,70580336.0,88791120.0,94932808.0,21872294.0,58660364.0,55921416.0,0.0,0.0,0.0,0.0,0.0,0.0,0.0,0.0,0.0,28279012.0,37117008.0,45442152.0,115463480.0,27411592.0,69232936.0,40398672.0,0.0,0.0,43108640.0,15340224.0,65242648.0,7595583.0,20117588.0,36046736.0,0.0,0.0,0.0,0.0,0.0,0.0,0.0,0.0,0.0,0.0,0.0,0.0,0.0,0.0,0.0,0.0,0.0,0.0,0.0,0.0,0.0,0.0,0.0,0.0,0.0,0.0,0.0,0.0,0.0,0.0,0.0,0.0
42,0.0,0.0,272273984.0,292805920.0,499645024.0,463395328.0,301440480.0,100707912.0,0.0,48959092.0,172540192.0,165369264.0,220557840.0,144859712.0,367846688.0,103755464.0,0.0,0.0,168573888.0,110898488.0,56666956.0,42534208.0,79640296.0,46333884.0,96438096.0,90053832.0,176393168.0,147263216.0,306334496.0,30505522.0,256568048.0,223937328.0,0.0,16874466.0,40835436.0,104339208.0,165664272.0,0.0,48532036.0,63208308.0,0.0,43119116.0,58924412.0,63023420.0,49454776.0,14273677.0,73771136.0,21029518.0,14626418.0,29974278.0,25627288.0,21174536.0,121042072.0,48327196.0,108761288.0,140193584.0,0.0,11018149.0,55332112.0,29204016.0,64038436.0,8274917.0,65717572.0,70438328.0,0.0,0.0,28032092.0,19017064.0,30670314.0,25202100.0,14370367.0,37694968.0
13,0.0,18371740.0,2716178.75,10794510.0,38723892.0,4614044.0,25897758.0,9581532.0,0.0,0.0,0.0,0.0,0.0,0.0,0.0,0.0,0.0,0.0,0.0,0.0,0.0,0.0,0.0,0.0,0.0,0.0,0.0,0.0,0.0,0.0,0.0,0.0,0.0,0.0,0.0,0.0,0.0,0.0,0.0,0.0,0.0,0.0,0.0,0.0,0.0,0.0,0.0,0.0,0.0,0.0,0.0,0.0,0.0,0.0,0.0,0.0,0.0,0.0,0.0,0.0,0.0,0.0,0.0,0.0,0.0,0.0,0.0,0.0,0.0,0.0,0.0,0.0
41,0.0,0.0,894198848.0,33977124.0,945598592.0,1069478080.0,1115692160.0,385751648.0,0.0,0.0,992362688.0,32404506.0,969354624.0,760664256.0,898230016.0,221948000.0,0.0,0.0,1042124416.0,0.0,1520158336.0,875108672.0,772514368.0,143216272.0,0.0,115263424.0,872782528.0,242353184.0,1335956864.0,1289291904.0,897646848.0,929869440.0,0.0,253907216.0,1389040768.0,327169952.0,826794816.0,1226143232.0,1100848512.0,347930976.0,0.0,72985984.0,676188416.0,639661120.0,1005413312.0,1262876288.0,1027781632.0,150439152.0,0.0,0.0,1008025664.0,631368512.0,853578688.0,1028336832.0,702551232.0,161665648.0,0.0,173970752.0,932331648.0,409071808.0,1155374592.0,886704768.0,867883264.0,150277824.0,0.0,243493248.0,829620544.0,176827216.0,1115494400.0,637640448.0,782346944.0,477156352.0
55,0.0,0.0,311778336.0,91344784.0,503350048.0,186609408.0,291703232.0,8974235.0,0.0,5205192.5,317166912.0,196034592.0,204177440.0,198535776.0,236579056.0,95705504.0,0.0,41432108.0,171542384.0,80968160.0,40264888.0,64502324.0,53357864.0,20483040.0,11374507.0,72501448.0,141229728.0,62239644.0,371120416.0,153719600.0,306743200.0,236465488.0,0.0,33914768.0,115039584.0,156977216.0,247300272.0,97839136.0,136968928.0,120519728.0,0.0,24677814.0,57941888.0,58419740.0,103624552.0,30799000.0,74756376.0,44779956.0,24122610.0,100500592.0,55932784.0,15913716.0,251080880.0,69638808.0,121506472.0,164613328.0,0.0,22171146.0,688520.6875,96895784.0,126254472.0,6516931.0,94173144.0,34718132.0,0.0,0.0,54275548.0,43945920.0,45461476.0,24833220.0,22639464.0,23138544.0
31,12289670.0,543077056.0,919359104.0,476970592.0,1048663168.0,990006400.0,594629056.0,222801120.0,0.0,298157920.0,639388736.0,141855408.0,993223040.0,897203200.0,1078933504.0,284639328.0,0.0,272747552.0,989357056.0,342346720.0,841001728.0,769726464.0,749189120.0,229748704.0,0.0,0.0,691673280.0,258731552.0,1049144256.0,728912704.0,811945472.0,564157440.0,299531296.0,123265240.0,659995072.0,212093936.0,919152512.0,871846464.0,1093559552.0,450982208.0,0.0,54768328.0,704706880.0,347269856.0,676085504.0,1014061760.0,790450368.0,323882816.0,0.0,224497264.0,1077213824.0,164639024.0,868002496.0,851186880.0,392038112.0,256244736.0,0.0,20996920.0,683673536.0,269357440.0,741888768.0,583016320.0,940687744.0,77656280.0,0.0,203779152.0,507525120.0,116108088.0,881398912.0,601273472.0,294655072.0,453671648.0
66,0.0,0.0,0.0,0.0,22073588.0,6734217.0,7966837.5,8626514.0,0.0,0.0,0.0,0.0,0.0,0.0,0.0,0.0,0.0,0.0,0.0,0.0,0.0,0.0,0.0,0.0,0.0,0.0,0.0,0.0,0.0,0.0,0.0,0.0,0.0,0.0,0.0,0.0,0.0,0.0,0.0,0.0,0.0,0.0,0.0,0.0,0.0,0.0,0.0,0.0,0.0,0.0,0.0,0.0,0.0,0.0,0.0,0.0,0.0,0.0,0.0,0.0,0.0,0.0,0.0,0.0,0.0,0.0,0.0,0.0,0.0,0.0,0.0,0.0
65,57825084.0,86233752.0,445882688.0,170327728.0,436662912.0,321591488.0,281564320.0,50752608.0,0.0,52349520.0,154881424.0,66887896.0,189929360.0,32566826.0,203213648.0,150844144.0,0.0,73233528.0,152568448.0,70419968.0,54907700.0,87425000.0,78700496.0,33814632.0,61291108.0,51785608.0,280080352.0,224173584.0,313242656.0,213615600.0,453516576.0,385653600.0,0.0,22457594.0,83961128.0,59295536.0,306853408.0,0.0,183487088.0,119731616.0,0.0,2456430.25,69843032.0,34632884.0,122584112.0,30474100.0,91057392.0,70828136.0,0.0,55870992.0,107589360.0,83951896.0,144871920.0,15467944.0,112340064.0,133700816.0,0.0,0.0,59957884.0,0.0,73903784.0,44095532.0,34265032.0,33217312.0,0.0,8596274.0,34620204.0,26826270.0,43791248.0,8790400.0,21245452.0,18162948.0
62,0.0,0.0,510260128.0,250738320.0,717364160.0,726434880.0,793912192.0,232692528.0,0.0,31429242.0,1307602560.0,102972864.0,832899520.0,324160992.0,811713664.0,125254832.0,0.0,140352624.0,362053952.0,548156160.0,480953472.0,456985472.0,507377600.0,57024272.0,31570038.0,403934624.0,780219968.0,159904720.0,803686656.0,618950976.0,1102065792.0,370385184.0,0.0,265571344.0,521123200.0,96280672.0,1014123072.0,508312128.0,784235648.0,568286528.0,0.0,44335412.0,417255360.0,81455840.0,287356768.0,451353632.0,507408992.0,137403968.0,95196080.0,108450856.0,306381152.0,0.0,760158464.0,517200992.0,447496192.0,376619488.0,0.0,130138904.0,523361920.0,93727112.0,784402432.0,391147552.0,480769152.0,340080416.0,0.0,0.0,226855552.0,183742096.0,482510144.0,221010640.0,397831264.0,199045920.0
21,0.0,87033192.0,935988928.0,521348288.0,1093011840.0,1302862592.0,742126144.0,799969984.0,0.0,488594880.0,758686080.0,330534496.0,1335752704.0,894612672.0,897792384.0,379639488.0,0.0,0.0,623187584.0,148880288.0,1376008320.0,1043320192.0,1018640768.0,285807424.0,0.0,328316896.0,780145984.0,320713728.0,874173952.0,741512832.0,634101312.0,293222816.0,0.0,69234384.0,791887488.0,582321856.0,881645504.0,818446720.0,617722176.0,638807232.0,0.0,48970592.0,1040805248.0,503657824.0,1054199040.0,1020141312.0,984636608.0,371241376.0,0.0,0.0,1015576128.0,461649280.0,849440128.0,696797120.0,361485600.0,63955776.0,0.0,145859680.0,505953088.0,99325640.0,815471552.0,1135576448.0,1132208640.0,249357024.0,0.0,4012347.25,971938624.0,165898896.0,1009145472.0,1076544512.0,877759488.0,415292384.0
95,0.0,162660288.0,1156149632.0,359097984.0,922327424.0,1183370496.0,945625344.0,512887936.0,0.0,341520352.0,991956032.0,0.0,1077014016.0,1105142272.0,671410496.0,199349520.0,0.0,26328078.0,780628416.0,32412576.0,882914304.0,1408850816.0,839410816.0,189134752.0,312611488.0,476968960.0,807225856.0,239788400.0,904598976.0,1073808768.0,486980992.0,420957312.0,0.0,0.0,946084800.0,412084256.0,799908608.0,1083569408.0,564066432.0,266983232.0,0.0,177998976.0,913584128.0,250473072.0,829723840.0,1131714944.0,718620288.0,21760520.0,0.0,0.0,1207734272.0,499797472.0,919718720.0,1121639680.0,841563200.0,275612000.0,0.0,400163200.0,762379712.0,392425024.0,1149491840.0,1034441664.0,461608000.0,390836160.0,0.0,0.0,1051019840.0,58658040.0,852978880.0,1328223360.0,1141106304.0,164049968.0
84,0.0,0.0,518907296.0,325179456.0,394761408.0,479568896.0,575958592.0,205482656.0,0.0,149003760.0,376337472.0,139517440.0,444934208.0,360298144.0,385956960.0,0.0,0.0,151886880.0,328939840.0,200701232.0,313905504.0,84336408.0,473363392.0,0.0,0.0,0.0,601784832.0,175759792.0,744009664.0,446754496.0,533712000.0,92329400.0,0.0,0.0,389024704.0,123280120.0,370294368.0,355845408.0,250888112.0,273213248.0,0.0,97553488.0,282458720.0,259085824.0,320533344.0,172506000.0,188110656.0,117153096.0,260120160.0,39607752.0,98851920.0,0.0,327056128.0,269178112.0,248713072.0,390021088.0,0.0,60396952.0,228394592.0,216860800.0,271028096.0,81536688.0,398023008.0,133902640.0,0.0,11588505.0,92347032.0,105059584.0,190753840.0,48108000.0,157426688.0,101584328.0
58,0.0,4308705.5,59650832.0,37635588.0,112577744.0,30575892.0,51162248.0,81098112.0,0.0,542233.125,24223218.0,30962056.0,31483082.0,33576804.0,20962914.0,55037148.0,0.0,0.0,0.0,0.0,0.0,0.0,0.0,0.0,0.0,0.0,19146936.0,551262.4375,12331581.0,11986689.0,0.0,20336584.0,0.0,0.0,0.0,9484280.0,4133894.5,5482239.5,0.0,5630278.0,0.0,0.0,0.0,0.0,0.0,0.0,0.0,0.0,0.0,0.0,0.0,0.0,0.0,0.0,0.0,0.0,0.0,0.0,0.0,0.0,0.0,0.0,0.0,0.0,0.0,0.0,0.0,0.0,0.0,0.0,0.0,0.0
64,0.0,0.0,965921984.0,679699776.0,839620288.0,920043456.0,785767552.0,553170560.0,0.0,175694096.0,1156144000.0,215363776.0,976651456.0,522567296.0,724556864.0,319683552.0,0.0,183607792.0,736346560.0,220193296.0,1025340928.0,759461760.0,750874368.0,445508160.0,0.0,194255792.0,763227904.0,202358752.0,1119634944.0,958062272.0,885854656.0,540280256.0,0.0,78947120.0,595835584.0,104839056.0,584375424.0,950527872.0,515719392.0,179813696.0,0.0,61878232.0,593808704.0,226648992.0,1015693376.0,994036544.0,680993536.0,378763680.0,0.0,94313056.0,913045504.0,425047680.0,1106988160.0,650289024.0,1146111616.0,0.0,0.0,107866752.0,889660096.0,454989600.0,699575296.0,724379392.0,656142784.0,884949824.0,0.0,51333296.0,751903872.0,311989920.0,768787008.0,787707008.0,733667584.0,214020192.0
83,0.0,110219952.0,121412184.0,35409876.0,159110304.0,27076958.0,123920096.0,123601936.0,0.0,9855928.0,98449568.0,79335592.0,110458472.0,69139296.0,79119576.0,29180942.0,0.0,0.0,0.0,0.0,0.0,0.0,0.0,0.0,0.0,0.0,54473012.0,61800888.0,110095640.0,50878384.0,110140536.0,80748840.0,0.0,1871590.5,66880200.0,35365720.0,76035008.0,21641096.0,39269212.0,46458468.0,0.0,0.0,0.0,0.0,0.0,0.0,0.0,0.0,0.0,0.0,0.0,0.0,0.0,0.0,0.0,0.0,0.0,0.0,0.0,0.0,0.0,0.0,0.0,0.0,0.0,0.0,0.0,0.0,0.0,0.0,0.0,0.0
94,0.0,64591272.0,552825664.0,132175152.0,761895744.0,682592768.0,677998848.0,342573120.0,0.0,90926872.0,656286720.0,79688336.0,507523968.0,748351104.0,406200224.0,308695392.0,0.0,0.0,322853536.0,294133152.0,286193696.0,281848736.0,312633600.0,47147792.0,0.0,18524472.0,675105088.0,488858368.0,656270784.0,418915616.0,555459584.0,222207504.0,0.0,4052556.0,203000720.0,68206776.0,540288704.0,317046848.0,427311616.0,136490880.0,0.0,41715288.0,279816512.0,260807296.0,277189600.0,167524880.0,211266736.0,45601028.0,63720628.0,143286288.0,310565760.0,76578576.0,410903136.0,307499488.0,312847456.0,299778976.0,44973792.0,185678768.0,316509792.0,247798192.0,278476224.0,93925024.0,305841344.0,251842208.0,57974624.0,42935096.0,65653400.0,108083992.0,352478272.0,4693354.5,173549120.0,52786004.0
0,0.0,98850576.0,823601216.0,548878848.0,567793984.0,683303552.0,625304704.0,194778752.0,0.0,0.0,610322688.0,417106880.0,409191584.0,547717248.0,673017472.0,322277920.0,0.0,150463376.0,233837744.0,379122400.0,347114976.0,119672728.0,405578432.0,0.0,0.0,276050272.0,580589312.0,414702336.0,716726912.0,335829056.0,510816704.0,163959648.0,27779150.0,79223984.0,371346592.0,164065376.0,604025280.0,335409024.0,480023392.0,150696608.0,0.0,52993424.0,232037648.0,181499936.0,330643616.0,107143664.0,314814528.0,187177696.0,25659056.0,23953948.0,320306080.0,221333344.0,467174112.0,81021152.0,437684672.0,201670560.0,0.0,52204028.0,190221376.0,126938976.0,239743520.0,130285968.0,349128192.0,121991576.0,0.0,22165896.0,108890216.0,115490280.0,240720880.0,50139136.0,243757744.0,97816528.0
99,0.0,180486864.0,351940896.0,66587092.0,759090112.0,362505120.0,691232320.0,506865408.0,0.0,68119272.0,319752192.0,72930936.0,251245952.0,338524544.0,397742528.0,145047936.0,0.0,32705474.0,243155872.0,233814368.0,174132288.0,100564912.0,149962240.0,72012696.0,0.0,91167024.0,168426528.0,55260348.0,384364768.0,224855824.0,428125952.0,112825344.0,0.0,48285436.0,142468096.0,227765424.0,220494640.0,178548880.0,266579840.0,104433200.0,0.0,0.0,115961192.0,101375264.0,215357120.0,53095088.0,79893776.0,94539584.0,24030752.0,39767312.0,154057008.0,0.0,262726864.0,94826544.0,134028952.0,228261296.0,28464642.0,0.0,63863292.0,102262656.0,229442176.0,15415532.0,178026992.0,210262016.0,0.0,23129154.0,71028440.0,0.0,107903072.0,37411668.0,61612384.0,132319728.0
96,0.0,0.0,157934704.0,121341072.0,206127072.0,87394600.0,193587680.0,94026936.0,0.0,33342768.0,150764240.0,65604792.0,61433408.0,39565856.0,68433840.0,58148988.0,0.0,0.0,0.0,0.0,0.0,0.0,0.0,0.0,0.0,0.0,85123824.0,34726080.0,114897880.0,37007868.0,202289136.0,68491424.0,0.0,3058155.0,44781048.0,64905224.0,114269736.0,26787776.0,51392176.0,42719244.0,0.0,0.0,0.0,0.0,0.0,0.0,0.0,0.0,0.0,0.0,0.0,0.0,0.0,0.0,0.0,0.0,0.0,0.0,0.0,0.0,0.0,0.0,0.0,0.0,0.0,0.0,0.0,0.0,0.0,0.0,0.0,0.0
67,0.0,0.0,623052608.0,311185248.0,834177216.0,457505312.0,604340544.0,325216288.0,0.0,231890896.0,344242784.0,184758688.0,290257760.0,270015200.0,955281216.0,214563616.0,0.0,60253612.0,362546304.0,207937200.0,146033760.0,116264576.0,108769760.0,47503948.0,0.0,208353936.0,276500256.0,160901744.0,429724864.0,92083760.0,481809856.0,199600656.0,0.0,1568112.75,147550208.0,151086768.0,291141344.0,127438120.0,313734528.0,150795984.0,0.0,13728475.0,124015864.0,108505144.0,180009888.0,101637840.0,222993632.0,133458536.0,111317480.0,0.0,33940128.0,13638841.0,274791584.0,78410144.0,118375440.0,236468496.0,0.0,140983.25,89532112.0,29639818.0,202726080.0,0.0,145646608.0,179494880.0,0.0,11083489.0,76119376.0,35169728.0,171020432.0,14459520.0,70024864.0,96849168.0
61,0.0,231041056.0,1010032512.0,656459008.0,991786752.0,565747776.0,1289873408.0,684991552.0,0.0,126274600.0,826935872.0,378861600.0,1006864832.0,902905856.0,835871488.0,322307008.0,0.0,0.0,973400640.0,333554272.0,1049178304.0,909151040.0,1053048832.0,214125152.0,19429114.0,426786720.0,1128616704.0,11574815.0,950826816.0,972474944.0,904870400.0,603024768.0,0.0,517598368.0,1036466688.0,0.0,1024568576.0,978615232.0,897003200.0,615820608.0,0.0,251596176.0,859552128.0,351884992.0,948439808.0,979706816.0,1189614464.0,522957632.0,0.0,152196592.0,710287680.0,180198112.0,780328896.0,804979584.0,937438016.0,249461536.0,0.0,62555820.0,809464256.0,467547968.0,1227755520.0,844271168.0,763586048.0,184516560.0,47293536.0,287836416.0,693171840.0,145783232.0,1019570624.0,1327261056.0,639217024.0,130996992.0
43,0.0,166841856.0,756108480.0,229588848.0,1291204608.0,841360640.0,847305408.0,739541248.0,0.0,152563952.0,782657728.0,335061984.0,900763904.0,1093880832.0,834054848.0,422237952.0,0.0,84058944.0,763236288.0,490559936.0,889019776.0,654772928.0,945954560.0,224346560.0,0.0,237192208.0,951595776.0,243227584.0,770379968.0,651655808.0,713506112.0,123068392.0,0.0,154689264.0,824009216.0,416405024.0,1100049536.0,773411008.0,1319533696.0,61359928.0,0.0,241924624.0,889760128.0,29442564.0,945282112.0,790045184.0,868692160.0,490031744.0,115734712.0,110255688.0,638813312.0,500934976.0,953571712.0,595329344.0,936682624.0,187534352.0,615398720.0,0.0,472122176.0,363285248.0,1007126720.0,682324416.0,1115405952.0,0.0,0.0,70361768.0,920245760.0,371271456.0,786400384.0,725108672.0,679606208.0,381915040.0
2,0.0,120667160.0,690529728.0,248087888.0,786412288.0,1493486592.0,996719808.0,351198176.0,0.0,389897440.0,1044407168.0,290355328.0,1015757824.0,905877696.0,1023020096.0,410601184.0,0.0,454348832.0,990825600.0,505230336.0,872549248.0,628793792.0,406156928.0,512544864.0,0.0,0.0,1072070464.0,316576608.0,933897472.0,899683904.0,736392256.0,347283200.0,91057776.0,232681152.0,1188733184.0,401043200.0,784722048.0,1242185856.0,708449728.0,361489856.0,0.0,0.0,820990080.0,553459456.0,1238326784.0,837332608.0,972912832.0,97742440.0,0.0,0.0,1201778560.0,319587552.0,532012736.0,1444599424.0,503493408.0,396866496.0,0.0,0.0,822534016.0,663000704.0,957924160.0,1121355136.0,897323264.0,477031328.0,0.0,278620288.0,968817408.0,411607584.0,946822912.0,1021242624.0,435208896.0,416773504.0
54,0.0,150774768.0,170512928.0,119404632.0,535355584.0,421133984.0,356043840.0,258621056.0,0.0,0.0,169895760.0,115664184.0,340940704.0,76714008.0,235959808.0,30720114.0,0.0,8404354.0,125279568.0,98037832.0,123449752.0,134278576.0,70190712.0,60940356.0,0.0,9573218.0,44378096.0,113631944.0,447496448.0,43269216.0,223944896.0,230813024.0,0.0,48677072.0,33517160.0,69691040.0,194562000.0,2145040.5,131261672.0,128046352.0,1465999.25,15784743.0,39879516.0,40478968.0,86106696.0,28711846.0,98904648.0,38131416.0,0.0,18854654.0,65043160.0,0.0,149002848.0,43933572.0,104244208.0,108456024.0,0.0,9427691.0,32191094.0,871582.75,98711480.0,9592754.0,59657812.0,35469316.0,0.0,8970749.0,31133136.0,13023966.0,63086164.0,6920043.0,33915720.0,14970163.0
30,102625400.0,165731328.0,466697600.0,413941056.0,635781952.0,685203968.0,872968320.0,518500864.0,0.0,123622704.0,599018880.0,171722304.0,809118464.0,274749216.0,512886656.0,102631608.0,0.0,138746832.0,429874368.0,269383136.0,349133952.0,204888752.0,622639296.0,119707912.0,0.0,191862000.0,501121152.0,309118016.0,792046464.0,303373632.0,506348384.0,197771184.0,0.0,0.0,433398912.0,472371456.0,668063168.0,289555584.0,635520192.0,301701472.0,0.0,209966656.0,386315936.0,283164512.0,216855440.0,200737840.0,406051520.0,98730480.0,126603376.0,0.0,246038992.0,0.0,465454112.0,357642912.0,429432096.0,376019232.0,66799276.0,17880264.0,218410752.0,0.0,435091488.0,213958816.0,580632192.0,290539072.0,0.0,3861935.25,66608284.0,149498832.0,298827040.0,0.0,252997024.0,167454000.0
59,0.0,129630984.0,1194453248.0,713128768.0,904706816.0,1255137664.0,1080433408.0,194409104.0,0.0,104430456.0,1033073344.0,545300224.0,1251910784.0,550845952.0,967369728.0,201900128.0,0.0,156593120.0,893355456.0,522581344.0,612096384.0,812651456.0,653862720.0,203369296.0,0.0,76401664.0,734043072.0,0.0,1158523392.0,717056640.0,597077888.0,417741088.0,0.0,0.0,901285248.0,218489520.0,878086720.0,820688768.0,920422720.0,405637056.0,0.0,153156832.0,745151296.0,511114272.0,809387392.0,367911904.0,810393472.0,245101376.0,0.0,12407048.0,961597888.0,232204032.0,574652352.0,882255168.0,605804160.0,295888544.0,0.0,221051744.0,566384192.0,220974736.0,652827008.0,565331136.0,538784576.0,233192864.0,0.0,398733216.0,503773056.0,34314548.0,687453056.0,270146752.0,841228352.0,286917728.0
85,0.0,312376224.0,736158208.0,179345872.0,1088862080.0,680318272.0,817605312.0,352876480.0,0.0,224912080.0,520934720.0,337209696.0,662136960.0,743244160.0,650884736.0,56378800.0,0.0,0.0,486882528.0,203722400.0,336865984.0,549934784.0,399473824.0,0.0,103786736.0,75253704.0,833290752.0,408061632.0,1000784064.0,686771840.0,464126400.0,98413336.0,0.0,51018540.0,846374336.0,87669144.0,469208192.0,530511328.0,606892544.0,114199512.0,0.0,152915200.0,562500736.0,443058080.0,476081632.0,417233600.0,478700928.0,240603728.0,0.0,199952496.0,486598464.0,0.0,482607008.0,438410816.0,503584096.0,286597536.0,0.0,45609516.0,431261440.0,185304000.0,606444992.0,278252352.0,359457376.0,314663648.0,0.0,105917200.0,272029216.0,201648080.0,281822784.0,131899296.0,185904864.0,120168864.0
74,0.0,60495292.0,355427744.0,252206304.0,366824832.0,280970784.0,337841728.0,30088356.0,0.0,11346399.0,329698240.0,92709704.0,418200928.0,102956920.0,292751168.0,117198352.0,0.0,63408672.0,210492944.0,135264960.0,160651616.0,107356760.0,115988384.0,112743272.0,114993824.0,109392752.0,166418416.0,5128483.0,241205440.0,88795760.0,376350496.0,234782832.0,0.0,0.0,100182040.0,39667540.0,150274240.0,34318644.0,106533648.0,155295840.0,0.0,94099624.0,80182296.0,62533048.0,96175688.0,29935096.0,57092968.0,36924904.0,74037856.0,2725315.5,61775252.0,0.0,139090320.0,27585690.0,152511696.0,133253104.0,0.0,13047496.0,61747352.0,35577324.0,99971352.0,19873336.0,93456760.0,73623096.0,0.0,2847827.5,61683696.0,18131222.0,67330448.0,20107602.0,48511020.0,39465076.0
90,0.0,111892808.0,805483520.0,325859584.0,900683968.0,609192448.0,833445312.0,396301024.0,0.0,523780704.0,914981760.0,263792736.0,648780416.0,828056832.0,935413184.0,554818624.0,0.0,454436960.0,989756224.0,431339520.0,967251136.0,608112320.0,879200448.0,247387360.0,0.0,0.0,1057862272.0,161551232.0,1082267264.0,963312960.0,739196480.0,740720000.0,139493440.0,288129728.0,736988416.0,366700224.0,1197801344.0,645250176.0,890867008.0,375970560.0,0.0,0.0,699777280.0,548486528.0,705597312.0,810612160.0,742348992.0,327346912.0,0.0,0.0,541321728.0,474227520.0,906732928.0,672937792.0,949642368.0,297846464.0,0.0,152919840.0,488792096.0,317267744.0,787095680.0,904091008.0,651803840.0,129435584.0,0.0,241923056.0,830177024.0,158237184.0,631351424.0,861404672.0,787531584.0,181079296.0
18,0.0,69165888.0,563377664.0,247297728.0,704335936.0,528116800.0,543661376.0,232016688.0,0.0,0.0,379145408.0,294049056.0,634325824.0,753625408.0,638496448.0,34903976.0,0.0,123343136.0,402814784.0,232713424.0,254570240.0,273724672.0,203753136.0,111064328.0,0.0,71089760.0,339909216.0,182577584.0,471608672.0,453929216.0,501092128.0,295589376.0,0.0,0.0,307238656.0,255175568.0,593593600.0,196273168.0,376971680.0,155975280.0,0.0,80747568.0,213000832.0,139780912.0,239707216.0,77825120.0,218053200.0,0.0,61045204.0,43923680.0,75116272.0,0.0,247616416.0,189906416.0,159675392.0,192044992.0,48073580.0,137675472.0,220304512.0,145117424.0,323761056.0,68312248.0,179772816.0,261151216.0,0.0,0.0,61121440.0,139500416.0,150789280.0,34142124.0,172608512.0,69593616.0
52,44737160.0,26177982.0,896537856.0,504267680.0,1248411648.0,782910144.0,712186432.0,71153984.0,0.0,102479032.0,720772288.0,52149688.0,767483968.0,717411072.0,474747808.0,545031872.0,0.0,32568256.0,299931200.0,377154208.0,420080928.0,287464384.0,313396736.0,79465792.0,50558856.0,75830504.0,770121856.0,252719760.0,824785216.0,565199808.0,717525632.0,433012832.0,0.0,0.0,432968768.0,113572520.0,511643104.0,591768576.0,476497600.0,307899040.0,0.0,0.0,294792512.0,512324704.0,179241072.0,192362832.0,340912608.0,175686480.0,68015360.0,166962576.0,379160928.0,1552746.0,406911584.0,135330064.0,355937184.0,305210496.0,96146408.0,168954800.0,293097568.0,198846368.0,422190592.0,84403736.0,269378656.0,223769504.0,0.0,23196980.0,39036180.0,114538800.0,296221952.0,131498360.0,294797024.0,95550720.0
44,0.0,53107528.0,729939968.0,494259200.0,990937920.0,1394218880.0,540790976.0,0.0,0.0,0.0,702670784.0,269321696.0,1252169472.0,782842880.0,675490048.0,93938624.0,0.0,45966552.0,742555072.0,401776128.0,852304256.0,744035904.0,541432832.0,0.0,35044820.0,196098544.0,1149070464.0,67890360.0,667672256.0,954267776.0,1088719104.0,790022016.0,0.0,177498832.0,740009728.0,158685584.0,1016448512.0,1219309696.0,1211562240.0,86645688.0,0.0,304961984.0,1169569024.0,216487152.0,1084337920.0,1030856960.0,692076416.0,168162928.0,143272080.0,18412112.0,815356608.0,279575808.0,992722176.0,949066688.0,1269113216.0,106165112.0,0.0,0.0,529594656.0,352369120.0,922685376.0,1066503232.0,845344128.0,854581504.0,0.0,119715520.0,819637120.0,454685664.0,822748352.0,997684800.0,792172544.0,452823040.0
17,0.0,352582688.0,577419328.0,199817072.0,739245568.0,624337152.0,445771520.0,101062504.0,0.0,164914928.0,401580992.0,259771664.0,428551424.0,387314976.0,390252800.0,180870256.0,0.0,0.0,281873344.0,210276096.0,323094464.0,288250752.0,403205088.0,144909168.0,0.0,57029144.0,565834560.0,200016960.0,459569312.0,324014208.0,633983424.0,189932544.0,0.0,9103569.0,223138640.0,171717392.0,307217664.0,432349632.0,398652576.0,293778752.0,0.0,64274384.0,76242616.0,251391040.0,239311664.0,68773376.0,320783136.0,104782648.0,166808000.0,222210800.0,82460128.0,0.0,278549536.0,185098880.0,306897088.0,316307328.0,0.0,85932312.0,115334312.0,17613770.0,290857184.0,63578460.0,225953504.0,242146176.0,0.0,37413988.0,33381512.0,129721624.0,225778096.0,0.0,123760472.0,68274472.0
36,0.0,19665788.0,929580992.0,171740576.0,731967168.0,851194432.0,938668544.0,478441024.0,0.0,85934168.0,1010877824.0,550815040.0,938805568.0,1161600896.0,774964288.0,410093824.0,0.0,179025792.0,812439872.0,415485632.0,528307360.0,393026848.0,472941344.0,47734848.0,0.0,450574720.0,596872896.0,320242656.0,768716544.0,459795424.0,678189312.0,285482528.0,0.0,111501400.0,693690496.0,167999504.0,262215264.0,596932032.0,473672768.0,249042304.0,0.0,0.0,477476320.0,318704640.0,508859776.0,495406400.0,483446176.0,365022432.0,0.0,38947664.0,344223488.0,0.0,389340320.0,508634336.0,383071360.0,260790832.0,0.0,66344676.0,521347680.0,81870208.0,553154816.0,441010848.0,383220256.0,341689120.0,0.0,43526936.0,348320384.0,117561816.0,408634432.0,94932112.0,291001216.0,140647504.0
49,0.0,54698536.0,221297408.0,213309264.0,683222976.0,490685696.0,440355104.0,134263136.0,0.0,52300616.0,269037568.0,262539936.0,287039680.0,166900352.0,278232960.0,85328264.0,0.0,90011216.0,44092288.0,89289536.0,125235656.0,72500464.0,43593156.0,61084892.0,157002784.0,62049652.0,213439664.0,63467532.0,194304848.0,161213840.0,180836288.0,218997648.0,0.0,0.0,56241212.0,114284680.0,172830016.0,0.0,197002448.0,96109872.0,0.0,0.0,28313650.0,41216704.0,85035864.0,7873585.0,29652536.0,18575878.0,42745828.0,5815796.0,71917112.0,12599840.0,80529368.0,17441504.0,78944112.0,88374792.0,0.0,15237713.0,32699280.0,41593076.0,77940584.0,97837.4375,32035168.0,34273588.0,0.0,15437834.0,26651662.0,6996528.5,50226624.0,12384489.0,29863062.0,27270246.0
86,0.0,54258684.0,66625244.0,116891288.0,348855648.0,0.0,227897376.0,112958104.0,0.0,17137018.0,129134336.0,44750484.0,157864016.0,58352312.0,112452424.0,77441832.0,0.0,0.0,0.0,0.0,0.0,0.0,0.0,0.0,0.0,27341040.0,23958980.0,39308196.0,152215504.0,9698544.0,139488352.0,63421600.0,0.0,0.0,82471608.0,11244784.0,56953084.0,20998864.0,50115024.0,28016106.0,0.0,0.0,0.0,0.0,0.0,0.0,0.0,0.0,0.0,0.0,0.0,0.0,0.0,0.0,0.0,0.0,0.0,0.0,0.0,0.0,0.0,0.0,0.0,0.0,0.0,0.0,0.0,0.0,0.0,0.0,0.0,0.0
37,0.0,33131692.0,69341232.0,164662672.0,230855696.0,49063948.0,216543920.0,28639212.0,0.0,26671384.0,72721664.0,107105048.0,91359928.0,42897548.0,67232408.0,68561288.0,0.0,0.0,0.0,0.0,0.0,0.0,0.0,0.0,0.0,8918139.0,72445240.0,34072780.0,174575376.0,35861256.0,172466208.0,64564680.0,0.0,19540996.0,29175432.0,13057067.0,79159880.0,48651352.0,66742468.0,42633432.0,0.0,0.0,0.0,0.0,0.0,0.0,0.0,0.0,0.0,0.0,0.0,0.0,0.0,0.0,0.0,0.0,0.0,0.0,0.0,0.0,0.0,0.0,0.0,0.0,0.0,0.0,0.0,0.0,0.0,0.0,0.0,0.0
56,28790720.0,30513086.0,108947240.0,44714168.0,324445792.0,140581456.0,261046800.0,208930560.0,0.0,0.0,70302608.0,139296688.0,172706976.0,57549788.0,157177728.0,47491104.0,0.0,0.0,15985163.0,20122526.0,11390833.0,11454680.0,7975938.0,57113320.0,0.0,0.0,117082504.0,95844192.0,173323168.0,32034214.0,133548224.0,263343840.0,0.0,0.0,46170180.0,29132316.0,213900896.0,0.0,43261436.0,51765060.0,0.0,0.0,20968724.0,5039555.0,46797776.0,7834621.0,11785896.0,22085304.0,26975750.0,42117224.0,3426948.75,0.0,76408280.0,0.0,40705520.0,22797056.0,0.0,31053780.0,8558468.0,0.0,56156192.0,0.0,40162956.0,7124827.5,0.0,2619865.0,6156097.0,0.0,8307382.0,1569332.125,9467018.0,4368437.0
63,0.0,23877790.0,21985376.0,14583027.0,45746924.0,8149150.5,16844080.0,19036006.0,0.0,0.0,0.0,0.0,0.0,0.0,0.0,0.0,0.0,0.0,0.0,0.0,0.0,0.0,0.0,0.0,0.0,0.0,0.0,0.0,0.0,0.0,0.0,0.0,0.0,0.0,0.0,0.0,0.0,0.0,0.0,0.0,0.0,0.0,0.0,0.0,0.0,0.0,0.0,0.0,0.0,0.0,0.0,0.0,0.0,0.0,0.0,0.0,0.0,0.0,0.0,0.0,0.0,0.0,0.0,0.0,0.0,0.0,0.0,0.0,0.0,0.0,0.0,0.0
35,0.0,338544544.0,718868224.0,675973824.0,1171668352.0,1124276352.0,1274082176.0,0.0,0.0,164207472.0,758914304.0,157954336.0,1522009216.0,685639936.0,656187712.0,123944504.0,0.0,287559392.0,681100096.0,457065312.0,583149568.0,1036633536.0,830025600.0,20292776.0,0.0,136007440.0,1219350400.0,196432896.0,796475712.0,891588480.0,751271040.0,545877760.0,0.0,210819856.0,1233257472.0,376224832.0,839647296.0,963250496.0,1120446336.0,418363328.0,0.0,0.0,463155648.0,126826128.0,787416384.0,387430656.0,1003574656.0,216008784.0,0.0,0.0,801428992.0,510201600.0,628138752.0,1007292032.0,749770112.0,566252800.0,0.0,224453728.0,567518656.0,0.0,565704448.0,921406016.0,739601728.0,521848512.0,0.0,126042648.0,507227104.0,239723376.0,555497856.0,424401504.0,661077184.0,0.0
97,0.0,0.0,0.0,0.0,16200224.0,2032746.75,2681899.75,13344871.0,0.0,0.0,0.0,0.0,0.0,0.0,0.0,0.0,0.0,0.0,0.0,0.0,0.0,0.0,0.0,0.0,0.0,0.0,0.0,0.0,0.0,0.0,0.0,0.0,0.0,0.0,0.0,0.0,0.0,0.0,0.0,0.0,0.0,0.0,0.0,0.0,0.0,0.0,0.0,0.0,0.0,0.0,0.0,0.0,0.0,0.0,0.0,0.0,0.0,0.0,0.0,0.0,0.0,0.0,0.0,0.0,0.0,0.0,0.0,0.0,0.0,0.0,0.0,0.0
75,18165456.0,72890800.0,882533632.0,316416992.0,814428352.0,526207104.0,708540608.0,351773120.0,0.0,48956072.0,515315648.0,155222560.0,521383104.0,346430688.0,467846016.0,248844064.0,0.0,107661048.0,235191760.0,223871792.0,265594896.0,155573488.0,226490176.0,24159826.0,0.0,0.0,402976096.0,31115854.0,402574912.0,247539312.0,384321984.0,224873776.0,0.0,56937472.0,179030528.0,91692192.0,480327904.0,167026336.0,367381600.0,230537632.0,0.0,0.0,148695088.0,314992608.0,222133680.0,101600272.0,167767904.0,125537136.0,70851136.0,35288780.0,72812568.0,108727912.0,423241568.0,88572304.0,229094288.0,261999072.0,0.0,0.0,70733944.0,0.0,250079824.0,63765528.0,149626064.0,92364024.0,0.0,50266928.0,48753696.0,110004504.0,148053392.0,12307260.0,77932360.0,68508144.0
57,0.0,0.0,11768698.0,208834480.0,172889360.0,33502982.0,84878896.0,109531080.0,0.0,0.0,25187914.0,42886584.0,67676368.0,15661340.0,42460820.0,30729084.0,0.0,0.0,0.0,0.0,0.0,0.0,0.0,0.0,0.0,20758030.0,8921197.0,29622628.0,75951752.0,0.0,45174308.0,26573868.0,0.0,4136209.5,32244724.0,10158879.0,37215032.0,18592172.0,18210018.0,15791587.0,0.0,0.0,0.0,0.0,0.0,0.0,0.0,0.0,0.0,0.0,0.0,0.0,0.0,0.0,0.0,0.0,0.0,0.0,0.0,0.0,0.0,0.0,0.0,0.0,0.0,0.0,0.0,0.0,0.0,0.0,0.0,0.0
88,0.0,104244152.0,531324768.0,14390997.0,841284096.0,706405376.0,640534464.0,343897536.0,0.0,44366184.0,343424832.0,392896992.0,632604288.0,297578752.0,578313024.0,52696324.0,0.0,15172506.0,216123184.0,338362016.0,574154432.0,154705760.0,271664448.0,140165136.0,91540120.0,568842304.0,553066240.0,6122725.0,484807392.0,259642208.0,511673664.0,456402336.0,0.0,73591464.0,173339552.0,204566736.0,424389984.0,193278048.0,407155520.0,137636560.0,0.0,17330422.0,169441904.0,128585320.0,251185424.0,249329648.0,313762688.0,256000256.0,189112176.0,0.0,147879520.0,45984856.0,296619648.0,81365232.0,135994880.0,256302272.0,192642496.0,755970.75,99616096.0,57769076.0,243861296.0,318714272.0,284817440.0,198335536.0,0.0,35636272.0,104639160.0,192147008.0,342412320.0,3401838.0,248629472.0,66517052.0
10,0.0,190667088.0,657158144.0,126413600.0,600653056.0,448865984.0,462453600.0,196767920.0,0.0,116927296.0,204099952.0,85116280.0,386012864.0,241890096.0,391223904.0,101346416.0,0.0,74921768.0,198238672.0,203369424.0,123211000.0,84867600.0,157991312.0,48109776.0,0.0,128089376.0,466899936.0,309542176.0,444697088.0,195191248.0,488235392.0,172524512.0,0.0,32221184.0,203101440.0,111521264.0,321037632.0,188465792.0,193124576.0,284360384.0,0.0,0.0,80020848.0,98265288.0,179869312.0,46110172.0,132281192.0,109977240.0,27095102.0,61948896.0,3694134.5,45264300.0,255578592.0,69926992.0,217159360.0,165704240.0,0.0,44671232.0,113930640.0,106090160.0,156960784.0,91435920.0,102122872.0,176689824.0,0.0,46292528.0,37796416.0,76709880.0,204107472.0,2559832.5,54400260.0,41744756.0
53,0.0,95564400.0,794122048.0,441776704.0,1110274432.0,559353216.0,898295040.0,333505920.0,0.0,0.0,907990464.0,0.0,1060724096.0,1017461888.0,879490816.0,429244160.0,0.0,0.0,1178485760.0,111159736.0,726717696.0,1237292672.0,523771072.0,405772192.0,0.0,179030304.0,949629696.0,384958240.0,1472610816.0,847353984.0,785481536.0,418670176.0,0.0,129077976.0,684880000.0,462080064.0,1105109632.0,930947136.0,1194532352.0,593593408.0,0.0,0.0,976888192.0,815184128.0,823056576.0,1345041792.0,730396544.0,83879728.0,0.0,42490832.0,542005952.0,0.0,1024028608.0,1098606720.0,1017666816.0,267122928.0,0.0,0.0,1188954880.0,172944896.0,1044566016.0,585695424.0,1014481664.0,194618144.0,0.0,0.0,894557952.0,174956464.0,902400576.0,1249154688.0,763358336.0,187413904.0
8,0.0,163324752.0,615403776.0,97447688.0,991616064.0,1278181120.0,752711104.0,446320096.0,0.0,106670304.0,743427328.0,672438144.0,688279744.0,1003676160.0,724121920.0,279587648.0,0.0,211059184.0,556943360.0,813483072.0,1008150592.0,854778368.0,864862464.0,306211360.0,0.0,285327104.0,1200577664.0,426246368.0,872296640.0,803867776.0,697796800.0,369633568.0,0.0,74979208.0,827832256.0,534765024.0,775496000.0,346198720.0,809684480.0,501314688.0,0.0,449392864.0,960187008.0,143092592.0,935139712.0,775550592.0,1157044992.0,205435680.0,29352420.0,205564224.0,632418688.0,576697408.0,957691008.0,1003097216.0,774620864.0,638343424.0,26782092.0,397206912.0,825010432.0,11837342.0,1014788352.0,718474304.0,711854656.0,411948832.0,0.0,370087360.0,681065664.0,243664528.0,1027292032.0,784500928.0,1117256064.0,55000328.0
39,0.0,0.0,466819392.0,375268576.0,505434976.0,563478784.0,505326688.0,8871706.0,0.0,0.0,276341152.0,254767872.0,281884960.0,168713264.0,384903328.0,34951448.0,0.0,38648740.0,165636784.0,108223736.0,126760408.0,117806024.0,59064176.0,62681292.0,174084688.0,20258290.0,96905144.0,68750304.0,574533376.0,202890512.0,266594800.0,203506800.0,0.0,99426760.0,161945520.0,185530768.0,312868864.0,26369658.0,441816640.0,100414288.0,0.0,13260311.0,108672936.0,65930880.0,150629216.0,48608388.0,103191824.0,62834564.0,67843120.0,66170676.0,92917152.0,0.0,152392800.0,40777648.0,170222464.0,134268800.0,0.0,13490669.0,51716528.0,8414100.0,111474312.0,14366738.0,132926856.0,65581516.0,0.0,45731012.0,52167668.0,21795416.0,83655760.0,12320050.0,108305696.0,46576492.0
47,0.0,89748664.0,549823168.0,466460128.0,990001600.0,909857920.0,848701952.0,39312144.0,0.0,388695584.0,920164672.0,226760992.0,896060352.0,1002559744.0,1003656320.0,226108656.0,0.0,236561696.0,743106496.0,520640256.0,710136448.0,811316736.0,603912384.0,281636704.0,0.0,207536496.0,788297536.0,198073168.0,1035563136.0,920195904.0,1060544832.0,890075456.0,0.0,36978484.0,735048640.0,119805088.0,1218264576.0,1023617280.0,658045504.0,420591168.0,0.0,332593984.0,472410784.0,313476576.0,1086149504.0,382391200.0,690823424.0,406330080.0,179381824.0,215561648.0,502983808.0,180830944.0,755027392.0,579885696.0,987508928.0,37721224.0,0.0,174920128.0,911676800.0,132456120.0,742316160.0,824893824.0,749591552.0,147806816.0,0.0,331576896.0,794347008.0,372263040.0,786372864.0,467436480.0,416407712.0,309409120.0
60,0.0,34162488.0,105912320.0,145266928.0,341734912.0,57385964.0,221880304.0,95583968.0,0.0,217671.25,11497522.0,52725204.0,72630584.0,39555644.0,39419868.0,72683064.0,0.0,0.0,0.0,0.0,0.0,0.0,0.0,0.0,0.0,17156192.0,65665556.0,34159292.0,141795696.0,16751721.0,136109408.0,67255848.0,0.0,18205692.0,21445584.0,17223198.0,95333576.0,9385821.0,31051662.0,15025758.0,0.0,0.0,0.0,0.0,0.0,0.0,0.0,0.0,0.0,0.0,0.0,0.0,0.0,0.0,0.0,0.0,0.0,0.0,0.0,0.0,0.0,0.0,0.0,0.0,0.0,0.0,0.0,0.0,0.0,0.0,0.0,0.0
89,0.0,0.0,5243207.0,0.0,14532433.0,7094444.5,13581813.0,13086642.0,0.0,0.0,0.0,0.0,0.0,0.0,0.0,0.0,0.0,0.0,0.0,0.0,0.0,0.0,0.0,0.0,0.0,0.0,0.0,0.0,0.0,0.0,0.0,0.0,0.0,0.0,0.0,0.0,0.0,0.0,0.0,0.0,0.0,0.0,0.0,0.0,0.0,0.0,0.0,0.0,0.0,0.0,0.0,0.0,0.0,0.0,0.0,0.0,0.0,0.0,0.0,0.0,0.0,0.0,0.0,0.0,0.0,0.0,0.0,0.0,0.0,0.0,0.0,0.0
51,114345008.0,412583584.0,979727488.0,163613488.0,1206497024.0,612574080.0,894703680.0,435210080.0,0.0,274858720.0,633838464.0,256787712.0,874498880.0,1437968896.0,527056960.0,265633696.0,0.0,74716392.0,548425920.0,220948640.0,653276544.0,844799232.0,466765600.0,87553088.0,119592992.0,165885840.0,801781376.0,360260832.0,1312086912.0,874379840.0,1442731008.0,598045056.0,0.0,232113264.0,799628416.0,540499264.0,1225663872.0,1009032768.0,1019359040.0,579411584.0,0.0,359285632.0,605584512.0,372282048.0,651155008.0,706855936.0,935714432.0,0.0,0.0,521269184.0,781420480.0,311512608.0,633960512.0,697272064.0,980659136.0,324098688.0,0.0,172359328.0,632866432.0,215343904.0,1012272320.0,753863744.0,1629003392.0,121470208.0,0.0,78689128.0,401900160.0,244380400.0,663492480.0,665445568.0,962776000.0,98858064.0
14,0.0,82809912.0,575620672.0,718283840.0,1131046272.0,558453824.0,953030272.0,189367296.0,0.0,0.0,696220928.0,257354064.0,872169920.0,670802880.0,708020288.0,125614280.0,0.0,4082781.0,554700800.0,307277568.0,560405568.0,494402432.0,642467456.0,73737360.0,65945144.0,15344249.0,553787648.0,145475120.0,898463744.0,517226720.0,479294272.0,248855936.0,0.0,148321616.0,286341088.0,199157216.0,459741408.0,567374720.0,572490880.0,235200720.0,0.0,148009648.0,327189568.0,286213024.0,315489952.0,630349248.0,411148000.0,24689476.0,126763504.0,0.0,213092160.0,105113480.0,353931744.0,296424128.0,661780352.0,249638864.0,34594456.0,162313984.0,371775456.0,76241960.0,599578432.0,82208664.0,458937824.0,242166656.0,0.0,0.0,177544304.0,235954560.0,418123104.0,28206846.0,300549632.0,116493296.0
28,0.0,275670112.0,1154012672.0,459777216.0,904324416.0,371256960.0,862776576.0,0.0,0.0,11405920.0,732615616.0,212120688.0,701993728.0,970144128.0,901406592.0,390121728.0,0.0,0.0,707946560.0,374519104.0,614605888.0,750596928.0,459589376.0,343808384.0,0.0,79926192.0,273774080.0,131618544.0,867737984.0,707764800.0,815230336.0,257275552.0,0.0,63665060.0,556868288.0,104770248.0,864470656.0,687745600.0,559481728.0,156066272.0,0.0,223275232.0,357949888.0,147603760.0,630438272.0,404200416.0,470251456.0,185638528.0,9162309.0,101279688.0,310964768.0,53595596.0,745743872.0,748152448.0,915634240.0,299363712.0,0.0,54666852.0,314322112.0,264216176.0,596476608.0,726337024.0,600978752.0,403626496.0,0.0,0.0,345926272.0,304494688.0,398933824.0,391683200.0,330520704.0,49975632.0
16,0.0,6953544.0,26197126.0,41777832.0,80087304.0,26252518.0,38465204.0,48119104.0,0.0,0.0,0.0,0.0,0.0,0.0,0.0,0.0,0.0,0.0,0.0,0.0,0.0,0.0,0.0,0.0,0.0,0.0,0.0,0.0,0.0,0.0,0.0,0.0,0.0,0.0,0.0,0.0,0.0,0.0,0.0,0.0,0.0,0.0,0.0,0.0,0.0,0.0,0.0,0.0,0.0,0.0,0.0,0.0,0.0,0.0,0.0,0.0,0.0,0.0,0.0,0.0,0.0,0.0,0.0,0.0,0.0,0.0,0.0,0.0,0.0,0.0,0.0,0.0
34,0.0,200952480.0,537837056.0,250595504.0,891943744.0,280363424.0,623318272.0,235760864.0,0.0,0.0,375082880.0,325649536.0,409755584.0,391214816.0,472502336.0,166214304.0,0.0,0.0,227861152.0,170123408.0,190950816.0,191453296.0,157367744.0,37947488.0,111330040.0,0.0,237309168.0,328777472.0,451667136.0,413069568.0,434100512.0,345997344.0,0.0,43729512.0,202850560.0,197481488.0,261555936.0,220309504.0,317114304.0,224698560.0,0.0,20194708.0,108078360.0,213000480.0,171104592.0,50016200.0,142445520.0,52355044.0,13591819.0,98303816.0,152537280.0,13128918.0,362758816.0,80041376.0,299607360.0,174402496.0,0.0,84282160.0,64306280.0,30664940.0,214249776.0,12864581.0,131253200.0,154353824.0,0.0,2079619.5,74580192.0,38431884.0,173888272.0,31077796.0,58625508.0,49183220.0
82,0.0,110526376.0,286434816.0,330972800.0,407851520.0,219809184.0,401492384.0,83357392.0,0.0,241655424.0,418680672.0,130794568.0,257037488.0,255817808.0,274156096.0,146971920.0,0.0,19098342.0,173164224.0,98143824.0,62285800.0,131143864.0,36243824.0,114994248.0,0.0,40649188.0,103559048.0,97838296.0,316168832.0,153513600.0,283984288.0,176450080.0,0.0,0.0,47248640.0,99123848.0,197582704.0,40998120.0,186384736.0,138291328.0,0.0,388240.625,43801404.0,48801628.0,93344968.0,33822924.0,34723556.0,44401568.0,52726636.0,11955465.0,28928266.0,0.0,150102736.0,40408004.0,128645280.0,129708328.0,0.0,44499652.0,30871316.0,47070332.0,110639904.0,0.0,40462872.0,55141948.0,0.0,20105244.0,30505884.0,14910188.0,62923176.0,18813972.0,28030222.0,20094422.0
46,0.0,0.0,0.0,9086172.0,12596730.0,8433426.0,0.0,8186984.0,0.0,0.0,0.0,0.0,0.0,0.0,0.0,0.0,0.0,0.0,0.0,0.0,0.0,0.0,0.0,0.0,0.0,0.0,0.0,0.0,0.0,0.0,0.0,0.0,0.0,0.0,0.0,0.0,0.0,0.0,0.0,0.0,0.0,0.0,0.0,0.0,0.0,0.0,0.0,0.0,0.0,0.0,0.0,0.0,0.0,0.0,0.0,0.0,0.0,0.0,0.0,0.0,0.0,0.0,0.0,0.0,0.0,0.0,0.0,0.0,0.0,0.0,0.0,0.0
27,0.0,214805616.0,966297216.0,590716736.0,765949312.0,855245184.0,770340032.0,196141824.0,0.0,220753056.0,894001152.0,201214080.0,1227821440.0,813674048.0,905467968.0,450019136.0,0.0,0.0,562310272.0,400663392.0,864944576.0,976976960.0,560054848.0,109516408.0,0.0,36072848.0,1056197760.0,145858128.0,983113344.0,835527168.0,760848896.0,119529744.0,0.0,0.0,1197402496.0,558809408.0,1080763776.0,1151039232.0,862567232.0,246436608.0,0.0,254655504.0,771461248.0,386564192.0,958002688.0,570795968.0,920578816.0,542952000.0,0.0,67250280.0,1191179648.0,548606464.0,679153024.0,1030794752.0,474413440.0,481537184.0,0.0,286305728.0,983881728.0,147600304.0,1259933056.0,969728384.0,1155485312.0,629923008.0,46787600.0,323419680.0,972589888.0,276605536.0,935011584.0,783029952.0,1010271360.0,280401344.0
20,0.0,161415296.0,1204396928.0,390421856.0,1046921664.0,904164160.0,1046782144.0,216879936.0,0.0,215005184.0,957590016.0,247866560.0,1162921600.0,799985216.0,1420391040.0,395554496.0,0.0,0.0,999678400.0,93255224.0,852069952.0,909290816.0,894966528.0,329042016.0,0.0,0.0,701891520.0,240399776.0,976445696.0,936329024.0,1187318016.0,625927040.0,0.0,69435696.0,621899200.0,0.0,1220197376.0,812039552.0,849884480.0,504651264.0,78404800.0,43442304.0,1009076480.0,366868448.0,1079361920.0,799364928.0,954531904.0,519949472.0,0.0,0.0,630103744.0,313080704.0,734798784.0,963185024.0,1309094784.0,283656320.0,0.0,93614152.0,491472192.0,352646272.0,1058227648.0,931363520.0,611867200.0,480517248.0,0.0,0.0,860422976.0,216573744.0,894317632.0,1140382592.0,485962592.0,90082432.0
9,0.0,298141696.0,531249376.0,364088896.0,788081792.0,742235264.0,715846976.0,369446528.0,0.0,0.0,716574144.0,256697632.0,681350144.0,720628672.0,690546048.0,242621584.0,0.0,3818521.25,373460768.0,570087744.0,282281696.0,346809952.0,546173440.0,234484480.0,0.0,0.0,280568160.0,154347152.0,641029952.0,933942272.0,700685504.0,297589824.0,0.0,207382800.0,370489184.0,440043232.0,425866496.0,311639680.0,361539584.0,114826104.0,0.0,185639472.0,409609440.0,188732272.0,398509120.0,158097392.0,281858176.0,5357326.0,23511032.0,105659320.0,327519232.0,108198416.0,580994880.0,218580240.0,256491840.0,285668992.0,71962384.0,7862167.0,133574536.0,41508932.0,376000352.0,108239552.0,407674176.0,166751392.0,63389636.0,180538528.0,234866688.0,159944496.0,173114064.0,125851904.0,275492064.0,201337984.0
92,0.0,0.0,59004944.0,114339064.0,254798512.0,1813329.75,63923440.0,51055184.0,0.0,0.0,35153096.0,31710626.0,67209024.0,32052388.0,499664.3125,37261784.0,0.0,0.0,0.0,0.0,0.0,0.0,0.0,0.0,0.0,24156508.0,0.0,0.0,92313304.0,0.0,25789440.0,0.0,0.0,6920359.5,6517748.5,0.0,20427982.0,8707481.0,22420526.0,16036933.0,0.0,0.0,0.0,0.0,0.0,0.0,0.0,0.0,0.0,0.0,0.0,0.0,0.0,0.0,0.0,0.0,0.0,0.0,0.0,0.0,0.0,0.0,0.0,0.0,0.0,0.0,0.0,0.0,0.0,0.0,0.0,0.0
3,0.0,0.0,1071683904.0,41031508.0,898785472.0,883035584.0,854623232.0,348034048.0,0.0,220142272.0,901823552.0,311351872.0,988523008.0,1027280320.0,1118894720.0,231306832.0,0.0,41360268.0,562701952.0,750068800.0,1049950208.0,646585216.0,1405171584.0,96714960.0,0.0,305236000.0,664798784.0,380819936.0,872082688.0,919289856.0,575567936.0,355023936.0,0.0,100515512.0,745198336.0,512147584.0,785546688.0,1057735872.0,852767104.0,668527424.0,71492248.0,151547408.0,227796656.0,547866688.0,1265160960.0,887150848.0,1079783808.0,0.0,37059696.0,351978272.0,604892160.0,469620704.0,931977536.0,739160448.0,802763456.0,467946560.0,151064112.0,16752008.0,948782400.0,88598496.0,569512960.0,610396928.0,825784384.0,283318496.0,0.0,22183676.0,488880192.0,42881260.0,1104024192.0,586294400.0,916785664.0,550460544.0
98,0.0,104936744.0,254717168.0,186786416.0,285595936.0,198599712.0,374103872.0,62718964.0,0.0,19999170.0,97220848.0,146062912.0,206162720.0,48904700.0,91782464.0,66474056.0,0.0,0.0,30058824.0,29746836.0,26542260.0,13743240.0,17785608.0,8518936.0,0.0,0.0,102662256.0,65285392.0,237369616.0,107970728.0,170015824.0,112308056.0,0.0,0.0,50296692.0,44063004.0,100794936.0,81276872.0,43771116.0,45622652.0,0.0,10127926.0,11882153.0,9886440.0,10300220.0,9395928.0,12756029.0,10552208.0,0.0,6097837.5,0.0,32625680.0,67801096.0,12711591.0,23631522.0,49973864.0,0.0,0.0,18550188.0,0.0,25260530.0,4192040.5,11056184.0,6958130.5,0.0,0.0,0.0,4927041.5,2147539.25,2847999.25,0.0,2924904.5
29,0.0,14803763.0,603340672.0,234504224.0,1165719552.0,745068224.0,526392704.0,507611456.0,0.0,61418700.0,465924480.0,368578112.0,763497280.0,562423680.0,788036928.0,0.0,0.0,1595577.625,626493888.0,42189904.0,310057664.0,430699072.0,685440896.0,0.0,0.0,410250656.0,469059168.0,110285784.0,452676064.0,592028352.0,570893824.0,608055936.0,0.0,0.0,426930752.0,242507472.0,497958176.0,379850400.0,621448896.0,157996960.0,0.0,0.0,199380752.0,273173632.0,382153024.0,311854944.0,527437248.0,86910872.0,541475.5,0.0,240663232.0,192556192.0,493336160.0,376716320.0,523422528.0,340156160.0,21739314.0,30452958.0,340603648.0,185720256.0,598353472.0,243077360.0,485229216.0,196841360.0,0.0,19285350.0,139260352.0,290829504.0,346474464.0,0.0,278392928.0,218403328.0
80,0.0,0.0,167537584.0,162578800.0,286854624.0,82829080.0,291763936.0,158325232.0,0.0,32809916.0,187128960.0,141708240.0,186457952.0,65839092.0,175040272.0,126130776.0,0.0,8328443.0,51147584.0,39724044.0,36025876.0,23172886.0,32302652.0,45765924.0,0.0,0.0,51828288.0,44116436.0,144699024.0,18401298.0,108895016.0,107672032.0,0.0,59234628.0,90172368.0,48516748.0,101278040.0,29770846.0,70079152.0,45366188.0,0.0,5437297.0,6054808.0,37956780.0,16753606.0,13227216.0,0.0,34675676.0,0.0,0.0,0.0,0.0,54915900.0,2031617.125,17477702.0,25205526.0,0.0,232585.0,37303300.0,11723764.0,32635606.0,16900602.0,16156150.0,26142088.0,0.0,0.0,0.0,6620847.0,2885814.25,3827076.0,0.0,3930419.25
73,0.0,0.0,6071992.5,3908171.5,23839688.0,15699872.0,8983110.0,12088103.0,0.0,0.0,0.0,0.0,0.0,0.0,0.0,0.0,0.0,0.0,0.0,0.0,0.0,0.0,0.0,0.0,0.0,0.0,0.0,0.0,0.0,0.0,0.0,0.0,0.0,0.0,0.0,0.0,0.0,0.0,0.0,0.0,0.0,0.0,0.0,0.0,0.0,0.0,0.0,0.0,0.0,0.0,0.0,0.0,0.0,0.0,0.0,0.0,0.0,0.0,0.0,0.0,0.0,0.0,0.0,0.0,0.0,0.0,0.0,0.0,0.0,0.0,0.0,0.0
