11,-8.921466035025001e+18,-6.884643904831334e+18,3.695890176312653e+17,3.231340804298888e+18,8.646141370399489e+18,8.31534450366158e+18,-8.644113342339768e+18,-9.044578493028124e+18,-1.1011934218132314e+18,-6.753802315903494e+18,-6.940129782528344e+18,-6.698808231704499e+18,-5.319445889460939e+18,8.478413291783633e+18,-3.6973041079985597e+18,2.5368416039964805e+18,9.023101993856886e+18,-8.62337158054937e+18,5.091152748599477e+17,6.896467104993465e+18,0.0,0.0,0.0,0.0,0.0,0.0,0.0,0.0,0.0,0.0,0.0,0.0
19,6.50918653999056e+18,-6.576290107417227e+18,4.317417328862734e+18,6.152348973811161e+18,5.182349128426414e+18,-5.792854903091741e+18,6.549646168487427e+18,-4.942724969486265e+18,5.663047097930191e+18,3.662965152085702e+18,7.439904858644863e+18,-1.7902564421861094e+18,1.1656816443109824e+18,-2.319522903556338e+18,7.948487662390681e+18,-6.628469044030796e+17,-3.4986642410403953e+18,-3.5003916864393093e+18,-6.924925306539931e+18,5.434360725384332e+18,8.649965214577035e+18,1.6419958660578314e+17,8.775832576945825e+17,4.062269315103463e+18,8.426580762188633e+18,2.138897073644925e+18,0.0,0.0,0.0,0.0,0.0,0.0
12,5.181839141875056e+18,-1.6601209650539704e+18,-1.2005177019539405e+18,7.873543903636513e+18,6.85520773321875e+18,-1.2158911524016755e+18,6.453918498056688e+18,3.136457125110822e+18,2.285979086824108e+18,1.0188713652101888e+18,0.0,0.0,0.0,0.0,0.0,0.0,0.0,0.0,0.0,0.0,0.0,0.0,0.0,0.0,0.0,0.0,0.0,0.0,0.0,0.0,0.0,0.0
38,3.826304093199663e+18,7.515928431805718e+18,-4.209821641231898e+18,-5.499074217280582e+18,5.83557530461158e+18,-8.537967857088312e+17,-8.294229273927887e+18,4.1260323634849004e+18,6.868022249477789e+18,-3.492764276389435e+18,-3.9341556855075384e+18,1.3732534719422702e+18,-8.717512869413858e+18,9.049868805050839e+17,-1.6271505070639382e+17,8.260853080974698e+18,2.2706291544910316e+18,-3.1751930971561713e+18,-6.65135824915448e+18,-4.217031169150949e+18,8.224778912293266e+18,0.0,0.0,0.0,0.0,0.0,0.0,0.0,0.0,0.0,0.0,0.0
81,5.16095910108848e+18,-8.472673897228111e+18,7.841978021378605e+18,-6.113785958685323e+18,-2.6806189011442796e+18,-4.588408096778482e+18,-2.89987509987038e+18,6.260378455337831e+18,-7.291814870674001e+18,8.438484494954696e+18,-1.8855181520418135e+18,-1.1371020339050648e+18,8.03396620840321e+18,-6.83283349967755e+18,-4.2348757284401956e+18,-6.178154878678832e+18,-4.5622350502778793e+18,-8.650297622867487e+18,-8.519160164803798e+18,0.0,0.0,0.0,0.0,0.0,0.0,0.0,0.0,0.0,0.0,0.0,0.0,0.0
5,-6.066510145655879e+18,6.062190071612878e+18,8.93432910115666e+17,1.324750297168782e+18,9.042492649479695e+18,4.3389581046407526e+18,-6.617373805020612e+18,-1.8172133726303972e+18,0.0,0.0,0.0,0.0,0.0,0.0,0.0,0.0,0.0,0.0,0.0,0.0,0.0,0.0,0.0,0.0,0.0,0.0,0.0,0.0,0.0,0.0,0.0,0.0
40,-2.8311642932649395e+18,-5.836978920544837e+18,-1.6505097588138463e+18,3.134062017504165e+18,7.621070021881472e+18,-7.237228599932113e+18,-4.6808531236852e+18,4.644448790841881e+18,-8.203138528879873e+18,0.0,0.0,0.0,0.0,0.0,0.0,0.0,0.0,0.0,0.0,0.0,0.0,0.0,0.0,0.0,0.0,0.0,0.0,0.0,0.0,0.0,0.0,0.0
70,4.852023745757062e+18,-5.13025931130221e+18,2.257714619264232e+18,-5.161388492164463e+18,8.68647804735568e+17,-3.119881771323792e+18,8.265211315988301e+18,-5.177659108817595e+18,-4.728359453979169e+18,0.0,0.0,0.0,0.0,0.0,0.0,0.0,0.0,0.0,0.0,0.0,0.0,0.0,0.0,0.0,0.0,0.0,0.0,0.0,0.0,0.0,0.0,0.0
23,-3.371788765726592e+18,-7.411507259706488e+18,3.607944812990359e+17,-4.609646917330974e+18,0.0,0.0,0.0,0.0,0.0,0.0,0.0,0.0,0.0,0.0,0.0,0.0,0.0,0.0,0.0,0.0,0.0,0.0,0.0,0.0,0.0,0.0,0.0,0.0,0.0,0.0,0.0,0.0
72,-7.212797946231599e+17,5.991131865805268e+18,8.962474628672861e+18,7.771437135081741e+18,2.9503271103350835e+18,-9.34338903876106e+17,7.322384913421724e+18,6.218397144042039e+18,-7.182070142093386e+18,-1.7953442225941655e+18,-5.646154882308022e+18,2.1752839607817165e+18,7.057594772593118e+18,-3.179364033800673e+18,4.895369048749722e+18,3.6890059754685307e+18,6.261367651482955e+18,6.095619358485053e+18,4.869640948836317e+18,5.337157174153822e+18,1.5852433972783974e+17,6.504415945042288e+18,3.8440540205571907e+18,-3.72267893405728e+18,-7.062688151881733e+18,8.405123925412923e+18,0.0,0.0,0.0,0.0,0.0,0.0
79,5.357182097539208e+17,-3.145266308241244e+18,7.697610198364887e+18,8.351920192685626e+18,-1.162069465837731e+16,-5.277955824473292e+18,6.149506914178266e+18,0.0,0.0,0.0,0.0,0.0,0.0,0.0,0.0,0.0,0.0,0.0,0.0,0.0,0.0,0.0,0.0,0.0,0.0,0.0,0.0,0.0,0.0,0.0,0.0,0.0
78,-2.2392416568238845e+18,-2.8209186566096625e+18,3.9431346106001684e+18,2.840815307914666e+18,8.207936276028979e+18,5.191428654536577e+18,6.758572408719589e+17,2.812201352665224e+18,-6.288328541468098e+18,6.503569770757681e+18,5.571929158926703e+18,3.9961907334094136e+18,-5.743362595865282e+18,-6.753097971483754e+17,-7.466770322481148e+18,-8.628122326018284e+18,0.0,0.0,0.0,0.0,0.0,0.0,0.0,0.0,0.0,0.0,0.0,0.0,0.0,0.0,0.0,0.0
87,-3.6065413057918833e+18,-8.820417450097142e+18,6.7984400147514e+17,-1.2260793952557197e+18,2.2157757287880182e+18,0.0,0.0,0.0,0.0,0.0,0.0,0.0,0.0,0.0,0.0,0.0,0.0,0.0,0.0,0.0,0.0,0.0,0.0,0.0,0.0,0.0,0.0,0.0,0.0,0.0,0.0,0.0
6,7.405053611959579e+18,3.072349333756065e+17,-6.796402771928701e+17,-1.8480096187874025e+18,1.5666058992272312e+18,-5.335643854105577e+17,6.432499931091061e+18,-7.479040092839378e+18,-3.139539913375695e+18,-7.881657622475264e+18,-6.091709137628653e+18,7.312897664228014e+18,6.267449565066461e+18,-5.368103911717645e+18,5.938352859287222e+18,5.870046791813539e+18,-9.270220650813231e+17,-2.395031087210209e+18,-5.333943074769268e+18,0.0,0.0,0.0,0.0,0.0,0.0,0.0,0.0,0.0,0.0,0.0,0.0,0.0
68,3.029350520915887e+17,-6.322393967067621e+18,3.5810444343692887e+18,-2.0893937421738586e+18,-5.110146869281922e+18,-6.917177881705233e+17,-5.492601411965464e+18,-8.690007398167355e+18,-9.042807193441246e+18,-8.845294662983483e+18,1.4979502313715384e+18,3.8295627849927977e+18,4.0435062873666043e+18,-8.538364781983497e+18,2.983146899962847e+18,4.958730728270603e+17,-5.919063174426512e+18,-7.572165131397812e+18,-6.112513450111735e+18,0.0,0.0,0.0,0.0,0.0,0.0,0.0,0.0,0.0,0.0,0.0,0.0,0.0
69,8.886397607598003e+18,-1.2267634110989348e+18,3.3866301294437335e+18,-6.68013018863421e+18,3.093874590929098e+18,-6.09502322191721e+18,-4.737759695972426e+18,8.250597428539151e+18,7.646418554229971e+18,7.95124628050202e+18,0.0,0.0,0.0,0.0,0.0,0.0,0.0,0.0,0.0,0.0,0.0,0.0,0.0,0.0,0.0,0.0,0.0,0.0,0.0,0.0,0.0,0.0
1,-9.107806600113956e+18,1.68660667267751e+18,3.192082725954152e+18,7.145594321812966e+18,-4.5017410739014216e+18,6.39389083084506e+18,2.0476775993783485e+18,-8.721977142704017e+18,7.792389550847212e+18,3.762880159480086e+18,-3.3801460330429245e+18,-6.150435022569045e+18,5.557543956037322e+18,-8.952932328483151e+18,-7.390081305453578e+18,5.097864946372595e+16,2.2714640894784752e+17,0.0,0.0,0.0,0.0,0.0,0.0,0.0,0.0,0.0,0.0,0.0,0.0,0.0,0.0,0.0
45,-7.730797438813748e+18,-8.891103539041569e+18,-3.569185726028514e+18,-1.2668543997064806e+18,-2.7652769820717537e+18,3.474900612457941e+18,5.695477321991834e+18,9.818576241578364e+17,-4.526465210048804e+18,5.208939597318283e+18,-6.307274001927045e+18,1.9321052086444933e+18,5.232348413682011e+18,-1.3046104409626936e+18,0.0,0.0,0.0,0.0,0.0,0.0,0.0,0.0,0.0,0.0,0.0,0.0,0.0,0.0,0.0,0.0,0.0,0.0
33,-3.786826430271812e+18,1.8928196955108234e+18,7.354417460395607e+17,7.38554559908028e+18,-9.781203400220557e+17,6.466533809960852e+18,-9.140278208400154e+18,3.7277993634924e+18,0.0,0.0,0.0,0.0,0.0,0.0,0.0,0.0,0.0,0.0,0.0,0.0,0.0,0.0,0.0,0.0,0.0,0.0,0.0,0.0,0.0,0.0,0.0,0.0
15,9.186975396323366e+18,8.552948295614225e+18,4.0901033958898186e+18,-2.0326473809224566e+18,6.293025550483616e+18,-5.192392123139212e+18,3.779308764597209e+18,5.617461161317729e+18,2.5777646361321764e+18,2.589045978882109e+18,0.0,0.0,0.0,0.0,0.0,0.0,0.0,0.0,0.0,0.0,0.0,0.0,0.0,0.0,0.0,0.0,0.0,0.0,0.0,0.0,0.0,0.0
93,4.4423670066920986e+18,-8.421729297614002e+18,-2.581783732356737e+18,-6.865398921226993e+18,-4.165588600110327e+18,0.0,0.0,0.0,0.0,0.0,0.0,0.0,0.0,0.0,0.0,0.0,0.0,0.0,0.0,0.0,0.0,0.0,0.0,0.0,0.0,0.0,0.0,0.0,0.0,0.0,0.0,0.0
24,2.9154579754314644e+18,-6.682072985161946e+18,-4.562467452540086e+18,-6.676661277815018e+18,4.522904184859518e+18,8.181207724704767e+18,-8.374057848092659e+18,8.714545123899298e+18,-3.752690781357833e+18,3.790027774827645e+18,-8.632562133496895e+18,4.3724745652819707e+18,5.585112368758884e+18,-3.5817381171295954e+18,-6.555996536425414e+17,6.448343111351743e+18,7.015142704273553e+17,7.518473724511819e+18,-1.0726571192085064e+18,-8.054815734427001e+18,6.477216147152129e+18,-6.02305982034096e+18,5.296815730281638e+18,-9.117749770952039e+18,-1.9547734099347502e+18,-5.052709445999142e+18,2.4434481801538483e+18,-7.053941455650588e+18,5.773943918116889e+18,0.0,0.0,0.0
25,4.705240818934585e+18,4.631200395322233e+18,-6.709676412426218e+18,-4.810383821520682e+18,-9.110276082672229e+16,2.56041575865424e+18,2.87886163792659e+18,5.411694566619491e+18,1.8486152915540088e+18,2.8353927501527917e+17,-4.29647552136958e+18,-6.435265077491315e+18,0.0,0.0,0.0,0.0,0.0,0.0,0.0,0.0,0.0,0.0,0.0,0.0,0.0,0.0,0.0,0.0,0.0,0.0,0.0,0.0
26,3.989502613195731e+18,2.675084324331883e+18,-7.718182505010037e+18,-4.880147838274815e+18,-5.922460958074257e+18,-7.381284936071471e+18,4.793033438980778e+18,-4.489619814600807e+18,-4.724339509079154e+17,-2.5844727056181565e+18,8.10372398125206e+18,-7.317308246184726e+18,5.568534065646501e+18,2.122356283441027e+18,3.982838960264831e+18,4.194066811082973e+18,4.1044365912843325e+18,-4.3716962588708536e+18,4.785052106831782e+18,-6.937690161646875e+17,1.2670001081500444e+16,5.016564758503453e+18,-4.608492654395162e+18,-7.518925925815646e+18,2.7462906583347476e+18,-7.394632958884898e+18,-4.989776051272897e+18,-7.854000959851768e+17,8.512541585200945e+18,-3.140552015172983e+18,-8.58045892639568e+18,-6.891126837584488e+18
48,4.4889387269626696e+18,-2.5742184205768187e+18,8.70875268498067e+18,-6.194875982474845e+18,-2.5519795867527086e+18,0.0,0.0,0.0,0.0,0.0,0.0,0.0,0.0,0.0,0.0,0.0,0.0,0.0,0.0,0.0,0.0,0.0,0.0,0.0,0.0,0.0,0.0,0.0,0.0,0.0,0.0,0.0
71,-6.748014304238811e+18,4.341023154456385e+18,6.790717995218834e+18,5.603600349441039e+18,5.232194774787785e+18,-6.548544527591301e+18,6.44768790284698e+18,-5.696328776323812e+18,-8.882961770783379e+18,4.77484733716756e+18,3.580539744348713e+18,-7.064884880623823e+18,9.007401409382844e+18,9.21469062262915e+18,1.3233897457081108e+18,2.1005166258507505e+18,-2.7405007376470032e+17,-5.778472648499834e+18,6.049574906058278e+18,4.5285394581111506e+18,-6.31001282242846e+18,-3.2282012227881293e+18,-2.11134499336686e+18,0.0,0.0,0.0,0.0,0.0,0.0,0.0,0.0,0.0
76,5.645270913092214e+18,-6.559341223092014e+18,6.281049171933209e+18,-4.933275654454921e+18,4.6547423617049856e+17,-1.2416043718270966e+18,8.948167222419505e+18,-7.427565601946131e+18,-1.3739346271219899e+17,4.480319643915075e+18,2.44991685868385e+18,-1.7924199180289774e+18,1.809240148179252e+18,5.076628899030376e+18,-4.1948699691522703e+18,-9.162742161798152e+18,1.704271576846902e+18,7.724146300672756e+18,-2.2539729183762117e+18,2.3487815887739336e+18,0.0,0.0,0.0,0.0,0.0,0.0,0.0,0.0,0.0,0.0,0.0,0.0
7,3.637258172080613e+18,4.994747311367669e+18,0.0,0.0,0.0,0.0,0.0,0.0,0.0,0.0,0.0,0.0,0.0,0.0,0.0,0.0,0.0,0.0,0.0,0.0,0.0,0.0,0.0,0.0,0.0,0.0,0.0,0.0,0.0,0.0,0.0,0.0
50,-2.007568724752645e+18,5.286673604334691e+18,-7.109041783389823e+18,1.6616870254546593e+18,-1.4903697790925074e+18,-5.712601044170926e+18,-5.186625798433692e+18,1.6595888343041958e+18,3.031447430456927e+18,-1.4826244092804202e+17,-7.172011017636293e+18,-4.800541801475146e+18,-8.283760533887022e+18,4.473034263374006e+18,-1.7002946298358966e+18,6.18545934272481e+17,-5.851857855737187e+18,2.8275053170959826e+18,0.0,0.0,0.0,0.0,0.0,0.0,0.0,0.0,0.0,0.0,0.0,0.0,0.0,0.0
22,-9.208007244735771e+18,5.069600597008609e+18,6.836965381521587e+18,8.970393717870618e+18,-1.9846809291364792e+18,-7.227866313247719e+18,7.46537216973332e+18,2.912824870805063e+18,-6.891031414410772e+18,-5.0430546710671386e+17,2.3460546283910303e+18,-5.201949081131791e+18,-8.807366786457671e+18,-1.5661029731744422e+18,0.0,0.0,0.0,0.0,0.0,0.0,0.0,0.0,0.0,0.0,0.0,0.0,0.0,0.0,0.0,0.0,0.0,0.0
4,-3.3660769777574134e+18,2.277661029176714e+18,-5.226373951508256e+18,2.2306973908890015e+18,6.685816115637183e+18,-2.6923690727648174e+18,-3.834177877603268e+18,6.848676288269809e+18,6.982640693993798e+18,-5.9027841677221e+17,-7.75666689000665e+18,1.211334403384139e+18,-3.591090617725734e+18,7.282879564542234e+18,-9.113291197818272e+18,-5.985898808207996e+18,8.329830309653668e+18,-1.7398656016574623e+18,0.0,0.0,0.0,0.0,0.0,0.0,0.0,0.0,0.0,0.0,0.0,0.0,0.0,0.0
32,-7.316543209775574e+17,-6.307854440607615e+18,-5.173402302777349e+18,0.0,0.0,0.0,0.0,0.0,0.0,0.0,0.0,0.0,0.0,0.0,0.0,0.0,0.0,0.0,0.0,0.0,0.0,0.0,0.0,0.0,0.0,0.0,0.0,0.0,0.0,0.0,0.0,0.0
77,8.935693694770999e+18,-1.1006711269069695e+18,7.795276321186514e+18,0.0,0.0,0.0,0.0,0.0,0.0,0.0,0.0,0.0,0.0,0.0,0.0,0.0,0.0,0.0,0.0,0.0,0.0,0.0,0.0,0.0,0.0,0.0,0.0,0.0,0.0,0.0,0.0,0.0
91,3.2207472526896445e+18,6.3431009515227e+18,7.184587435640943e+18,5.990720648575227e+18,-5.56341567351784e+18,4.420048917881628e+18,-7.832319830588882e+18,-4.251152773870605e+18,-1.0763946138012364e+18,4.0866640140001567e+18,-9.196591856602526e+18,5.874465344605852e+18,3.2751087811583206e+18,-3.583082655939933e+18,5.651497745951682e+18,-3.218241815057914e+18,1.8383700517825467e+18,6.473778103955532e+18,-3.600619752735509e+17,7.607527196978863e+18,0.0,0.0,0.0,0.0,0.0,0.0,0.0,0.0,0.0,0.0,0.0,0.0
42,6.548827598669795e+18,1.34864302697979e+18,-1.9993995175743304e+18,-7.128219709634693e+18,-4.671901937919417e+18,-4.0890619177342377e+18,-3.3949939847788723e+18,6.850657303798454e+18,0.0,0.0,0.0,0.0,0.0,0.0,0.0,0.0,0.0,0.0,0.0,0.0,0.0,0.0,0.0,0.0,0.0,0.0,0.0,0.0,0.0,0.0,0.0,0.0
13,-5.911784845802561e+18,5.293529285604093e+18,3.566895625860538e+18,6.870689947302962e+18,-3.967228537797815e+18,-6.29342793933746e+18,2.687629030090019e+18,5.24774244601429e+18,-7.515997475809618e+18,-1.8960452083036938e+18,-6.07334098849397e+18,0.0,0.0,0.0,0.0,0.0,0.0,0.0,0.0,0.0,0.0,0.0,0.0,0.0,0.0,0.0,0.0,0.0,0.0,0.0,0.0,0.0
41,-3.014055709289592e+18,-3.906071513062063e+18,5.303236570568209e+18,4.249509273869106e+18,6.632815736488922e+18,3.8311084984371103e+18,-6.715178200289853e+17,7.341113956374779e+18,2.355896830381238e+18,-1.496350850590807e+18,5.629112126179131e+18,-5.89143220172067e+18,8.409647810609401e+18,-9.096782231441477e+18,2.5362699853785477e+18,-4.806059830186215e+18,-7.132085487314874e+17,-5.08759149520096e+18,6.522644229587433e+18,7.236599536549701e+18,-7.245911609028734e+18,1.9091366157768227e+17,-5.822900540186746e+18,0.0,0.0,0.0,0.0,0.0,0.0,0.0,0.0,0.0
55,-5.279900332339397e+18,-3.35981538092394e+18,-4.2136024407684557e+18,-3.384188653845559e+18,2.692915255235013e+18,4.488566004645939e+17,7.530505971782035e+18,6.087212054294282e+17,6.690728277823487e+18,5.676365224428055e+18,-1.541232079230251e+18,-6.147458881019151e+18,-4.669529293758456e+18,8.12710743804018e+18,-1.091589374293162e+18,3.4778469839041336e+18,-5.754242674646021e+18,0.0,0.0,0.0,0.0,0.0,0.0,0.0,0.0,0.0,0.0,0.0,0.0,0.0,0.0,0.0
31,8.094264118462993e+18,-2.5133225343419725e+18,8.142262144279108e+18,7.377355100318063e+18,-3.5695036702869345e+18,3.9735411315327775e+18,8.180691979761155e+18,6.883695090266842e+18,-2.2302898678160614e+18,-9.193726280237511e+18,0.0,0.0,0.0,0.0,0.0,0.0,0.0,0.0,0.0,0.0,0.0,0.0,0.0,0.0,0.0,0.0,0.0,0.0,0.0,0.0,0.0,0.0
66,-3.4884868525516724e+16,6.731821959510045e+18,-3.5132547189902147e+18,8.900232527341446e+18,8.127334690414097e+18,2.9921876969986913e+18,1.4104984874566094e+17,-3.660219790393456e+18,8.570912785530269e+18,0.0,0.0,0.0,0.0,0.0,0.0,0.0,0.0,0.0,0.0,0.0,0.0,0.0,0.0,0.0,0.0,0.0,0.0,0.0,0.0,0.0,0.0,0.0
65,-2.1803306270765243e+18,-5.127870225253728e+18,0.0,0.0,0.0,0.0,0.0,0.0,0.0,0.0,0.0,0.0,0.0,0.0,0.0,0.0,0.0,0.0,0.0,0.0,0.0,0.0,0.0,0.0,0.0,0.0,0.0,0.0,0.0,0.0,0.0,0.0
62,2.0171618484469737e+18,5.217631079148438e+18,7.777043913156606e+18,-7.594139875247924e+17,7.460313776557932e+18,-2.9565557436906527e+18,9.263637604884159e+17,-2.1986179527334956e+16,9.446161392163693e+17,4.3629697725195433e+18,-5.930958167295748e+18,-7.734739029205862e+18,6.266999281635713e+18,6.422561519851964e+17,-3.216650487077852e+18,2.7990185125444216e+16,3.697302152830182e+18,-1.2622421638153797e+18,-8.777801017253962e+18,7.378281387228849e+18,-1.7307006143677335e+18,0.0,0.0,0.0,0.0,0.0,0.0,0.0,0.0,0.0,0.0,0.0
21,7.096203298152982e+18,-5.049581195981861e+18,4.614428611655386e+17,-3.316187254565418e+17,2.1672532667324442e+18,7.332207052407543e+17,0.0,0.0,0.0,0.0,0.0,0.0,0.0,0.0,0.0,0.0,0.0,0.0,0.0,0.0,0.0,0.0,0.0,0.0,0.0,0.0,0.0,0.0,0.0,0.0,0.0,0.0
95,-8.457993304177186e+18,2.4263652929070112e+17,-7.460688252288198e+18,-4.631889906844366e+18,6.150436982716962e+18,-7.089950508491015e+18,0.0,0.0,0.0,0.0,0.0,0.0,0.0,0.0,0.0,0.0,0.0,0.0,0.0,0.0,0.0,0.0,0.0,0.0,0.0,0.0,0.0,0.0,0.0,0.0,0.0,0.0
84,7.501203899542252e+18,-3.9446839135577487e+18,-8.75691788848178e+18,-3.968746922382755e+18,8.732397220302037e+18,-5.407938990018915e+18,-1.8865339682484374e+17,-1.206166845998822e+18,-1.3546749396368998e+18,-6.617667515284534e+18,-2.5279010716934994e+18,5.080238061063979e+18,-4.841377114854892e+18,9.384190213520113e+17,5.120867444805164e+18,6.927035369587812e+18,8.624397626654176e+18,0.0,0.0,0.0,0.0,0.0,0.0,0.0,0.0,0.0,0.0,0.0,0.0,0.0,0.0,0.0
58,5.412090155500184e+18,5.409038909878971e+18,-1.1746898433582144e+18,-3.9536236841019515e+18,-3.786858620430878e+18,-1.6255116168908618e+18,8.793886271612016e+18,-6.086933806692991e+18,3.7988868098140836e+18,4.101187568631507e+17,7.462243649079921e+18,-6.77198982819254e+18,2.930393559123582e+18,-6.802423706624397e+17,7.596538945172266e+17,3.912463764494702e+17,-4.127367307811302e+18,-1.277518236365857e+18,6.603816300831775e+17,1.7523602365938985e+18,6.861608141476994e+18,-1.542555500135912e+18,4.087397973985718e+18,-1.1578115976868332e+18,-2.2158496193781133e+18,2.492881205893092e+18,7.545855884374346e+18,-1.4879301140397617e+18,0.0,0.0,0.0,0.0
64,-2.2710549820284736e+17,-2.8108397322309396e+18,-3.657435282998923e+17,8.990786936320675e+17,8.263484311190639e+18,2.2359905904657994e+17,3.3581263188682747e+18,-2.1630359015028488e+18,-4.400680555299182e+18,-6.909139723007592e+18,7.217433177000584e+18,-1.7969696055950758e+18,8.139927617701017e+18,8.234631531919618e+18,-4.664173988291088e+18,9.086085003623802e+18,-1.888502427331554e+18,-5.37259680223904e+18,5.60645891918953e+18,-9.149705768627364e+18,5.3380072958983405e+17,-5.192188595868607e+18,-6.286679488858854e+18,-7.281640794318206e+18,2.719312726763821e+18,-2.716005697201787e+18,6.363958641307859e+18,4.2787584213305965e+17,2.1981294526741297e+18,-6.893178657720204e+18,-4.018058615485568e+18,0.0
83,7.522223654525837e+18,-1.398345379201763e+18,7.303101563213081e+18,-7.086999299265143e+18,4.902917528163298e+17,2.7306671321607956e+18,-2.94442011150033e+18,7.402282205086267e+18,-9.221124776044719e+18,-1.138540099545843e+18,4.084462151503457e+18,-3.647981938019065e+18,1.6168571004751951e+18,9.074946076117293e+18,0.0,0.0,0.0,0.0,0.0,0.0,0.0,0.0,0.0,0.0,0.0,0.0,0.0,0.0,0.0,0.0,0.0,0.0
94,8.324822558032435e+18,1.6520486038840164e+18,2.6773743765560786e+18,7.888512612143159e+18,-5.124850446983122e+18,3.379565257271182e+18,-3.6941074484667346e+18,-6.04149488630915e+18,-7.846849317111301e+18,3.4764666010740685e+18,1.6636110336856038e+18,4.1615536865213414e+18,3.8065750362206295e+18,6.351796585838545e+18,1.467468905238937e+18,-1.4688355695322826e+18,-4.3559511341040133e+18,0.0,0.0,0.0,0.0,0.0,0.0,0.0,0.0,0.0,0.0,0.0,0.0,0.0,0.0,0.0
0,2.3959753363400285e+17,-8.173584876301351e+18,1.4561879867357071e+18,0.0,0.0,0.0,0.0,0.0,0.0,0.0,0.0,0.0,0.0,0.0,0.0,0.0,0.0,0.0,0.0,0.0,0.0,0.0,0.0,0.0,0.0,0.0,0.0,0.0,0.0,0.0,0.0,0.0
99,-2.185799115890729e+18,5.775665167151972e+18,-8.91753616028899e+18,-8.763893906054108e+18,7.127705733251239e+18,5.593732346931775e+18,7.013909978301877e+18,-5.29756623837218e+18,4.042324826264966e+18,6.722524966360635e+18,-7.389362171513766e+18,-8.65648465679654e+18,-6.359078504961522e+18,-7.463011248786611e+18,3.3534166012886963e+18,5.010510612894818e+18,8.697452649528079e+18,7.682636543325916e+18,6.994926439018412e+18,6.967506635302399e+18,-4.3764345436720696e+18,-4.334156573557731e+18,-9.204209034414356e+18,7.747817028200136e+18,3.972202994510618e+18,0.0,0.0,0.0,0.0,0.0,0.0,0.0
96,-3.931730104688734e+18,-7.870855126010121e+18,1.1897871647780616e+18,4.914119447767563e+18,1.3954145704550436e+18,-4.146197048419864e+18,-7.661769145850422e+18,7.71911440010353e+18,3.254089042097389e+18,-3.797176746570702e+18,3.800543764917122e+18,-7.956247629312117e+18,-6.695575526221943e+17,-5.295200817069918e+18,5.317290397020726e+18,7.280885655679258e+18,-3.8254240066660337e+18,-5.230108161257462e+18,3.8913529979657267e+18,1.1217334505830042e+18,1.9141771435251592e+18,7.553458900696167e+18,3.066424467062223e+18,7.133817382626091e+18,0.0,0.0,0.0,0.0,0.0,0.0,0.0,0.0
67,-5.055718767663118e+18,-1.0637839792891096e+18,3.1707090032904084e+18,-8.880225898812348e+18,8.567722148150151e+18,-5.16319665046879e+18,-5.440495277520415e+18,2.1693766890276595e+17,5.517687974703618e+18,1.394102764228258e+18,-7.472631537778659e+18,-3.162260181549157e+18,6.416116956534476e+18,-1.7933584953470461e+18,-2.9588309021418854e+18,2.5845598775649587e+18,0.0,0.0,0.0,0.0,0.0,0.0,0.0,0.0,0.0,0.0,0.0,0.0,0.0,0.0,0.0,0.0
61,1.8119615841958533e+18,1.0874277692860709e+17,-1.4213961940017042e+18,-1.1914578522092008e+17,-7.689299369644664e+17,8.865304876833093e+18,-7.444619165787024e+18,7.830184274602667e+18,-3.8269576769774643e+18,-2.1627408106916826e+18,-2.3239860528352445e+18,4.0914465540391603e+18,-4.485754670624639e+18,7.102346128562937e+18,1.4469407014505444e+18,-4.4191034932175693e+18,-2.618964918431863e+18,3.465144897108067e+18,1.4426634125316605e+18,-3.572131148272343e+18,-9.044990706319376e+18,4.1832159148641265e+18,-6.057637122940017e+18,-8.372328486692468e+18,-8.688487345734187e+18,1.4661378331147692e+18,4.696945673335081e+18,1.1388664047586653e+17,9.637916032217957e+17,0.0,0.0,0.0
43,7.489250644514277e+18,-7.111806765284061e+18,7.245520601582017e+17,-3.8549455926269594e+18,4.764555762301259e+18,3.3053273154144896e+18,8.689091808250738e+18,3.1397093085309885e+18,-5.237950322442989e+18,-5.5721674752272314e+17,4.0684009712972646e+18,2.838542816723823e+18,4.441071341071367e+18,-1.7763261383765908e+18,4.624921923150403e+18,-3.651036836361349e+17,-4.5999161960885637e+18,-9.937792919932684e+17,-7.966458283943067e+18,7.49294510402956e+18,7.70795434025397e+18,1.610622668507907e+17,-1.3573393528159217e+18,-6.580991030559976e+18,3.7734322158362353e+18,6.43412955317138e+17,2.9246948862329564e+18,7.681243449145278e+18,1.0476016437136044e+18,3.868234588106623e+18,-6.183018245008677e+18,-9.51297747709316e+17
2,7.652070206403043e+18,-6.003516457767876e+17,3.590186286231893e+18,2.1808202264734497e+18,4.737836378864018e+18,-8.387437662661453e+18,2336792977229682.0,4.97324604533796e+18,5.783555402333651e+18,-4.2733783227366963e+18,-4.455497165648344e+18,7.427672800259338e+18,-2.9134560561122145e+18,3.194825889451927e+17,4.3095899269971707e+18,-2.2232536360376118e+18,5.438208820522424e+18,4.633054748722634e+18,-9.064121695851032e+18,-1.5438400737166326e+18,-8.750130190571257e+18,5.275932087887464e+18,6.156346882670727e+18,-7.127203346418381e+18,-4.0951214425725225e+18,3.3415219842047647e+18,3.2426573935379195e+18,-7.017143199469462e+18,1.2270909980083566e+18,7.696005491790587e+18,-5.499631816786733e+18,-2.1144115349293617e+18
54,-6.663727892853453e+18,5.356053681075206e+18,-4.292322501671683e+18,3.8372245981637294e+18,-7.183280686916002e+18,-9.130370238131609e+18,-6.482089459381044e+18,-8.347992316546481e+18,0.0,0.0,0.0,0.0,0.0,0.0,0.0,0.0,0.0,0.0,0.0,0.0,0.0,0.0,0.0,0.0,0.0,0.0,0.0,0.0,0.0,0.0,0.0,0.0
30,6.988705620129215e+18,-8.571015965616621e+18,-5.997126695517957e+18,4.828604882120635e+18,2.6206431238659005e+18,3.2068094160278124e+18,2.975445466102709e+18,-4.687493354801597e+18,5.724865537585145e+18,6.425586491003951e+17,-8.340489685246676e+18,4.087494268607107e+18,-7.054634483981139e+18,-5.130386234178669e+18,8.290228992736573e+18,0.0,0.0,0.0,0.0,0.0,0.0,0.0,0.0,0.0,0.0,0.0,0.0,0.0,0.0,0.0,0.0,0.0
59,4.713847775661272e+18,-2.378006503430062e+18,8.461639726157551e+18,4.4706828455965496e+18,-1.8027855479547448e+18,6.968421992624176e+18,-5.329503503703592e+18,7.355077895950575e+18,3.5714445844866874e+17,8.863307814490952e+18,8.7927883181341e+18,4.620845593191349e+18,0.0,0.0,0.0,0.0,0.0,0.0,0.0,0.0,0.0,0.0,0.0,0.0,0.0,0.0,0.0,0.0,0.0,0.0,0.0,0.0
85,1.2181240914227054e+17,6.90586918064485e+17,2.5111886735461443e+18,3.5330552629905413e+18,3.055043870911016e+18,-7.434408690692276e+18,4.079167001494661e+17,3.739092078477461e+18,0.0,0.0,0.0,0.0,0.0,0.0,0.0,0.0,0.0,0.0,0.0,0.0,0.0,0.0,0.0,0.0,0.0,0.0,0.0,0.0,0.0,0.0,0.0,0.0
74,4.1098984287702236e+18,-2.9215878314244306e+18,7.085402305942355e+18,3.78642220342928e+18,6.073970383637759e+18,-5.14285027040571e+18,-9.263043484425075e+17,3.5140170448217405e+18,-5.367324521369344e+18,9.008677029962297e+18,-5.921993946583567e+18,5.32799942538133e+18,2.522072095664983e+18,-6.418139031605388e+18,-4.363576726336507e+18,-5.25666950187907e+17,2.415479024634811e+18,-1.9597267477459707e+18,3.1732666980776515e+18,-2.807005010758421e+18,-1.7720284354805238e+18,1.4751931160310228e+18,-3.0397068114532076e+18,7.070812357230291e+18,0.0,0.0,0.0,0.0,0.0,0.0,0.0,0.0
90,7.556992915405892e+18,2.2645696064822802e+18,7.14930511513257e+18,-5.963569711584263e+18,-6.59288868294526e+18,1.5416295953423142e+18,-2.2463839312629366e+18,-8.026065537038842e+18,0.0,0.0,0.0,0.0,0.0,0.0,0.0,0.0,0.0,0.0,0.0,0.0,0.0,0.0,0.0,0.0,0.0,0.0,0.0,0.0,0.0,0.0,0.0,0.0
18,-1.6012924780221228e+18,5.537474976437231e+18,-3.4841902923543557e+18,4.739440035031367e+18,5.438046918463727e+18,5.020512839759539e+18,8.82933135570185e+18,7.810627671704704e+18,-7.847433705178759e+18,6.150570414928477e+17,-4.882960270410968e+18,1.2113521077376323e+18,-1.3405071655749384e+18,-1.935125004710677e+18,-8.282646074525982e+18,3.711219056376291e+18,8.912152053403511e+18,5.240394757700243e+18,4.5369493152102917e+18,4.946823289842653e+18,-6.327811676662093e+18,4.4365860429377423e+18,0.0,0.0,0.0,0.0,0.0,0.0,0.0,0.0,0.0,0.0
52,-2.2553564416338483e+18,-6.313800974380456e+18,-3.455679211241244e+18,0.0,0.0,0.0,0.0,0.0,0.0,0.0,0.0,0.0,0.0,0.0,0.0,0.0,0.0,0.0,0.0,0.0,0.0,0.0,0.0,0.0,0.0,0.0,0.0,0.0,0.0,0.0,0.0,0.0
44,6.256246128953998e+18,1.6854111088073121e+18,5.208221174331979e+18,-8.102106639975626e+18,7.076067245086816e+18,4.562034462450235e+18,-7.753428492621007e+18,8.044561861656722e+18,-8.061841860224309e+18,-8.467806277406909e+18,8.282788399268467e+18,-1.351822746728605e+18,6.895949132413697e+18,6.126572177988384e+18,9.56060930053459e+17,-6.126144871287685e+18,2.2660865123886403e+18,6.159904381746563e+18,-6.670812035474504e+18,8.502753704578043e+18,6.265848702588199e+18,5.2948955311756314e+17,0.0,0.0,0.0,0.0,0.0,0.0,0.0,0.0,0.0,0.0
17,-3.543562587675984e+18,3.130256761154305e+18,5.796469310985938e+17,9.026898726709897e+18,-5.51724182413471e+18,4.111695684872772e+18,-2.824525694633451e+18,7.09800580292767e+18,8.573787730272714e+18,8.261402078071938e+18,0.0,0.0,0.0,0.0,0.0,0.0,0.0,0.0,0.0,0.0,0.0,0.0,0.0,0.0,0.0,0.0,0.0,0.0,0.0,0.0,0.0,0.0
36,1.471894538122758e+18,5.766898826704054e+18,5.784026270294994e+18,-4.102779235577562e+18,5.0508569643772e+18,-9.433004307515876e+17,8.528213490973655e+18,-6.422922784340136e+18,4.953811979109826e+18,-3.41359185112861e+18,1.779842978626765e+18,-8.21223053026804e+18,6.443363877667529e+18,0.0,0.0,0.0,0.0,0.0,0.0,0.0,0.0,0.0,0.0,0.0,0.0,0.0,0.0,0.0,0.0,0.0,0.0,0.0
49,-3.735467357834588e+18,-6.296315404130844e+18,-3.616331230783093e+18,-7.734521080674436e+18,-3.840045538944718e+18,6.017929313878665e+18,7.651792652410552e+18,7.365280886169048e+18,-5.926107446350496e+18,8.14263348784529e+18,-3.708682137411147e+18,-2.860919820129916e+18,-7.737411540488993e+18,-7.06812308418721e+18,-3.283562350921002e+18,8.701505083542241e+18,-1.7659950586067197e+18,-1.3376918152073754e+17,6.962515778919431e+18,4.472188832640859e+18,-1.3397803508436797e+18,5.200643903581862e+18,6.566120048610469e+18,4.869528077424657e+18,-7.102116559272804e+18,-8.781183870637369e+18,4.27033945256909e+18,0.0,0.0,0.0,0.0,0.0
86,-4.292612110214292e+18,8.898254933482202e+16,-7.13207275629625e+18,7.934837938905354e+18,5.209377456890278e+18,6.18921779133154e+18,1.9492047405468419e+18,6.030736635713289e+18,-1.8150566258840253e+18,-5.007102008541062e+18,-4.089350549082032e+18,9.023825100100042e+18,0.0,0.0,0.0,0.0,0.0,0.0,0.0,0.0,0.0,0.0,0.0,0.0,0.0,0.0,0.0,0.0,0.0,0.0,0.0,0.0
37,4.208285814689849e+18,-8.899137648875537e+18,4.464657042964492e+18,1.1195251223677614e+17,4.900203021406887e+18,4.59149231748082e+18,5.568122090310069e+18,-7.701735480233682e+18,-8.389665481330164e+18,5.8189668298369e+18,-8.995805208785549e+18,-6.011426980030492e+18,-1.5069301368485584e+17,8.733219818531472e+18,-9.478820714471226e+17,2.5697664319838244e+18,-7.033160176005418e+18,5.120654149944391e+18,0.0,0.0,0.0,0.0,0.0,0.0,0.0,0.0,0.0,0.0,0.0,0.0,0.0,0.0
56,2.3584751256330143e+18,6.453388179902216e+18,8.448014888212898e+18,-8.427642609828555e+18,-9.137762707951848e+18,-9.384787218254733e+17,6.39627627815241e+18,3.929624353386686e+17,-1.199766824585169e+18,7.129639651234948e+18,2.1999492252549524e+18,8.054717255408806e+18,-4.67777524067245e+18,-2.7675468892741023e+18,-8.381341786857612e+18,1.315824749123695e+18,-4.3786633762570706e+18,6.126335142943702e+18,1.9521819006621422e+18,-5.931960143230881e+18,3.226446088062561e+16,7.68709103780603e+18,3.328651595254992e+18,2.6115242163694945e+18,-1.5176680072876893e+17,-5.688500365431751e+18,-3.3832770151608156e+18,-4.4324706060309023e+18,1.789038389756632e+18,1.7943590229933706e+18,-7.086819327646745e+18,-2.767338642757788e+18
63,-6.88691414832933e+18,2.010315966497868e+18,5.217175753012026e+18,-1.4644693084298941e+18,-6.938004879882104e+18,-7.934143678530339e+18,1.3519938361850227e+18,-6.103416835478657e+18,6.494767114698163e+18,8.016120176855705e+18,5.400251494256803e+18,-7.64400631574264e+18,-4.191779554703719e+18,-2.6500034218002166e+18,-5.852814482091329e+18,6.047182401666058e+18,0.0,0.0,0.0,0.0,0.0,0.0,0.0,0.0,0.0,0.0,0.0,0.0,0.0,0.0,0.0,0.0
35,8.851743308629778e+18,-9.326032010532369e+17,0.0,0.0,0.0,0.0,0.0,0.0,0.0,0.0,0.0,0.0,0.0,0.0,0.0,0.0,0.0,0.0,0.0,0.0,0.0,0.0,0.0,0.0,0.0,0.0,0.0,0.0,0.0,0.0,0.0,0.0
97,8.97416499210152e+18,-8.067713238711463e+18,8.246327702690531e+18,-1.6241483328721628e+18,-4.054319765766661e+18,3.330111815192207e+18,-4.362910113851833e+18,2.0025430328974538e+18,8.670010422345924e+18,-1.6302555036141893e+18,6.260736660879702e+18,6.794731084072751e+18,-9.02449079072529e+18,0.0,0.0,0.0,0.0,0.0,0.0,0.0,0.0,0.0,0.0,0.0,0.0,0.0,0.0,0.0,0.0,0.0,0.0,0.0
75,8.728166633586054e+18,6.14180773545917e+18,3.9010544308926556e+18,-4.1803712554731156e+18,-7.458890963859189e+18,1.7430449394302088e+18,-8.274794625989148e+18,6.064788964756539e+18,2.1033318895390543e+18,4.4906253279215027e+18,5.397044567702506e+18,6.455251925473746e+18,5.670249906800622e+18,9.847217783592337e+17,3.705784540264018e+18,0.0,0.0,0.0,0.0,0.0,0.0,0.0,0.0,0.0,0.0,0.0,0.0,0.0,0.0,0.0,0.0,0.0
57,-5.321062979687012e+18,3.515480735051031e+18,4.524901937924946e+18,2.643834088491287e+18,4.851442880860012e+18,1.4249204018280741e+17,-2.7733702156872095e+18,-7.084101468900919e+18,4.596858440879073e+18,-2.7634915071996237e+18,-7.709369424468551e+18,5.070200438101413e+18,3.0866610368207037e+18,-3.894018347791409e+18,-4.308705320461563e+18,8.331541672168922e+18,2.1664611665303823e+18,-2.351063091371025e+18,3.9888930721240376e+18,6.159554870344819e+18,-3.531866507971881e+18,9.151771654609657e+18,5.552569305356339e+18,-8.376684020571836e+18,-5.981658645618402e+18,-4.852551793470252e+18,7.662429470472474e+18,-4.937468016322042e+18,3.1451511797307663e+18,-3.655694966468572e+18,6.031609464153662e+18,-3.610304710426181e+18
88,4.0438796078326436e+18,-7.789253863880376e+18,-8.358689656432775e+18,-5.413404618378659e+18,2.9505110235159956e+18,-3.408612197681271e+18,9.013470585446312e+18,3.2588261721586176e+18,-3.8328569184683187e+18,-7.111213352931548e+18,2.356683320184028e+18,3.5960467381029395e+17,-3.203078007395827e+18,-3.8115817364789576e+18,3.546745188576489e+18,-8.266227649636218e+18,2.5826672883266627e+18,-4.844034397147016e+18,-3.5580138894102113e+18,-3.704333653409414e+18,0.0,0.0,0.0,0.0,0.0,0.0,0.0,0.0,0.0,0.0,0.0,0.0
10,5.642307933515961e+18,1.1494453826789597e+18,-5.987988289527577e+18,7.429251135961942e+18,5.2046350479573965e+17,1.8117226718680847e+18,-1.5874877049879124e+18,1.4884246093655245e+18,-5.006280967970059e+18,-9.014309327556396e+18,3.5947224207234394e+17,3.257298323236136e+18,-2.9794045888607493e+18,1.2722665474426284e+18,-7.224758729295229e+18,-5.272686225520867e+18,7.687944939486277e+18,5.659960917481482e+18,-6.640089070221098e+18,4.2762561643364045e+18,-3.9534712220128655e+18,6.384705132979517e+18,-5.362983700671714e+18,-2.706425033491329e+17,6.749043795350119e+18,5.827992727370346e+18,6.873258314710377e+18,-1.5731356655796703e+18,2.3013439818612255e+18,7.958415186136563e+18,4.107894111013307e+18,4.471608448683465e+18
53,5.17731865463241e+18,-1.0373227847488777e+18,-3.818870392917668e+18,-8.019636555835037e+18,6.709330066848343e+18,7.837468920778338e+18,7.242347628690388e+18,8.4706255011793e+18,-7.846976113059252e+18,0.0,0.0,0.0,0.0,0.0,0.0,0.0,0.0,0.0,0.0,0.0,0.0,0.0,0.0,0.0,0.0,0.0,0.0,0.0,0.0,0.0,0.0,0.0
8,4.1994186535390925e+17,-1.7238044045472366e+18,-7.217435821915907e+18,-5.5671657196607256e+16,4.955838825233541e+18,-2.491757862465091e+18,5.873132493593786e+18,5.756409102593438e+17,-4.938033552081965e+18,3.348906524679843e+17,-8.2617800743704e+18,-3.1374521786217165e+18,2.979355268131271e+18,-4.2281518978819763e+18,-6.295368027876466e+18,-8.191475628081693e+18,-6.163206713736533e+18,-3.714757609104956e+17,9.008087738989159e+18,8.226770275309271e+18,6.274473846030725e+18,4.2638916077150095e+18,5.652173680511561e+18,3.6285235749810007e+18,2.9475718396443003e+18,0.0,0.0,0.0,0.0,0.0,0.0,0.0
39,3.6453729726723036e+18,-7.936314229504624e+18,-3.5557305355263145e+18,-8.387430227802593e+18,9.04467224111843e+18,2.0631318375822778e+17,-2.896134982164453e+18,-6.781022806453974e+18,-8.678887071391532e+18,-2.152131801938641e+18,0.0,0.0,0.0,0.0,0.0,0.0,0.0,0.0,0.0,0.0,0.0,0.0,0.0,0.0,0.0,0.0,0.0,0.0,0.0,0.0,0.0,0.0
47,-2.1088267606302129e+18,5.683971135534386e+18,4.319123983050902e+18,-3.9828298397559316e+18,2.726566294774021e+18,9.959060186824492e+17,-1.3123200955509266e+18,0.0,0.0,0.0,0.0,0.0,0.0,0.0,0.0,0.0,0.0,0.0,0.0,0.0,0.0,0.0,0.0,0.0,0.0,0.0,0.0,0.0,0.0,0.0,0.0,0.0
60,-3.2300417687745295e+18,-6.61013993646502e+18,2.085046146789901e+18,-6.168350361479685e+18,5.355105992583148e+18,-1.35428344565162e+18,9.339728811341364e+17,8.889275569189932e+18,8.405236383380952e+18,-1.5528330257510467e+18,8.26109203409151e+18,0.0,0.0,0.0,0.0,0.0,0.0,0.0,0.0,0.0,0.0,0.0,0.0,0.0,0.0,0.0,0.0,0.0,0.0,0.0,0.0,0.0
89,-7.077592174873953e+17,-4.749036247974352e+18,4.86333061761175e+18,-7.501115879595634e+18,-7.541742236469555e+18,-8.318247400601247e+17,-4.043801291780979e+18,9.071237523873823e+18,1.80294270028524e+18,4.2355949677856517e+18,7.342560345327341e+18,1.642419409729531e+18,0.0,0.0,0.0,0.0,0.0,0.0,0.0,0.0,0.0,0.0,0.0,0.0,0.0,0.0,0.0,0.0,0.0,0.0,0.0,0.0
51,3.9169057270436623e+18,2.85748750004493e+18,-3.2376080133747963e+18,-7.310382340916656e+18,-5.152601917874664e+18,5.533907206446567e+18,4.045304301831496e+18,7.821038430108884e+18,-1.9603024316544466e+18,4.904711978533526e+18,6.891362444288786e+18,-8.266860857740323e+18,3.406341257265388e+18,5.89582119941385e+18,-4.494328728875717e+18,-6.094338499630345e+18,-5.004057887439284e+18,0.0,0.0,0.0,0.0,0.0,0.0,0.0,0.0,0.0,0.0,0.0,0.0,0.0,0.0,0.0
14,2.392834043100517e+18,2.5504920550204334e+18,8.058610703395632e+18,8.186568047069798e+18,-2.7160441336133217e+18,2.2150309061993452e+18,6.671234831325369e+18,4.790162685945081e+18,-1.8582114654538348e+18,3.170952407973512e+18,-2.085533663825623e+18,3.753709997576618e+18,9.005695724120523e+18,0.0,0.0,0.0,0.0,0.0,0.0,0.0,0.0,0.0,0.0,0.0,0.0,0.0,0.0,0.0,0.0,0.0,0.0,0.0
28,-2.429272799800209e+18,-5.866166868229436e+18,-5.010550742257388e+18,6.292327301335989e+18,2.84201631827521e+18,-4.1087856921563786e+18,-4.333260560489784e+17,-3.2588384590750577e+18,2.868018796610012e+17,2.837037528794957e+18,-5.66815313993897e+18,9.062261843593595e+18,-5.076355042056037e+18,-7.452950261591703e+18,-2.3404157759798374e+18,-7.623334257951657e+18,-6.912064168413987e+18,4.7669959974103334e+17,5.550371026798937e+18,-2.352665746918215e+18,3.3417479841865144e+18,2.0158960999247716e+18,3.861960027966687e+18,-2.956559444099349e+18,-1.952415412862636e+17,3.9235091872487557e+18,-3.128763210490409e+18,-2.5602086920497864e+18,2.4735091802144275e+17,0.0,0.0,0.0
16,5.452589534758524e+18,-1.9830932229174415e+18,-6.534023599981892e+18,2.3585273158250143e+18,2.377487000362417e+18,0.0,0.0,0.0,0.0,0.0,0.0,0.0,0.0,0.0,0.0,0.0,0.0,0.0,0.0,0.0,0.0,0.0,0.0,0.0,0.0,0.0,0.0,0.0,0.0,0.0,0.0,0.0
34,4.246531848746731e+17,3.940249609610966e+18,-4.918878754153161e+18,-7.073623167500265e+18,-1.1633094312274822e+17,-3.221341465792384e+18,-3.9690381290637235e+18,1.432330674324784e+18,0.0,0.0,0.0,0.0,0.0,0.0,0.0,0.0,0.0,0.0,0.0,0.0,0.0,0.0,0.0,0.0,0.0,0.0,0.0,0.0,0.0,0.0,0.0,0.0
82,-4.513096955984079e+17,-8.281074335351693e+18,4.5350165456240774e+17,7.754601258610286e+18,-2.52209157654952e+18,-5.259599993434412e+18,0.0,0.0,0.0,0.0,0.0,0.0,0.0,0.0,0.0,0.0,0.0,0.0,0.0,0.0,0.0,0.0,0.0,0.0,0.0,0.0,0.0,0.0,0.0,0.0,0.0,0.0
46,6.792138557863645e+18,6.639885243034414e+18,-5.4774641214652e+18,2.10902378439164e+18,-5.370237632676072e+18,3.4772804074088366e+18,6.397435988991524e+18,7.455880788950924e+18,3.8102953497691453e+18,0.0,0.0,0.0,0.0,0.0,0.0,0.0,0.0,0.0,0.0,0.0,0.0,0.0,0.0,0.0,0.0,0.0,0.0,0.0,0.0,0.0,0.0,0.0
27,-8.319270712627454e+18,7.607019196187998e+18,-3.9444712187142057e+18,-2.3317611538022333e+18,-2.5376390111364797e+18,-5.024981119862013e+18,6.210406048691582e+18,3.0804731992367693e+18,7.815310507318922e+18,0.0,0.0,0.0,0.0,0.0,0.0,0.0,0.0,0.0,0.0,0.0,0.0,0.0,0.0,0.0,0.0,0.0,0.0,0.0,0.0,0.0,0.0,0.0
20,-8.61841165238539e+18,5.769653352367675e+18,-1.5565080643872788e+18,2.355225414168766e+17,1.6741120015540662e+18,2.276132217857878e+18,-7.634971841648411e+18,-4.747639840397607e+18,8.594106761824505e+18,5.465756788206862e+18,3.199443209426643e+18,0.0,0.0,0.0,0.0,0.0,0.0,0.0,0.0,0.0,0.0,0.0,0.0,0.0,0.0,0.0,0.0,0.0,0.0,0.0,0.0,0.0
9,3.7515224622872274e+18,-6.461729318604897e+18,2.895400804758607e+18,-4.293334040318207e+17,-6.598306151453072e+18,6.994328850554336e+18,6.757588817193298e+18,6.41219976416383e+18,-1.0442170096262913e+18,-1.1784771604238912e+18,-8.172476552832366e+18,-2.445343258348411e+18,-4.809615582976914e+18,-6.445473297685882e+17,7.096843860813674e+18,-2.0066627049665116e+18,-3.966428171814899e+18,-4.918952638853606e+18,-4.929143160600995e+17,5.051355746826058e+18,0.0,0.0,0.0,0.0,0.0,0.0,0.0,0.0,0.0,0.0,0.0,0.0
92,7.996560894618592e+18,2.1861046267244882e+18,-1.536629031879102e+18,-4.566150581630205e+18,4.191195709810189e+18,-1.2869231902875873e+18,-5.106381653434841e+17,3.1380061299637504e+18,2.1400852115689498e+17,5.190054773025874e+18,0.0,0.0,0.0,0.0,0.0,0.0,0.0,0.0,0.0,0.0,0.0,0.0,0.0,0.0,0.0,0.0,0.0,0.0,0.0,0.0,0.0,0.0
3,-1.7784530773643377e+18,6.224735582973837e+18,8.826959003500191e+18,3.411714493875821e+18,-2.8891439181388677e+18,-6.526551150442767e+18,-2.128792295374113e+18,0.0,0.0,0.0,0.0,0.0,0.0,0.0,0.0,0.0,0.0,0.0,0.0,0.0,0.0,0.0,0.0,0.0,0.0,0.0,0.0,0.0,0.0,0.0,0.0,0.0
98,-3.061745404761424e+18,2.7781124279605007e+18,-8.592174927033687e+18,7.694570067302914e+18,-5.840223608470083e+18,0.0,0.0,0.0,0.0,0.0,0.0,0.0,0.0,0.0,0.0,0.0,0.0,0.0,0.0,0.0,0.0,0.0,0.0,0.0,0.0,0.0,0.0,0.0,0.0,0.0,0.0,0.0
29,-2.8803781628383457e+18,-8.034514660612578e+18,-1.1069281616629668e+18,-2.5771261490263578e+17,3.302639927956797e+18,-8.425527931037189e+18,8.687644916632251e+17,-8.985098793710569e+18,-5.758469347628048e+18,-7.129827879173897e+18,-4.48226321504712e+18,-1.2971130001464136e+18,2.7774132081818373e+18,-4.56534750033238e+18,-9.155871316515252e+18,-6.661249784343048e+17,7.155645139282328e+18,2.589464401725592e+18,7.062455537649318e+18,0.0,0.0,0.0,0.0,0.0,0.0,0.0,0.0,0.0,0.0,0.0,0.0,0.0
80,-2.579572433966792e+18,7.782413899203203e+18,-1.5317736081390637e+17,-1.9861978409803937e+18,8.235261913553125e+18,2.2109109385685187e+18,2.6863532603895767e+18,-5.475047705176567e+18,7.411889837881058e+18,7.924287077672635e+18,-6.893677557002932e+18,-5.799556121910272e+18,2.0945158940933238e+18,-5.335911472342726e+18,-2.5970364582269373e+18,-9.197875747063274e+18,4.78647740895933e+18,7.849130442355128e+18,2.942419755503824e+18,-8.69549697559886e+18,6.89481508523719e+18,-4.5622281325839514e+18,-6.781926637777239e+18,4.618519879665702e+18,8.108792401466788e+18,6.523363591049044e+18,-8.359100108939267e+18,-5.346597208617221e+18,2.536424660230361e+18,4.52696615273546e+18,3.368364898507683e+18,0.0
73,-4.4795177933713966e+18,1.6287986876721539e+18,0.0,0.0,0.0,0.0,0.0,0.0,0.0,0.0,0.0,0.0,0.0,0.0,0.0,0.0,0.0,0.0,0.0,0.0,0.0,0.0,0.0,0.0,0.0,0.0,0.0,0.0,0.0,0.0,0.0,0.0
