inputName,Total_Operators,Distinct_Operators,Total_Operands,Distinct_Operands,Program_Length,Vocabulary_Size,Program_Volume,Effort,Program_Level,Difficulty_Level,Time_To_Implement,Bugs_Delivered,Sloc,Decision_Point,Global_Variables,If,Loop,Goto,Assignment,Exit_Point,Function,Function_Call,Pointer_Dereferencing,Cyclomatic_Complexity,Syntactically_Reachable_Functions,Semantically_Reached_Functions,Coverage_Estimation,Main_Statements,==,!=,>,<,>=,<=,||,&&,++,--,=,-,*,/,%,+=,-=,*=,/=,%=,&,|,&=,^=,|=,<<,<<=,>>,>>=,+,^,~,+( ),-( ),!( ),~( ),For,While,Switch,Case,Break,Continue,Do,Char,short,int,double,float,long,signed,unsigned,[],array,struct,int8_t,uint8_t,int16_t,uint16_t,int32_t,uint32_t,int64_t,uint64_t,TARGET_TYPE,TARGET_INDEX,CFC,IOR,CR,DR_char_string,DR_int_real,DR_gpp,STR,LR,BMR,DR_bit,Agpp,Aasp
values_11,158 ,27 ,59 ,24 ,217 ,51 ,1230.92 ,40851.03 ,0.03 ,33.19 ,2269.50 ,0.40 ,22,3,1,3,2,0,11,2,2,1,0,5,2,2,100.0,2,0,0,0,3,0,0,0,0,2,0,7,5,0,0,0,0,0,0,0,0,0,0,0,0,0,0,0,0,0,1,0,0,0,0,0,0,2,0,0,0,0,0,0,6,4,8,2,0,12,14,14,6,1,0,0,1,0,0,0,0,0,0,1,1,0.36363636363636365,0,0.2727272727272727,0.1016949152542373,0.4915254237288136,0.5932203389830508,0.0,0.09090909090909091,0.0,0.4576271186440678,0.8672963041752912,0.6906131755679562
values_19,171 ,27 ,65 ,30 ,236 ,57 ,1376.56 ,40264.44 ,0.03 ,29.25 ,2236.91 ,0.39 ,22,3,1,3,2,0,11,2,2,1,0,5,2,2,100.0,2,0,0,0,3,0,0,0,0,2,0,7,12,0,0,0,0,0,0,0,0,0,0,0,0,0,0,0,0,0,1,0,0,0,0,0,0,2,0,0,0,0,0,0,6,4,8,2,0,12,14,14,6,1,0,0,1,0,0,0,0,0,0,1,1,0.36363636363636365,0,0.2727272727272727,0.09230769230769231,0.4461538461538462,0.5384615384615385,0.0,0.09090909090909091,0.0,0.4153846153846154,0.8493547661605837,0.6465971693543685
values_12,172 ,27 ,68 ,33 ,240 ,60 ,1417.65 ,39436.55 ,0.04 ,27.82 ,2190.92 ,0.39 ,22,3,1,3,2,0,11,2,2,1,0,5,2,2,100.0,2,0,0,0,3,0,0,0,0,2,0,7,10,0,0,0,0,0,0,0,0,0,0,0,0,0,0,0,0,0,1,0,0,0,0,0,0,2,0,0,0,0,0,0,6,4,8,2,0,12,14,14,6,1,0,0,1,0,0,0,0,0,0,1,1,0.36363636363636365,0,0.2727272727272727,0.08823529411764706,0.4264705882352941,0.5147058823529411,0.0,0.09090909090909091,0.0,0.39705882352941174,0.8404714404030368,0.6252187592336584
values_38,158 ,27 ,57 ,22 ,215 ,49 ,1207.16 ,42223.26 ,0.03 ,34.98 ,2345.74 ,0.40 ,22,3,1,3,2,0,11,2,2,1,0,5,2,2,100.0,2,0,0,0,3,0,0,0,0,2,0,7,7,0,0,0,0,0,0,0,0,0,0,0,0,0,0,0,0,0,1,0,0,0,0,0,0,2,0,0,0,0,0,0,6,4,8,2,0,12,14,14,6,1,0,0,1,0,0,0,0,0,0,1,1,0.36363636363636365,0,0.2727272727272727,0.10526315789473684,0.5087719298245614,0.6140350877192983,0.0,0.09090909090909091,0.0,0.47368421052631576,0.8733097625611431,0.7055546015767127
values_81,157 ,27 ,59 ,24 ,216 ,51 ,1225.24 ,40662.78 ,0.03 ,33.19 ,2259.04 ,0.39 ,22,3,1,3,2,0,11,2,2,1,0,5,2,2,100.0,2,0,0,0,3,0,0,0,0,2,0,7,4,0,0,0,0,0,0,0,0,0,0,0,0,0,0,0,0,0,1,0,0,0,0,0,0,2,0,0,0,0,0,0,6,4,8,2,0,12,14,14,6,1,0,0,1,0,0,0,0,0,0,1,1,0.36363636363636365,0,0.2727272727272727,0.1016949152542373,0.4915254237288136,0.5932203389830508,0.0,0.09090909090909091,0.0,0.4576271186440678,0.8672963041752912,0.6906131755679562
values_5,167 ,27 ,65 ,30 ,232 ,57 ,1353.23 ,39581.99 ,0.03 ,29.25 ,2199.00 ,0.39 ,22,3,1,3,2,0,11,2,2,1,0,5,2,2,100.0,2,0,0,0,3,0,0,0,0,2,0,7,8,0,0,0,0,0,0,0,0,0,0,0,0,0,0,0,0,0,1,0,0,0,0,0,0,2,0,0,0,0,0,0,6,4,8,2,0,12,14,14,6,1,0,0,1,0,0,0,0,0,0,1,1,0.36363636363636365,0,0.2727272727272727,0.09230769230769231,0.4461538461538462,0.5384615384615385,0.0,0.09090909090909091,0.0,0.4153846153846154,0.8493547661605837,0.6465971693543685
values_40,165 ,27 ,64 ,29 ,229 ,56 ,1329.88 ,39621.38 ,0.03 ,29.79 ,2201.19 ,0.39 ,22,3,1,3,2,0,11,2,2,1,0,5,2,2,100.0,2,0,0,0,3,0,0,0,0,2,0,7,7,0,0,0,0,0,0,0,0,0,0,0,0,0,0,0,0,0,1,0,0,0,0,0,0,2,0,0,0,0,0,0,6,4,8,2,0,12,14,14,6,1,0,0,1,0,0,0,0,0,0,1,1,0.36363636363636365,0,0.2727272727272727,0.09375,0.453125,0.546875,0.0,0.09090909090909091,0.0,0.421875,0.8523308146086602,0.6538273241895304
values_70,193 ,27 ,80 ,45 ,273 ,72 ,1684.39 ,40425.35 ,0.04 ,24 ,2245.85 ,0.39 ,22,3,1,3,2,0,11,2,2,1,0,5,2,2,100.0,2,0,0,0,3,0,0,0,0,2,0,7,19,0,0,0,0,0,0,0,0,0,0,0,0,0,0,0,0,0,1,0,0,0,0,0,0,2,0,0,0,0,0,0,6,4,8,2,0,12,14,14,6,1,0,0,1,0,0,0,0,0,0,1,1,0.36363636363636365,0,0.2727272727272727,0.075,0.3625,0.4375,0.0,0.09090909090909091,0.0,0.3375,0.8058366060635553,0.5454904062906542
values_23,154 ,27 ,57 ,22 ,211 ,49 ,1184.70 ,41437.71 ,0.03 ,34.98 ,2302.09 ,0.40 ,22,3,1,3,2,0,11,2,2,1,0,5,2,2,100.0,2,0,0,0,3,0,0,0,0,2,0,7,3,0,0,0,0,0,0,0,0,0,0,0,0,0,0,0,0,0,1,0,0,0,0,0,0,2,0,0,0,0,0,0,6,4,8,2,0,12,14,14,6,1,0,0,1,0,0,0,0,0,0,1,1,0.36363636363636365,0,0.2727272727272727,0.10526315789473684,0.5087719298245614,0.6140350877192983,0.0,0.09090909090909091,0.0,0.47368421052631576,0.8733097625611431,0.7055546015767127
values_72,191 ,27 ,80 ,45 ,271 ,72 ,1672.05 ,40129.19 ,0.04 ,24 ,2229.40 ,0.39 ,22,3,1,3,2,0,11,2,2,1,0,5,2,2,100.0,2,0,0,0,3,0,0,0,0,2,0,7,17,0,0,0,0,0,0,0,0,0,0,0,0,0,0,0,0,0,1,0,0,0,0,0,0,2,0,0,0,0,0,0,6,4,8,2,0,12,14,14,6,1,0,0,1,0,0,0,0,0,0,1,1,0.36363636363636365,0,0.2727272727272727,0.075,0.3625,0.4375,0.0,0.09090909090909091,0.0,0.3375,0.8058366060635553,0.5454904062906542
values_79,163 ,27 ,59 ,24 ,222 ,51 ,1259.28 ,41792.30 ,0.03 ,33.19 ,2321.79 ,0.40 ,22,3,1,3,2,0,11,2,2,1,0,5,2,2,100.0,2,0,0,0,3,0,0,0,0,2,0,7,10,0,0,0,0,0,0,0,0,0,0,0,0,0,0,0,0,0,1,0,0,0,0,0,0,2,0,0,0,0,0,0,6,4,8,2,0,12,14,14,6,1,0,0,1,0,0,0,0,0,0,1,1,0.36363636363636365,0,0.2727272727272727,0.1016949152542373,0.4915254237288136,0.5932203389830508,0.0,0.09090909090909091,0.0,0.4576271186440678,0.8672963041752912,0.6906131755679562
values_78,185 ,27 ,75 ,40 ,260 ,67 ,1577.18 ,39922.45 ,0.04 ,25.31 ,2217.91 ,0.39 ,22,3,1,3,2,0,11,2,2,1,0,5,2,2,100.0,2,0,0,0,3,0,0,0,0,2,0,7,16,0,0,0,0,0,0,0,0,0,0,0,0,0,0,0,0,0,1,0,0,0,0,0,0,2,0,0,0,0,0,0,6,4,8,2,0,12,14,14,6,1,0,0,1,0,0,0,0,0,0,1,1,0.36363636363636365,0,0.2727272727272727,0.08,0.38666666666666666,0.4666666666666667,0.0,0.09090909090909091,0.0,0.36,0.820069029325662,0.5774784855848725
values_87,154 ,27 ,56 ,21 ,210 ,48 ,1172.84 ,42222.32 ,0.03 ,36 ,2345.68 ,0.40 ,22,3,1,3,2,0,11,2,2,1,0,5,2,2,100.0,2,0,0,0,3,0,0,0,0,2,0,7,4,0,0,0,0,0,0,0,0,0,0,0,0,0,0,0,0,0,1,0,0,0,0,0,0,2,0,0,0,0,0,0,6,4,8,2,0,12,14,14,6,1,0,0,1,0,0,0,0,0,0,1,1,0.36363636363636365,0,0.2727272727272727,0.10714285714285714,0.5178571428571429,0.625,0.0,0.09090909090909091,0.0,0.48214285714285715,0.8763193861368493,0.7130575823491223
values_6,155 ,27 ,57 ,22 ,212 ,49 ,1190.32 ,41634.09 ,0.03 ,34.98 ,2313.01 ,0.40 ,22,3,1,3,2,0,11,2,2,1,0,5,2,2,100.0,2,0,0,0,3,0,0,0,0,2,0,7,4,0,0,0,0,0,0,0,0,0,0,0,0,0,0,0,0,0,1,0,0,0,0,0,0,2,0,0,0,0,0,0,6,4,8,2,0,12,14,14,6,1,0,0,1,0,0,0,0,0,0,1,1,0.36363636363636365,0,0.2727272727272727,0.10526315789473684,0.5087719298245614,0.6140350877192983,0.0,0.09090909090909091,0.0,0.47368421052631576,0.8733097625611431,0.7055546015767127
values_68,153 ,27 ,56 ,21 ,209 ,48 ,1167.26 ,42021.26 ,0.03 ,36 ,2334.51 ,0.40 ,22,3,1,3,2,0,11,2,2,1,0,5,2,2,100.0,2,0,0,0,3,0,0,0,0,2,0,7,3,0,0,0,0,0,0,0,0,0,0,0,0,0,0,0,0,0,1,0,0,0,0,0,0,2,0,0,0,0,0,0,6,4,8,2,0,12,14,14,6,1,0,0,1,0,0,0,0,0,0,1,1,0.36363636363636365,0,0.2727272727272727,0.10714285714285714,0.5178571428571429,0.625,0.0,0.09090909090909091,0.0,0.48214285714285715,0.8763193861368493,0.7130575823491223
values_69,177 ,27 ,72 ,37 ,249 ,64 ,1494 ,39247.78 ,0.04 ,26.27 ,2180.43 ,0.38 ,22,3,1,3,2,0,11,2,2,1,0,5,2,2,100.0,2,0,0,0,3,0,0,0,0,2,0,7,11,0,0,0,0,0,0,0,0,0,0,0,0,0,0,0,0,0,1,0,0,0,0,0,0,2,0,0,0,0,0,0,6,4,8,2,0,12,14,14,6,1,0,0,1,0,0,0,0,0,0,1,1,0.36363636363636365,0,0.2727272727272727,0.08333333333333333,0.4027777777777778,0.4861111111111111,0.0,0.09090909090909091,0.0,0.375,0.8287508038247262,0.5975409912408765
values_1,188 ,27 ,79 ,44 ,267 ,71 ,1641.98 ,39799.42 ,0.04 ,24.24 ,2211.08 ,0.39 ,22,3,1,3,2,0,11,2,2,1,0,5,2,2,100.0,2,0,0,0,3,0,0,0,0,2,0,7,15,0,0,0,0,0,0,0,0,0,0,0,0,0,0,0,0,0,1,0,0,0,0,0,0,2,0,0,0,0,0,0,6,4,8,2,0,12,14,14,6,1,0,0,1,0,0,0,0,0,0,1,1,0.36363636363636365,0,0.2727272727272727,0.0759493670886076,0.3670886075949367,0.44303797468354433,0.0,0.09090909090909091,0.0,0.34177215189873417,0.8086578498672482,0.5517377877647609
values_45,176 ,27 ,72 ,37 ,248 ,64 ,1488 ,39090.16 ,0.04 ,26.27 ,2171.68 ,0.38 ,22,3,1,3,2,0,11,2,2,1,0,5,2,2,100.0,2,0,0,0,3,0,0,0,0,2,0,7,10,0,0,0,0,0,0,0,0,0,0,0,0,0,0,0,0,0,1,0,0,0,0,0,0,2,0,0,0,0,0,0,6,4,8,2,0,12,14,14,6,1,0,0,1,0,0,0,0,0,0,1,1,0.36363636363636365,0,0.2727272727272727,0.08333333333333333,0.4027777777777778,0.4861111111111111,0.0,0.09090909090909091,0.0,0.375,0.8287508038247262,0.5975409912408765
values_33,151 ,27 ,54 ,19 ,205 ,46 ,1132.33 ,43445.72 ,0.03 ,38.37 ,2413.65 ,0.41 ,22,3,1,3,2,0,11,2,2,1,0,5,2,2,100.0,2,0,0,0,3,0,0,0,0,2,0,7,3,0,0,0,0,0,0,0,0,0,0,0,0,0,0,0,0,0,1,0,0,0,0,0,0,2,0,0,0,0,0,0,6,4,8,2,0,12,14,14,6,1,0,0,1,0,0,0,0,0,0,1,1,0.36363636363636365,0,0.2727272727272727,0.1111111111111111,0.5370370370370371,0.6481481481481481,0.0,0.09090909090909091,0.0,0.5,0.8823403436202849,0.7281055520234063
values_15,149 ,27 ,53 ,18 ,202 ,45 ,1109.35 ,44096.83 ,0.03 ,39.75 ,2449.82 ,0.42 ,22,3,1,3,2,0,11,2,2,1,0,5,2,2,100.0,2,0,0,0,3,0,0,0,0,2,0,7,2,0,0,0,0,0,0,0,0,0,0,0,0,0,0,0,0,0,1,0,0,0,0,0,0,2,0,0,0,0,0,0,6,4,8,2,0,12,14,14,6,1,0,0,1,0,0,0,0,0,0,1,1,0.36363636363636365,0,0.2727272727272727,0.11320754716981132,0.5471698113207547,0.660377358490566,0.0,0.09090909090909091,0.0,0.5094339622641509,0.8853499449230342,0.7356410783577949
values_93,150 ,27 ,53 ,18 ,203 ,45 ,1114.85 ,44315.14 ,0.03 ,39.75 ,2461.95 ,0.42 ,22,3,1,3,2,0,11,2,2,1,0,5,2,2,100.0,2,0,0,0,3,0,0,0,0,2,0,7,3,0,0,0,0,0,0,0,0,0,0,0,0,0,0,0,0,0,1,0,0,0,0,0,0,2,0,0,0,0,0,0,6,4,8,2,0,12,14,14,6,1,0,0,1,0,0,0,0,0,0,1,1,0.36363636363636365,0,0.2727272727272727,0.11320754716981132,0.5471698113207547,0.660377358490566,0.0,0.09090909090909091,0.0,0.5094339622641509,0.8853499449230342,0.7356410783577949
values_24,188 ,27 ,80 ,45 ,268 ,72 ,1653.54 ,39684.96 ,0.04 ,24 ,2204.72 ,0.39 ,22,3,1,3,2,0,11,2,2,1,0,5,2,2,100.0,2,0,0,0,3,0,0,0,0,2,0,7,14,0,0,0,0,0,0,0,0,0,0,0,0,0,0,0,0,0,1,0,0,0,0,0,0,2,0,0,0,0,0,0,6,4,8,2,0,12,14,14,6,1,0,0,1,0,0,0,0,0,0,1,1,0.36363636363636365,0,0.2727272727272727,0.075,0.3625,0.4375,0.0,0.09090909090909091,0.0,0.3375,0.8058366060635553,0.5454904062906542
values_25,151 ,27 ,55 ,20 ,206 ,47 ,1144.25 ,42480.11 ,0.03 ,37.12 ,2360.01 ,0.41 ,22,3,1,3,2,0,11,2,2,1,0,5,2,2,100.0,2,0,0,0,3,0,0,0,0,2,0,7,2,0,0,0,0,0,0,0,0,0,0,0,0,0,0,0,0,0,1,0,0,0,0,0,0,2,0,0,0,0,0,0,6,4,8,2,0,12,14,14,6,1,0,0,1,0,0,0,0,0,0,1,1,0.36363636363636365,0,0.2727272727272727,0.10909090909090909,0.5272727272727272,0.6363636363636364,0.0,0.09090909090909091,0.0,0.4909090909090909,0.8793298628248477,0.7205761187291644
values_26,176 ,27 ,70 ,35 ,246 ,62 ,1464.73 ,39547.77 ,0.04 ,27 ,2197.10 ,0.39 ,22,3,1,3,2,0,11,2,2,1,0,5,2,2,100.0,2,0,0,0,3,0,0,0,0,2,0,7,12,0,0,0,0,0,0,0,0,0,0,0,0,0,0,0,0,0,1,0,0,0,0,0,0,2,0,0,0,0,0,0,6,4,8,2,0,12,14,14,6,1,0,0,1,0,0,0,0,0,0,1,1,0.36363636363636365,0,0.2727272727272727,0.08571428571428572,0.4142857142857143,0.5,0.0,0.09090909090909091,0.0,0.38571428571428573,0.8345918366651439,0.6112538386014243
values_48,153 ,27 ,55 ,20 ,208 ,47 ,1155.35 ,42892.54 ,0.03 ,37.12 ,2382.92 ,0.41 ,22,3,1,3,2,0,11,2,2,1,0,5,2,2,100.0,2,0,0,0,3,0,0,0,0,2,0,7,4,0,0,0,0,0,0,0,0,0,0,0,0,0,0,0,0,0,1,0,0,0,0,0,0,2,0,0,0,0,0,0,6,4,8,2,0,12,14,14,6,1,0,0,1,0,0,0,0,0,0,1,1,0.36363636363636365,0,0.2727272727272727,0.10909090909090909,0.5272727272727272,0.6363636363636364,0.0,0.09090909090909091,0.0,0.4909090909090909,0.8793298628248477,0.7205761187291644
values_71,162 ,27 ,61 ,26 ,223 ,53 ,1277.33 ,40456.85 ,0.03 ,31.67 ,2247.60 ,0.39 ,22,3,1,3,2,0,11,2,2,1,0,5,2,2,100.0,2,0,0,0,3,0,0,0,0,2,0,7,7,0,0,0,0,0,0,0,0,0,0,0,0,0,0,0,0,0,1,0,0,0,0,0,0,2,0,0,0,0,0,0,6,4,8,2,0,12,14,14,6,1,0,0,1,0,0,0,0,0,0,1,1,0.36363636363636365,0,0.2727272727272727,0.09836065573770492,0.47540983606557374,0.5737704918032787,0.0,0.09090909090909091,0.0,0.4426229508196721,0.8612956275909336,0.6757859657787789
values_76,166 ,27 ,64 ,29 ,230 ,56 ,1335.69 ,39794.40 ,0.03 ,29.79 ,2210.80 ,0.39 ,22,3,1,3,2,0,11,2,2,1,0,5,2,2,100.0,2,0,0,0,3,0,0,0,0,2,0,7,8,0,0,0,0,0,0,0,0,0,0,0,0,0,0,0,0,0,1,0,0,0,0,0,0,2,0,0,0,0,0,0,6,4,8,2,0,12,14,14,6,1,0,0,1,0,0,0,0,0,0,1,1,0.36363636363636365,0,0.2727272727272727,0.09375,0.453125,0.546875,0.0,0.09090909090909091,0.0,0.421875,0.8523308146086602,0.6538273241895304
values_7,159 ,27 ,59 ,24 ,218 ,51 ,1236.59 ,41039.29 ,0.03 ,33.19 ,2279.96 ,0.40 ,22,3,1,3,2,0,11,2,2,1,0,5,2,2,100.0,2,0,0,0,3,0,0,0,0,2,0,7,6,0,0,0,0,0,0,0,0,0,0,0,0,0,0,0,0,0,1,0,0,0,0,0,0,2,0,0,0,0,0,0,6,4,8,2,0,12,14,14,6,1,0,0,1,0,0,0,0,0,0,1,1,0.36363636363636365,0,0.2727272727272727,0.1016949152542373,0.4915254237288136,0.5932203389830508,0.0,0.09090909090909091,0.0,0.4576271186440678,0.8672963041752912,0.6906131755679562
values_50,162 ,27 ,61 ,26 ,223 ,53 ,1277.33 ,40456.85 ,0.03 ,31.67 ,2247.60 ,0.39 ,22,3,1,3,2,0,11,2,2,1,0,5,2,2,100.0,2,0,0,0,3,0,0,0,0,2,0,7,7,0,0,0,0,0,0,0,0,0,0,0,0,0,0,0,0,0,1,0,0,0,0,0,0,2,0,0,0,0,0,0,6,4,8,2,0,12,14,14,6,1,0,0,1,0,0,0,0,0,0,1,1,0.36363636363636365,0,0.2727272727272727,0.09836065573770492,0.47540983606557374,0.5737704918032787,0.0,0.09090909090909091,0.0,0.4426229508196721,0.8612956275909336,0.6757859657787789
values_22,166 ,27 ,65 ,30 ,231 ,57 ,1347.40 ,39411.38 ,0.03 ,29.25 ,2189.52 ,0.39 ,22,3,1,3,2,0,11,2,2,1,0,5,2,2,100.0,2,0,0,0,3,0,0,0,0,2,0,7,7,0,0,0,0,0,0,0,0,0,0,0,0,0,0,0,0,0,1,0,0,0,0,0,0,2,0,0,0,0,0,0,6,4,8,2,0,12,14,14,6,1,0,0,1,0,0,0,0,0,0,1,1,0.36363636363636365,0,0.2727272727272727,0.09230769230769231,0.4461538461538462,0.5384615384615385,0.0,0.09090909090909091,0.0,0.4153846153846154,0.8493547661605837,0.6465971693543685
values_4,178 ,27 ,71 ,36 ,249 ,63 ,1488.34 ,39627.12 ,0.04 ,26.62 ,2201.51 ,0.39 ,22,3,1,3,2,0,11,2,2,1,0,5,2,2,100.0,2,0,0,0,3,0,0,0,0,2,0,7,13,0,0,0,0,0,0,0,0,0,0,0,0,0,0,0,0,0,1,0,0,0,0,0,0,2,0,0,0,0,0,0,6,4,8,2,0,12,14,14,6,1,0,0,1,0,0,0,0,0,0,1,1,0.36363636363636365,0,0.2727272727272727,0.08450704225352113,0.4084507042253521,0.49295774647887325,0.0,0.09090909090909091,0.0,0.38028169014084506,0.8316662755024893,0.6043648470659476
values_32,169 ,27 ,67 ,32 ,236 ,59 ,1388.30 ,39241.27 ,0.04 ,28.27 ,2180.07 ,0.38 ,22,3,1,3,2,0,11,2,2,1,0,5,2,2,100.0,2,0,0,0,3,0,0,0,0,2,0,7,8,0,0,0,0,0,0,0,0,0,0,0,0,0,0,0,0,0,1,0,0,0,0,0,0,2,0,0,0,0,0,0,6,4,8,2,0,12,14,14,6,1,0,0,1,0,0,0,0,0,0,1,1,0.36363636363636365,0,0.2727272727272727,0.08955223880597014,0.43283582089552236,0.5223880597014925,0.0,0.09090909090909091,0.0,0.40298507462686567,0.8434245347427621,0.632290022327949
values_77,149 ,27 ,52 ,17 ,201 ,44 ,1097.35 ,45313.92 ,0.02 ,41.29 ,2517.44 ,0.42 ,22,3,1,3,2,0,11,2,2,1,0,5,2,2,100.0,2,0,0,0,3,0,0,0,0,2,0,7,3,0,0,0,0,0,0,0,0,0,0,0,0,0,0,0,0,0,1,0,0,0,0,0,0,2,0,0,0,0,0,0,6,4,8,2,0,12,14,14,6,1,0,0,1,0,0,0,0,0,0,1,1,0.36363636363636365,0,0.2727272727272727,0.11538461538461539,0.5576923076923077,0.6730769230769231,0.0,0.09090909090909091,0.0,0.5192307692307693,0.8883577474297277,0.7431777561672954
values_91,158 ,27 ,58 ,23 ,216 ,50 ,1219.07 ,41501.48 ,0.03 ,34.04 ,2305.64 ,0.40 ,22,3,1,3,2,0,11,2,2,1,0,5,2,2,100.0,2,0,0,0,3,0,0,0,0,2,0,7,6,0,0,0,0,0,0,0,0,0,0,0,0,0,0,0,0,0,1,0,0,0,0,0,0,2,0,0,0,0,0,0,6,4,8,2,0,12,14,14,6,1,0,0,1,0,0,0,0,0,0,1,1,0.36363636363636365,0,0.2727272727272727,0.10344827586206896,0.5,0.603448275862069,0.0,0.09090909090909091,0.0,0.46551724137931033,0.8703018075775362,0.6980716831132715
values_42,160 ,27 ,62 ,27 ,222 ,54 ,1277.59 ,39605.14 ,0.03 ,31 ,2200.29 ,0.39 ,22,3,1,3,2,0,11,2,2,1,0,5,2,2,100.0,2,0,0,0,3,0,0,0,0,2,0,7,4,0,0,0,0,0,0,0,0,0,0,0,0,0,0,0,0,0,1,0,0,0,0,0,0,2,0,0,0,0,0,0,6,4,8,2,0,12,14,14,6,1,0,0,1,0,0,0,0,0,0,1,1,0.36363636363636365,0,0.2727272727272727,0.0967741935483871,0.46774193548387094,0.564516129032258,0.0,0.09090909090909091,0.0,0.43548387096774194,0.85830186678133,0.6684251257948038
values_13,178 ,27 ,72 ,37 ,250 ,64 ,1500 ,39405.41 ,0.04 ,26.27 ,2189.19 ,0.39 ,22,3,1,3,2,0,11,2,2,1,0,5,2,2,100.0,2,0,0,0,3,0,0,0,0,2,0,7,12,0,0,0,0,0,0,0,0,0,0,0,0,0,0,0,0,0,1,0,0,0,0,0,0,2,0,0,0,0,0,0,6,4,8,2,0,12,14,14,6,1,0,0,1,0,0,0,0,0,0,1,1,0.36363636363636365,0,0.2727272727272727,0.08333333333333333,0.4027777777777778,0.4861111111111111,0.0,0.09090909090909091,0.0,0.375,0.8287508038247262,0.5975409912408765
values_41,192 ,27 ,80 ,45 ,272 ,72 ,1678.22 ,40277.27 ,0.04 ,24 ,2237.63 ,0.39 ,22,3,1,3,2,0,11,2,2,1,0,5,2,2,100.0,2,0,0,0,3,0,0,0,0,2,0,7,18,0,0,0,0,0,0,0,0,0,0,0,0,0,0,0,0,0,1,0,0,0,0,0,0,2,0,0,0,0,0,0,6,4,8,2,0,12,14,14,6,1,0,0,1,0,0,0,0,0,0,1,1,0.36363636363636365,0,0.2727272727272727,0.075,0.3625,0.4375,0.0,0.09090909090909091,0.0,0.3375,0.8058366060635553,0.5454904062906542
values_55,184 ,27 ,77 ,42 ,261 ,69 ,1594.32 ,39459.54 ,0.04 ,24.75 ,2192.20 ,0.39 ,22,3,1,3,2,0,11,2,2,1,0,5,2,2,100.0,2,0,0,0,3,0,0,0,0,2,0,7,13,0,0,0,0,0,0,0,0,0,0,0,0,0,0,0,0,0,1,0,0,0,0,0,0,2,0,0,0,0,0,0,6,4,8,2,0,12,14,14,6,1,0,0,1,0,0,0,0,0,0,1,1,0.36363636363636365,0,0.2727272727272727,0.07792207792207792,0.37662337662337664,0.4545454545454546,0.0,0.09090909090909091,0.0,0.35064935064935066,0.8143388068582642,0.5644598129807868
values_31,148 ,27 ,52 ,17 ,200 ,44 ,1091.89 ,45088.48 ,0.02 ,41.29 ,2504.92 ,0.42 ,22,3,1,3,2,0,11,2,2,1,0,5,2,2,100.0,2,0,0,0,3,0,0,0,0,2,0,7,2,0,0,0,0,0,0,0,0,0,0,0,0,0,0,0,0,0,1,0,0,0,0,0,0,2,0,0,0,0,0,0,6,4,8,2,0,12,14,14,6,1,0,0,1,0,0,0,0,0,0,1,1,0.36363636363636365,0,0.2727272727272727,0.11538461538461539,0.5576923076923077,0.6730769230769231,0.0,0.09090909090909091,0.0,0.5192307692307693,0.8883577474297277,0.7431777561672954
values_66,190 ,27 ,82 ,47 ,272 ,74 ,1688.97 ,39780.66 ,0.04 ,23.55 ,2210.04 ,0.39 ,22,3,1,3,2,0,11,2,2,1,0,5,2,2,100.0,2,0,0,0,3,0,0,0,0,2,0,7,14,0,0,0,0,0,0,0,0,0,0,0,0,0,0,0,0,0,1,0,0,0,0,0,0,2,0,0,0,0,0,0,6,4,8,2,0,12,14,14,6,1,0,0,1,0,0,0,0,0,0,1,1,0.36363636363636365,0,0.2727272727272727,0.07317073170731707,0.35365853658536583,0.4268292682926829,0.0,0.09090909090909091,0.0,0.32926829268292684,0.8002339651940121,0.5332265262209428
values_65,152 ,27 ,54 ,19 ,206 ,46 ,1137.85 ,43657.65 ,0.03 ,38.37 ,2425.43 ,0.41 ,22,3,1,3,2,0,11,2,2,1,0,5,2,2,100.0,2,0,0,0,3,0,0,0,0,2,0,7,4,0,0,0,0,0,0,0,0,0,0,0,0,0,0,0,0,0,1,0,0,0,0,0,0,2,0,0,0,0,0,0,6,4,8,2,0,12,14,14,6,1,0,0,1,0,0,0,0,0,0,1,1,0.36363636363636365,0,0.2727272727272727,0.1111111111111111,0.5370370370370371,0.6481481481481481,0.0,0.09090909090909091,0.0,0.5,0.8823403436202849,0.7281055520234063
values_62,186 ,27 ,80 ,45 ,266 ,72 ,1641.20 ,39388.80 ,0.04 ,24 ,2188.27 ,0.39 ,22,3,1,3,2,0,11,2,2,1,0,5,2,2,100.0,2,0,0,0,3,0,0,0,0,2,0,7,12,0,0,0,0,0,0,0,0,0,0,0,0,0,0,0,0,0,1,0,0,0,0,0,0,2,0,0,0,0,0,0,6,4,8,2,0,12,14,14,6,1,0,0,1,0,0,0,0,0,0,1,1,0.36363636363636365,0,0.2727272727272727,0.075,0.3625,0.4375,0.0,0.09090909090909091,0.0,0.3375,0.8058366060635553,0.5454904062906542
values_21,183 ,27 ,79 ,44 ,262 ,71 ,1611.23 ,39054.11 ,0.04 ,24.24 ,2169.67 ,0.38 ,22,3,1,3,2,0,11,2,2,1,0,5,2,2,100.0,2,0,0,0,3,0,0,0,0,2,0,7,10,0,0,0,0,0,0,0,0,0,0,0,0,0,0,0,0,0,1,0,0,0,0,0,0,2,0,0,0,0,0,0,6,4,8,2,0,12,14,14,6,1,0,0,1,0,0,0,0,0,0,1,1,0.36363636363636365,0,0.2727272727272727,0.0759493670886076,0.3670886075949367,0.44303797468354433,0.0,0.09090909090909091,0.0,0.34177215189873417,0.8086578498672482,0.5517377877647609
values_95,160 ,27 ,59 ,24 ,219 ,51 ,1242.26 ,41227.54 ,0.03 ,33.19 ,2290.42 ,0.40 ,22,3,1,3,2,0,11,2,2,1,0,5,2,2,100.0,2,0,0,0,3,0,0,0,0,2,0,7,7,0,0,0,0,0,0,0,0,0,0,0,0,0,0,0,0,0,1,0,0,0,0,0,0,2,0,0,0,0,0,0,6,4,8,2,0,12,14,14,6,1,0,0,1,0,0,0,0,0,0,1,1,0.36363636363636365,0,0.2727272727272727,0.1016949152542373,0.4915254237288136,0.5932203389830508,0.0,0.09090909090909091,0.0,0.4576271186440678,0.8672963041752912,0.6906131755679562
values_84,169 ,27 ,68 ,33 ,237 ,60 ,1399.93 ,38943.59 ,0.04 ,27.82 ,2163.53 ,0.38 ,22,3,1,3,2,0,11,2,2,1,0,5,2,2,100.0,2,0,0,0,3,0,0,0,0,2,0,7,7,0,0,0,0,0,0,0,0,0,0,0,0,0,0,0,0,0,1,0,0,0,0,0,0,2,0,0,0,0,0,0,6,4,8,2,0,12,14,14,6,1,0,0,1,0,0,0,0,0,0,1,1,0.36363636363636365,0,0.2727272727272727,0.08823529411764706,0.4264705882352941,0.5147058823529411,0.0,0.09090909090909091,0.0,0.39705882352941174,0.8404714404030368,0.6252187592336584
values_58,159 ,27 ,59 ,24 ,218 ,51 ,1236.59 ,41039.29 ,0.03 ,33.19 ,2279.96 ,0.40 ,22,3,1,3,2,0,11,2,2,1,0,5,2,2,100.0,2,0,0,0,3,0,0,0,0,2,0,7,6,0,0,0,0,0,0,0,0,0,0,0,0,0,0,0,0,0,1,0,0,0,0,0,0,2,0,0,0,0,0,0,6,4,8,2,0,12,14,14,6,1,0,0,1,0,0,0,0,0,0,1,1,0.36363636363636365,0,0.2727272727272727,0.1016949152542373,0.4915254237288136,0.5932203389830508,0.0,0.09090909090909091,0.0,0.4576271186440678,0.8672963041752912,0.6906131755679562
values_64,159 ,27 ,60 ,25 ,219 ,52 ,1248.40 ,40448.04 ,0.03 ,32.40 ,2247.11 ,0.39 ,22,3,1,3,2,0,11,2,2,1,0,5,2,2,100.0,2,0,0,0,3,0,0,0,0,2,0,7,5,0,0,0,0,0,0,0,0,0,0,0,0,0,0,0,0,0,1,0,0,0,0,0,0,2,0,0,0,0,0,0,6,4,8,2,0,12,14,14,6,1,0,0,1,0,0,0,0,0,0,1,1,0.36363636363636365,0,0.2727272727272727,0.1,0.48333333333333334,0.5833333333333334,0.0,0.09090909090909091,0.0,0.45,0.8642940038537685,0.6831832640940858
values_83,155 ,27 ,59 ,24 ,214 ,51 ,1213.90 ,40286.27 ,0.03 ,33.19 ,2238.13 ,0.39 ,22,3,1,3,2,0,11,2,2,1,0,5,2,2,100.0,2,0,0,0,3,0,0,0,0,2,0,7,2,0,0,0,0,0,0,0,0,0,0,0,0,0,0,0,0,0,1,0,0,0,0,0,0,2,0,0,0,0,0,0,6,4,8,2,0,12,14,14,6,1,0,0,1,0,0,0,0,0,0,1,1,0.36363636363636365,0,0.2727272727272727,0.1016949152542373,0.4915254237288136,0.5932203389830508,0.0,0.09090909090909091,0.0,0.4576271186440678,0.8672963041752912,0.6906131755679562
values_94,172 ,27 ,67 ,32 ,239 ,59 ,1405.95 ,39740.10 ,0.04 ,28.27 ,2207.78 ,0.39 ,22,3,1,3,2,0,11,2,2,1,0,5,2,2,100.0,2,0,0,0,3,0,0,0,0,2,0,7,11,0,0,0,0,0,0,0,0,0,0,0,0,0,0,0,0,0,1,0,0,0,0,0,0,2,0,0,0,0,0,0,6,4,8,2,0,12,14,14,6,1,0,0,1,0,0,0,0,0,0,1,1,0.36363636363636365,0,0.2727272727272727,0.08955223880597014,0.43283582089552236,0.5223880597014925,0.0,0.09090909090909091,0.0,0.40298507462686567,0.8434245347427621,0.632290022327949
values_0,160 ,27 ,59 ,24 ,219 ,51 ,1242.26 ,41227.54 ,0.03 ,33.19 ,2290.42 ,0.40 ,22,3,1,3,2,0,11,2,2,1,0,5,2,2,100.0,2,0,0,0,3,0,0,0,0,2,0,7,7,0,0,0,0,0,0,0,0,0,0,0,0,0,0,0,0,0,1,0,0,0,0,0,0,2,0,0,0,0,0,0,6,4,8,2,0,12,14,14,6,1,0,0,1,0,0,0,0,0,0,1,1,0.36363636363636365,0,0.2727272727272727,0.1016949152542373,0.4915254237288136,0.5932203389830508,0.0,0.09090909090909091,0.0,0.4576271186440678,0.8672963041752912,0.6906131755679562
values_99,194 ,27 ,82 ,47 ,276 ,74 ,1713.81 ,40365.67 ,0.04 ,23.55 ,2242.54 ,0.39 ,22,3,1,3,2,0,11,2,2,1,0,5,2,2,100.0,2,0,0,0,3,0,0,0,0,2,0,7,18,0,0,0,0,0,0,0,0,0,0,0,0,0,0,0,0,0,1,0,0,0,0,0,0,2,0,0,0,0,0,0,6,4,8,2,0,12,14,14,6,1,0,0,1,0,0,0,0,0,0,1,1,0.36363636363636365,0,0.2727272727272727,0.07317073170731707,0.35365853658536583,0.4268292682926829,0.0,0.09090909090909091,0.0,0.32926829268292684,0.8002339651940121,0.5332265262209428
values_96,196 ,27 ,82 ,47 ,278 ,74 ,1726.23 ,40658.18 ,0.04 ,23.55 ,2258.79 ,0.39 ,22,3,1,3,2,0,11,2,2,1,0,5,2,2,100.0,2,0,0,0,3,0,0,0,0,2,0,7,20,0,0,0,0,0,0,0,0,0,0,0,0,0,0,0,0,0,1,0,0,0,0,0,0,2,0,0,0,0,0,0,6,4,8,2,0,12,14,14,6,1,0,0,1,0,0,0,0,0,0,1,1,0.36363636363636365,0,0.2727272727272727,0.07317073170731707,0.35365853658536583,0.4268292682926829,0.0,0.09090909090909091,0.0,0.32926829268292684,0.8002339651940121,0.5332265262209428
values_67,181 ,27 ,74 ,39 ,255 ,66 ,1541.32 ,39481.52 ,0.04 ,25.62 ,2193.42 ,0.39 ,22,3,1,3,2,0,11,2,2,1,0,5,2,2,100.0,2,0,0,0,3,0,0,0,0,2,0,7,13,0,0,0,0,0,0,0,0,0,0,0,0,0,0,0,0,0,1,0,0,0,0,0,0,2,0,0,0,0,0,0,6,4,8,2,0,12,14,14,6,1,0,0,1,0,0,0,0,0,0,1,1,0.36363636363636365,0,0.2727272727272727,0.08108108108108109,0.3918918918918919,0.47297297297297297,0.0,0.09090909090909091,0.0,0.36486486486486486,0.8229517903833793,0.5840961484168833
values_61,184 ,27 ,79 ,44 ,263 ,71 ,1617.38 ,39203.17 ,0.04 ,24.24 ,2177.95 ,0.38 ,22,3,1,3,2,0,11,2,2,1,0,5,2,2,100.0,2,0,0,0,3,0,0,0,0,2,0,7,11,0,0,0,0,0,0,0,0,0,0,0,0,0,0,0,0,0,1,0,0,0,0,0,0,2,0,0,0,0,0,0,6,4,8,2,0,12,14,14,6,1,0,0,1,0,0,0,0,0,0,1,1,0.36363636363636365,0,0.2727272727272727,0.0759493670886076,0.3670886075949367,0.44303797468354433,0.0,0.09090909090909091,0.0,0.34177215189873417,0.8086578498672482,0.5517377877647609
values_43,148 ,27 ,52 ,17 ,200 ,44 ,1091.89 ,45088.48 ,0.02 ,41.29 ,2504.92 ,0.42 ,22,3,1,3,2,0,11,2,2,1,0,5,2,2,100.0,2,0,0,0,3,0,0,0,0,2,0,7,2,0,0,0,0,0,0,0,0,0,0,0,0,0,0,0,0,0,1,0,0,0,0,0,0,2,0,0,0,0,0,0,6,4,8,2,0,12,14,14,6,1,0,0,1,0,0,0,0,0,0,1,1,0.36363636363636365,0,0.2727272727272727,0.11538461538461539,0.5576923076923077,0.6730769230769231,0.0,0.09090909090909091,0.0,0.5192307692307693,0.8883577474297277,0.7431777561672954
values_2,152 ,27 ,55 ,20 ,207 ,47 ,1149.80 ,42686.32 ,0.03 ,37.12 ,2371.46 ,0.41 ,22,3,1,3,2,0,11,2,2,1,0,5,2,2,100.0,2,0,0,0,3,0,0,0,0,2,0,7,3,0,0,0,0,0,0,0,0,0,0,0,0,0,0,0,0,0,1,0,0,0,0,0,0,2,0,0,0,0,0,0,6,4,8,2,0,12,14,14,6,1,0,0,1,0,0,0,0,0,0,1,1,0.36363636363636365,0,0.2727272727272727,0.10909090909090909,0.5272727272727272,0.6363636363636364,0.0,0.09090909090909091,0.0,0.4909090909090909,0.8793298628248477,0.7205761187291644
values_54,150 ,27 ,54 ,19 ,204 ,46 ,1126.81 ,43233.79 ,0.03 ,38.37 ,2401.88 ,0.41 ,22,3,1,3,2,0,11,2,2,1,0,5,2,2,100.0,2,0,0,0,3,0,0,0,0,2,0,7,2,0,0,0,0,0,0,0,0,0,0,0,0,0,0,0,0,0,1,0,0,0,0,0,0,2,0,0,0,0,0,0,6,4,8,2,0,12,14,14,6,1,0,0,1,0,0,0,0,0,0,1,1,0.36363636363636365,0,0.2727272727272727,0.1111111111111111,0.5370370370370371,0.6481481481481481,0.0,0.09090909090909091,0.0,0.5,0.8823403436202849,0.7281055520234063
values_30,171 ,27 ,68 ,33 ,239 ,60 ,1411.75 ,39272.23 ,0.04 ,27.82 ,2181.79 ,0.39 ,22,3,1,3,2,0,11,2,2,1,0,5,2,2,100.0,2,0,0,0,3,0,0,0,0,2,0,7,9,0,0,0,0,0,0,0,0,0,0,0,0,0,0,0,0,0,1,0,0,0,0,0,0,2,0,0,0,0,0,0,6,4,8,2,0,12,14,14,6,1,0,0,1,0,0,0,0,0,0,1,1,0.36363636363636365,0,0.2727272727272727,0.08823529411764706,0.4264705882352941,0.5147058823529411,0.0,0.09090909090909091,0.0,0.39705882352941174,0.8404714404030368,0.6252187592336584
values_59,158 ,27 ,58 ,23 ,216 ,50 ,1219.07 ,41501.48 ,0.03 ,34.04 ,2305.64 ,0.40 ,22,3,1,3,2,0,11,2,2,1,0,5,2,2,100.0,2,0,0,0,3,0,0,0,0,2,0,7,6,0,0,0,0,0,0,0,0,0,0,0,0,0,0,0,0,0,1,0,0,0,0,0,0,2,0,0,0,0,0,0,6,4,8,2,0,12,14,14,6,1,0,0,1,0,0,0,0,0,0,1,1,0.36363636363636365,0,0.2727272727272727,0.10344827586206896,0.5,0.603448275862069,0.0,0.09090909090909091,0.0,0.46551724137931033,0.8703018075775362,0.6980716831132715
values_85,163 ,27 ,62 ,27 ,225 ,54 ,1294.85 ,40140.34 ,0.03 ,31 ,2230.02 ,0.39 ,22,3,1,3,2,0,11,2,2,1,0,5,2,2,100.0,2,0,0,0,3,0,0,0,0,2,0,7,7,0,0,0,0,0,0,0,0,0,0,0,0,0,0,0,0,0,1,0,0,0,0,0,0,2,0,0,0,0,0,0,6,4,8,2,0,12,14,14,6,1,0,0,1,0,0,0,0,0,0,1,1,0.36363636363636365,0,0.2727272727272727,0.0967741935483871,0.46774193548387094,0.564516129032258,0.0,0.09090909090909091,0.0,0.43548387096774194,0.85830186678133,0.6684251257948038
values_74,173 ,27 ,71 ,36 ,244 ,63 ,1458.46 ,38831.40 ,0.04 ,26.62 ,2157.30 ,0.38 ,22,3,1,3,2,0,11,2,2,1,0,5,2,2,100.0,2,0,0,0,3,0,0,0,0,2,0,7,8,0,0,0,0,0,0,0,0,0,0,0,0,0,0,0,0,0,1,0,0,0,0,0,0,2,0,0,0,0,0,0,6,4,8,2,0,12,14,14,6,1,0,0,1,0,0,0,0,0,0,1,1,0.36363636363636365,0,0.2727272727272727,0.08450704225352113,0.4084507042253521,0.49295774647887325,0.0,0.09090909090909091,0.0,0.38028169014084506,0.8316662755024893,0.6043648470659476
values_90,185 ,27 ,76 ,41 ,261 ,68 ,1588.83 ,39759.45 ,0.04 ,25.02 ,2208.86 ,0.39 ,22,3,1,3,2,0,11,2,2,1,0,5,2,2,100.0,2,0,0,0,3,0,0,0,0,2,0,7,15,0,0,0,0,0,0,0,0,0,0,0,0,0,0,0,0,0,1,0,0,0,0,0,0,2,0,0,0,0,0,0,6,4,8,2,0,12,14,14,6,1,0,0,1,0,0,0,0,0,0,1,1,0.36363636363636365,0,0.2727272727272727,0.07894736842105263,0.3815789473684211,0.4605263157894737,0.0,0.09090909090909091,0.0,0.35526315789473684,0.8171979204329188,0.5709326153644634
values_18,163 ,27 ,61 ,26 ,224 ,53 ,1283.05 ,40638.27 ,0.03 ,31.67 ,2257.68 ,0.39 ,22,3,1,3,2,0,11,2,2,1,0,5,2,2,100.0,2,0,0,0,3,0,0,0,0,2,0,7,8,0,0,0,0,0,0,0,0,0,0,0,0,0,0,0,0,0,1,0,0,0,0,0,0,2,0,0,0,0,0,0,6,4,8,2,0,12,14,14,6,1,0,0,1,0,0,0,0,0,0,1,1,0.36363636363636365,0,0.2727272727272727,0.09836065573770492,0.47540983606557374,0.5737704918032787,0.0,0.09090909090909091,0.0,0.4426229508196721,0.8612956275909336,0.6757859657787789
values_52,150 ,27 ,54 ,19 ,204 ,46 ,1126.81 ,43233.79 ,0.03 ,38.37 ,2401.88 ,0.41 ,22,3,1,3,2,0,11,2,2,1,0,5,2,2,100.0,2,0,0,0,3,0,0,0,0,2,0,7,2,0,0,0,0,0,0,0,0,0,0,0,0,0,0,0,0,0,1,0,0,0,0,0,0,2,0,0,0,0,0,0,6,4,8,2,0,12,14,14,6,1,0,0,1,0,0,0,0,0,0,1,1,0.36363636363636365,0,0.2727272727272727,0.1111111111111111,0.5370370370370371,0.6481481481481481,0.0,0.09090909090909091,0.0,0.5,0.8823403436202849,0.7281055520234063
values_44,182 ,27 ,75 ,40 ,257 ,67 ,1558.98 ,39461.81 ,0.04 ,25.31 ,2192.32 ,0.39 ,22,3,1,3,2,0,11,2,2,1,0,5,2,2,100.0,2,0,0,0,3,0,0,0,0,2,0,7,13,0,0,0,0,0,0,0,0,0,0,0,0,0,0,0,0,0,1,0,0,0,0,0,0,2,0,0,0,0,0,0,6,4,8,2,0,12,14,14,6,1,0,0,1,0,0,0,0,0,0,1,1,0.36363636363636365,0,0.2727272727272727,0.08,0.38666666666666666,0.4666666666666667,0.0,0.09090909090909091,0.0,0.36,0.820069029325662,0.5774784855848725
values_17,167 ,27 ,63 ,28 ,230 ,55 ,1329.71 ,40390.02 ,0.03 ,30.38 ,2243.89 ,0.39 ,22,3,1,3,2,0,11,2,2,1,0,5,2,2,100.0,2,0,0,0,3,0,0,0,0,2,0,7,10,0,0,0,0,0,0,0,0,0,0,0,0,0,0,0,0,0,1,0,0,0,0,0,0,2,0,0,0,0,0,0,6,4,8,2,0,12,14,14,6,1,0,0,1,0,0,0,0,0,0,1,1,0.36363636363636365,0,0.2727272727272727,0.09523809523809523,0.4603174603174603,0.5555555555555556,0.0,0.09090909090909091,0.0,0.42857142857142855,0.8553133841449913,0.6611044143158957
values_36,151 ,27 ,54 ,19 ,205 ,46 ,1132.33 ,43445.72 ,0.03 ,38.37 ,2413.65 ,0.41 ,22,3,1,3,2,0,11,2,2,1,0,5,2,2,100.0,2,0,0,0,3,0,0,0,0,2,0,7,3,0,0,0,0,0,0,0,0,0,0,0,0,0,0,0,0,0,1,0,0,0,0,0,0,2,0,0,0,0,0,0,6,4,8,2,0,12,14,14,6,1,0,0,1,0,0,0,0,0,0,1,1,0.36363636363636365,0,0.2727272727272727,0.1111111111111111,0.5370370370370371,0.6481481481481481,0.0,0.09090909090909091,0.0,0.5,0.8823403436202849,0.7281055520234063
values_49,151 ,27 ,53 ,18 ,204 ,45 ,1120.34 ,44533.44 ,0.03 ,39.75 ,2474.08 ,0.42 ,22,3,1,3,2,0,11,2,2,1,0,5,2,2,100.0,2,0,0,0,3,0,0,0,0,2,0,7,4,0,0,0,0,0,0,0,0,0,0,0,0,0,0,0,0,0,1,0,0,0,0,0,0,2,0,0,0,0,0,0,6,4,8,2,0,12,14,14,6,1,0,0,1,0,0,0,0,0,0,1,1,0.36363636363636365,0,0.2727272727272727,0.11320754716981132,0.5471698113207547,0.660377358490566,0.0,0.09090909090909091,0.0,0.5094339622641509,0.8853499449230342,0.7356410783577949
values_86,167 ,27 ,64 ,29 ,231 ,56 ,1341.50 ,39967.42 ,0.03 ,29.79 ,2220.41 ,0.39 ,22,3,1,3,2,0,11,2,2,1,0,5,2,2,100.0,2,0,0,0,3,0,0,0,0,2,0,7,9,0,0,0,0,0,0,0,0,0,0,0,0,0,0,0,0,0,1,0,0,0,0,0,0,2,0,0,0,0,0,0,6,4,8,2,0,12,14,14,6,1,0,0,1,0,0,0,0,0,0,1,1,0.36363636363636365,0,0.2727272727272727,0.09375,0.453125,0.546875,0.0,0.09090909090909091,0.0,0.421875,0.8523308146086602,0.6538273241895304
values_37,189 ,27 ,81 ,46 ,270 ,73 ,1671.25 ,39728.58 ,0.04 ,23.77 ,2207.14 ,0.39 ,22,3,1,3,2,0,11,2,2,1,0,5,2,2,100.0,2,0,0,0,3,0,0,0,0,2,0,7,14,0,0,0,0,0,0,0,0,0,0,0,0,0,0,0,0,0,1,0,0,0,0,0,0,2,0,0,0,0,0,0,6,4,8,2,0,12,14,14,6,1,0,0,1,0,0,0,0,0,0,1,1,0.36363636363636365,0,0.2727272727272727,0.07407407407407407,0.35802469135802467,0.43209876543209874,0.0,0.09090909090909091,0.0,0.3333333333333333,0.803028557911154,0.5393197862299164
values_56,184 ,27 ,80 ,45 ,264 ,72 ,1628.86 ,39092.64 ,0.04 ,24 ,2171.81 ,0.38 ,22,3,1,3,2,0,11,2,2,1,0,5,2,2,100.0,2,0,0,0,3,0,0,0,0,2,0,7,10,0,0,0,0,0,0,0,0,0,0,0,0,0,0,0,0,0,1,0,0,0,0,0,0,2,0,0,0,0,0,0,6,4,8,2,0,12,14,14,6,1,0,0,1,0,0,0,0,0,0,1,1,0.36363636363636365,0,0.2727272727272727,0.075,0.3625,0.4375,0.0,0.09090909090909091,0.0,0.3375,0.8058366060635553,0.5454904062906542
values_63,159 ,27 ,60 ,25 ,219 ,52 ,1248.40 ,40448.04 ,0.03 ,32.40 ,2247.11 ,0.39 ,22,3,1,3,2,0,11,2,2,1,0,5,2,2,100.0,2,0,0,0,3,0,0,0,0,2,0,7,5,0,0,0,0,0,0,0,0,0,0,0,0,0,0,0,0,0,1,0,0,0,0,0,0,2,0,0,0,0,0,0,6,4,8,2,0,12,14,14,6,1,0,0,1,0,0,0,0,0,0,1,1,0.36363636363636365,0,0.2727272727272727,0.1,0.48333333333333334,0.5833333333333334,0.0,0.09090909090909091,0.0,0.45,0.8642940038537685,0.6831832640940858
values_35,176 ,27 ,70 ,35 ,246 ,62 ,1464.73 ,39547.77 ,0.04 ,27 ,2197.10 ,0.39 ,22,3,1,3,2,0,11,2,2,1,0,5,2,2,100.0,2,0,0,0,3,0,0,0,0,2,0,7,12,0,0,0,0,0,0,0,0,0,0,0,0,0,0,0,0,0,1,0,0,0,0,0,0,2,0,0,0,0,0,0,6,4,8,2,0,12,14,14,6,1,0,0,1,0,0,0,0,0,0,1,1,0.36363636363636365,0,0.2727272727272727,0.08571428571428572,0.4142857142857143,0.5,0.0,0.09090909090909091,0.0,0.38571428571428573,0.8345918366651439,0.6112538386014243
values_97,171 ,27 ,70 ,35 ,241 ,62 ,1434.96 ,38743.96 ,0.04 ,27 ,2152.44 ,0.38 ,22,3,1,3,2,0,11,2,2,1,0,5,2,2,100.0,2,0,0,0,3,0,0,0,0,2,0,7,7,0,0,0,0,0,0,0,0,0,0,0,0,0,0,0,0,0,1,0,0,0,0,0,0,2,0,0,0,0,0,0,6,4,8,2,0,12,14,14,6,1,0,0,1,0,0,0,0,0,0,1,1,0.36363636363636365,0,0.2727272727272727,0.08571428571428572,0.4142857142857143,0.5,0.0,0.09090909090909091,0.0,0.38571428571428573,0.8345918366651439,0.6112538386014243
values_75,168 ,27 ,67 ,32 ,235 ,59 ,1382.42 ,39075.00 ,0.04 ,28.27 ,2170.83 ,0.38 ,22,3,1,3,2,0,11,2,2,1,0,5,2,2,100.0,2,0,0,0,3,0,0,0,0,2,0,7,7,0,0,0,0,0,0,0,0,0,0,0,0,0,0,0,0,0,1,0,0,0,0,0,0,2,0,0,0,0,0,0,6,4,8,2,0,12,14,14,6,1,0,0,1,0,0,0,0,0,0,1,1,0.36363636363636365,0,0.2727272727272727,0.08955223880597014,0.43283582089552236,0.5223880597014925,0.0,0.09090909090909091,0.0,0.40298507462686567,0.8434245347427621,0.632290022327949
values_57,191 ,27 ,80 ,45 ,271 ,72 ,1672.05 ,40129.19 ,0.04 ,24 ,2229.40 ,0.39 ,22,3,1,3,2,0,11,2,2,1,0,5,2,2,100.0,2,0,0,0,3,0,0,0,0,2,0,7,17,0,0,0,0,0,0,0,0,0,0,0,0,0,0,0,0,0,1,0,0,0,0,0,0,2,0,0,0,0,0,0,6,4,8,2,0,12,14,14,6,1,0,0,1,0,0,0,0,0,0,1,1,0.36363636363636365,0,0.2727272727272727,0.075,0.3625,0.4375,0.0,0.09090909090909091,0.0,0.3375,0.8058366060635553,0.5454904062906542
values_88,153 ,27 ,55 ,20 ,208 ,47 ,1155.35 ,42892.54 ,0.03 ,37.12 ,2382.92 ,0.41 ,22,3,1,3,2,0,11,2,2,1,0,5,2,2,100.0,2,0,0,0,3,0,0,0,0,2,0,7,4,0,0,0,0,0,0,0,0,0,0,0,0,0,0,0,0,0,1,0,0,0,0,0,0,2,0,0,0,0,0,0,6,4,8,2,0,12,14,14,6,1,0,0,1,0,0,0,0,0,0,1,1,0.36363636363636365,0,0.2727272727272727,0.10909090909090909,0.5272727272727272,0.6363636363636364,0.0,0.09090909090909091,0.0,0.4909090909090909,0.8793298628248477,0.7205761187291644
values_10,185 ,27 ,77 ,42 ,262 ,69 ,1600.43 ,39610.73 ,0.04 ,24.75 ,2200.60 ,0.39 ,22,3,1,3,2,0,11,2,2,1,0,5,2,2,100.0,2,0,0,0,3,0,0,0,0,2,0,7,14,0,0,0,0,0,0,0,0,0,0,0,0,0,0,0,0,0,1,0,0,0,0,0,0,2,0,0,0,0,0,0,6,4,8,2,0,12,14,14,6,1,0,0,1,0,0,0,0,0,0,1,1,0.36363636363636365,0,0.2727272727272727,0.07792207792207792,0.37662337662337664,0.4545454545454546,0.0,0.09090909090909091,0.0,0.35064935064935066,0.8143388068582642,0.5644598129807868
values_53,180 ,27 ,74 ,39 ,254 ,66 ,1535.28 ,39326.69 ,0.04 ,25.62 ,2184.82 ,0.39 ,22,3,1,3,2,0,11,2,2,1,0,5,2,2,100.0,2,0,0,0,3,0,0,0,0,2,0,7,12,0,0,0,0,0,0,0,0,0,0,0,0,0,0,0,0,0,1,0,0,0,0,0,0,2,0,0,0,0,0,0,6,4,8,2,0,12,14,14,6,1,0,0,1,0,0,0,0,0,0,1,1,0.36363636363636365,0,0.2727272727272727,0.08108108108108109,0.3918918918918919,0.47297297297297297,0.0,0.09090909090909091,0.0,0.36486486486486486,0.8229517903833793,0.5840961484168833
values_8,199 ,27 ,82 ,47 ,281 ,74 ,1744.86 ,41096.94 ,0.04 ,23.55 ,2283.16 ,0.40 ,22,3,1,3,2,0,11,2,2,1,0,5,2,2,100.0,2,0,0,0,3,0,0,0,0,2,0,7,23,0,0,0,0,0,0,0,0,0,0,0,0,0,0,0,0,0,1,0,0,0,0,0,0,2,0,0,0,0,0,0,6,4,8,2,0,12,14,14,6,1,0,0,1,0,0,0,0,0,0,1,1,0.36363636363636365,0,0.2727272727272727,0.07317073170731707,0.35365853658536583,0.4268292682926829,0.0,0.09090909090909091,0.0,0.32926829268292684,0.8002339651940121,0.5332265262209428
values_39,174 ,27 ,68 ,33 ,242 ,60 ,1429.47 ,39765.19 ,0.04 ,27.82 ,2209.18 ,0.39 ,22,3,1,3,2,0,11,2,2,1,0,5,2,2,100.0,2,0,0,0,3,0,0,0,0,2,0,7,12,0,0,0,0,0,0,0,0,0,0,0,0,0,0,0,0,0,1,0,0,0,0,0,0,2,0,0,0,0,0,0,6,4,8,2,0,12,14,14,6,1,0,0,1,0,0,0,0,0,0,1,1,0.36363636363636365,0,0.2727272727272727,0.08823529411764706,0.4264705882352941,0.5147058823529411,0.0,0.09090909090909091,0.0,0.39705882352941174,0.8404714404030368,0.6252187592336584
values_47,165 ,27 ,65 ,30 ,230 ,57 ,1341.56 ,39240.77 ,0.03 ,29.25 ,2180.04 ,0.38 ,22,3,1,3,2,0,11,2,2,1,0,5,2,2,100.0,2,0,0,0,3,0,0,0,0,2,0,7,6,0,0,0,0,0,0,0,0,0,0,0,0,0,0,0,0,0,1,0,0,0,0,0,0,2,0,0,0,0,0,0,6,4,8,2,0,12,14,14,6,1,0,0,1,0,0,0,0,0,0,1,1,0.36363636363636365,0,0.2727272727272727,0.09230769230769231,0.4461538461538462,0.5384615384615385,0.0,0.09090909090909091,0.0,0.4153846153846154,0.8493547661605837,0.6465971693543685
values_60,171 ,27 ,66 ,31 ,237 ,58 ,1388.34 ,39903.62 ,0.03 ,28.74 ,2216.87 ,0.39 ,22,3,1,3,2,0,11,2,2,1,0,5,2,2,100.0,2,0,0,0,3,0,0,0,0,2,0,7,11,0,0,0,0,0,0,0,0,0,0,0,0,0,0,0,0,0,1,0,0,0,0,0,0,2,0,0,0,0,0,0,6,4,8,2,0,12,14,14,6,1,0,0,1,0,0,0,0,0,0,1,1,0.36363636363636365,0,0.2727272727272727,0.09090909090909091,0.4393939393939394,0.5303030303030303,0.0,0.09090909090909091,0.0,0.4090909090909091,0.8463858206800509,0.6394170839833676
values_89,175 ,27 ,69 ,34 ,244 ,61 ,1447.10 ,39646.28 ,0.04 ,27.40 ,2202.57 ,0.39 ,22,3,1,3,2,0,11,2,2,1,0,5,2,2,100.0,2,0,0,0,3,0,0,0,0,2,0,7,12,0,0,0,0,0,0,0,0,0,0,0,0,0,0,0,0,0,1,0,0,0,0,0,0,2,0,0,0,0,0,0,6,4,8,2,0,12,14,14,6,1,0,0,1,0,0,0,0,0,0,1,1,0.36363636363636365,0,0.2727272727272727,0.08695652173913043,0.42028985507246375,0.5072463768115942,0.0,0.09090909090909091,0.0,0.391304347826087,0.8375270459537894,0.6182058912934862
values_51,189 ,27 ,80 ,45 ,269 ,72 ,1659.71 ,39833.04 ,0.04 ,24 ,2212.95 ,0.39 ,22,3,1,3,2,0,11,2,2,1,0,5,2,2,100.0,2,0,0,0,3,0,0,0,0,2,0,7,15,0,0,0,0,0,0,0,0,0,0,0,0,0,0,0,0,0,1,0,0,0,0,0,0,2,0,0,0,0,0,0,6,4,8,2,0,12,14,14,6,1,0,0,1,0,0,0,0,0,0,1,1,0.36363636363636365,0,0.2727272727272727,0.075,0.3625,0.4375,0.0,0.09090909090909091,0.0,0.3375,0.8058366060635553,0.5454904062906542
values_14,178 ,27 ,69 ,34 ,247 ,61 ,1464.89 ,40133.74 ,0.04 ,27.40 ,2229.65 ,0.39 ,22,3,1,3,2,0,11,2,2,1,0,5,2,2,100.0,2,0,0,0,3,0,0,0,0,2,0,7,15,0,0,0,0,0,0,0,0,0,0,0,0,0,0,0,0,0,1,0,0,0,0,0,0,2,0,0,0,0,0,0,6,4,8,2,0,12,14,14,6,1,0,0,1,0,0,0,0,0,0,1,1,0.36363636363636365,0,0.2727272727272727,0.08695652173913043,0.42028985507246375,0.5072463768115942,0.0,0.09090909090909091,0.0,0.391304347826087,0.8375270459537894,0.6182058912934862
values_28,158 ,27 ,59 ,24 ,217 ,51 ,1230.92 ,40851.03 ,0.03 ,33.19 ,2269.50 ,0.40 ,22,3,1,3,2,0,11,2,2,1,0,5,2,2,100.0,2,0,0,0,3,0,0,0,0,2,0,7,5,0,0,0,0,0,0,0,0,0,0,0,0,0,0,0,0,0,1,0,0,0,0,0,0,2,0,0,0,0,0,0,6,4,8,2,0,12,14,14,6,1,0,0,1,0,0,0,0,0,0,1,1,0.36363636363636365,0,0.2727272727272727,0.1016949152542373,0.4915254237288136,0.5932203389830508,0.0,0.09090909090909091,0.0,0.4576271186440678,0.8672963041752912,0.6906131755679562
values_16,178 ,27 ,71 ,36 ,249 ,63 ,1488.34 ,39627.12 ,0.04 ,26.62 ,2201.51 ,0.39 ,22,3,1,3,2,0,11,2,2,1,0,5,2,2,100.0,2,0,0,0,3,0,0,0,0,2,0,7,13,0,0,0,0,0,0,0,0,0,0,0,0,0,0,0,0,0,1,0,0,0,0,0,0,2,0,0,0,0,0,0,6,4,8,2,0,12,14,14,6,1,0,0,1,0,0,0,0,0,0,1,1,0.36363636363636365,0,0.2727272727272727,0.08450704225352113,0.4084507042253521,0.49295774647887325,0.0,0.09090909090909091,0.0,0.38028169014084506,0.8316662755024893,0.6043648470659476
values_34,164 ,27 ,61 ,26 ,225 ,53 ,1288.78 ,40819.69 ,0.03 ,31.67 ,2267.76 ,0.40 ,22,3,1,3,2,0,11,2,2,1,0,5,2,2,100.0,2,0,0,0,3,0,0,0,0,2,0,7,9,0,0,0,0,0,0,0,0,0,0,0,0,0,0,0,0,0,1,0,0,0,0,0,0,2,0,0,0,0,0,0,6,4,8,2,0,12,14,14,6,1,0,0,1,0,0,0,0,0,0,1,1,0.36363636363636365,0,0.2727272727272727,0.09836065573770492,0.47540983606557374,0.5737704918032787,0.0,0.09090909090909091,0.0,0.4426229508196721,0.8612956275909336,0.6757859657787789
values_82,185 ,27 ,79 ,44 ,264 ,71 ,1623.53 ,39352.23 ,0.04 ,24.24 ,2186.24 ,0.39 ,22,3,1,3,2,0,11,2,2,1,0,5,2,2,100.0,2,0,0,0,3,0,0,0,0,2,0,7,12,0,0,0,0,0,0,0,0,0,0,0,0,0,0,0,0,0,1,0,0,0,0,0,0,2,0,0,0,0,0,0,6,4,8,2,0,12,14,14,6,1,0,0,1,0,0,0,0,0,0,1,1,0.36363636363636365,0,0.2727272727272727,0.0759493670886076,0.3670886075949367,0.44303797468354433,0.0,0.09090909090909091,0.0,0.34177215189873417,0.8086578498672482,0.5517377877647609
values_46,158 ,27 ,58 ,23 ,216 ,50 ,1219.07 ,41501.48 ,0.03 ,34.04 ,2305.64 ,0.40 ,22,3,1,3,2,0,11,2,2,1,0,5,2,2,100.0,2,0,0,0,3,0,0,0,0,2,0,7,6,0,0,0,0,0,0,0,0,0,0,0,0,0,0,0,0,0,1,0,0,0,0,0,0,2,0,0,0,0,0,0,6,4,8,2,0,12,14,14,6,1,0,0,1,0,0,0,0,0,0,1,1,0.36363636363636365,0,0.2727272727272727,0.10344827586206896,0.5,0.603448275862069,0.0,0.09090909090909091,0.0,0.46551724137931033,0.8703018075775362,0.6980716831132715
values_27,147 ,27 ,52 ,17 ,199 ,44 ,1086.43 ,44863.04 ,0.02 ,41.29 ,2492.39 ,0.42 ,22,3,1,3,2,0,11,2,2,1,0,5,2,2,100.0,2,0,0,0,3,0,0,0,0,2,0,7,1,0,0,0,0,0,0,0,0,0,0,0,0,0,0,0,0,0,1,0,0,0,0,0,0,2,0,0,0,0,0,0,6,4,8,2,0,12,14,14,6,1,0,0,1,0,0,0,0,0,0,1,1,0.36363636363636365,0,0.2727272727272727,0.11538461538461539,0.5576923076923077,0.6730769230769231,0.0,0.09090909090909091,0.0,0.5192307692307693,0.8883577474297277,0.7431777561672954
values_20,175 ,27 ,70 ,35 ,245 ,62 ,1458.78 ,39387.01 ,0.04 ,27 ,2188.17 ,0.39 ,22,3,1,3,2,0,11,2,2,1,0,5,2,2,100.0,2,0,0,0,3,0,0,0,0,2,0,7,11,0,0,0,0,0,0,0,0,0,0,0,0,0,0,0,0,0,1,0,0,0,0,0,0,2,0,0,0,0,0,0,6,4,8,2,0,12,14,14,6,1,0,0,1,0,0,0,0,0,0,1,1,0.36363636363636365,0,0.2727272727272727,0.08571428571428572,0.4142857142857143,0.5,0.0,0.09090909090909091,0.0,0.38571428571428573,0.8345918366651439,0.6112538386014243
values_9,181 ,27 ,74 ,39 ,255 ,66 ,1541.32 ,39481.52 ,0.04 ,25.62 ,2193.42 ,0.39 ,22,3,1,3,2,0,11,2,2,1,0,5,2,2,100.0,2,0,0,0,3,0,0,0,0,2,0,7,13,0,0,0,0,0,0,0,0,0,0,0,0,0,0,0,0,0,1,0,0,0,0,0,0,2,0,0,0,0,0,0,6,4,8,2,0,12,14,14,6,1,0,0,1,0,0,0,0,0,0,1,1,0.36363636363636365,0,0.2727272727272727,0.08108108108108109,0.3918918918918919,0.47297297297297297,0.0,0.09090909090909091,0.0,0.36486486486486486,0.8229517903833793,0.5840961484168833
values_92,149 ,27 ,53 ,18 ,202 ,45 ,1109.35 ,44096.83 ,0.03 ,39.75 ,2449.82 ,0.42 ,22,3,1,3,2,0,11,2,2,1,0,5,2,2,100.0,2,0,0,0,3,0,0,0,0,2,0,7,2,0,0,0,0,0,0,0,0,0,0,0,0,0,0,0,0,0,1,0,0,0,0,0,0,2,0,0,0,0,0,0,6,4,8,2,0,12,14,14,6,1,0,0,1,0,0,0,0,0,0,1,1,0.36363636363636365,0,0.2727272727272727,0.11320754716981132,0.5471698113207547,0.660377358490566,0.0,0.09090909090909091,0.0,0.5094339622641509,0.8853499449230342,0.7356410783577949
values_3,190 ,27 ,82 ,47 ,272 ,74 ,1688.97 ,39780.66 ,0.04 ,23.55 ,2210.04 ,0.39 ,22,3,1,3,2,0,11,2,2,1,0,5,2,2,100.0,2,0,0,0,3,0,0,0,0,2,0,7,14,0,0,0,0,0,0,0,0,0,0,0,0,0,0,0,0,0,1,0,0,0,0,0,0,2,0,0,0,0,0,0,6,4,8,2,0,12,14,14,6,1,0,0,1,0,0,0,0,0,0,1,1,0.36363636363636365,0,0.2727272727272727,0.07317073170731707,0.35365853658536583,0.4268292682926829,0.0,0.09090909090909091,0.0,0.32926829268292684,0.8002339651940121,0.5332265262209428
values_98,166 ,27 ,64 ,29 ,230 ,56 ,1335.69 ,39794.40 ,0.03 ,29.79 ,2210.80 ,0.39 ,22,3,1,3,2,0,11,2,2,1,0,5,2,2,100.0,2,0,0,0,3,0,0,0,0,2,0,7,8,0,0,0,0,0,0,0,0,0,0,0,0,0,0,0,0,0,1,0,0,0,0,0,0,2,0,0,0,0,0,0,6,4,8,2,0,12,14,14,6,1,0,0,1,0,0,0,0,0,0,1,1,0.36363636363636365,0,0.2727272727272727,0.09375,0.453125,0.546875,0.0,0.09090909090909091,0.0,0.421875,0.8523308146086602,0.6538273241895304
values_29,176 ,27 ,72 ,37 ,248 ,64 ,1488 ,39090.16 ,0.04 ,26.27 ,2171.68 ,0.38 ,22,3,1,3,2,0,11,2,2,1,0,5,2,2,100.0,2,0,0,0,3,0,0,0,0,2,0,7,10,0,0,0,0,0,0,0,0,0,0,0,0,0,0,0,0,0,1,0,0,0,0,0,0,2,0,0,0,0,0,0,6,4,8,2,0,12,14,14,6,1,0,0,1,0,0,0,0,0,0,1,1,0.36363636363636365,0,0.2727272727272727,0.08333333333333333,0.4027777777777778,0.4861111111111111,0.0,0.09090909090909091,0.0,0.375,0.8287508038247262,0.5975409912408765
values_80,171 ,27 ,70 ,35 ,241 ,62 ,1434.96 ,38743.96 ,0.04 ,27 ,2152.44 ,0.38 ,22,3,1,3,2,0,11,2,2,1,0,5,2,2,100.0,2,0,0,0,3,0,0,0,0,2,0,7,7,0,0,0,0,0,0,0,0,0,0,0,0,0,0,0,0,0,1,0,0,0,0,0,0,2,0,0,0,0,0,0,6,4,8,2,0,12,14,14,6,1,0,0,1,0,0,0,0,0,0,1,1,0.36363636363636365,0,0.2727272727272727,0.08571428571428572,0.4142857142857143,0.5,0.0,0.09090909090909091,0.0,0.38571428571428573,0.8345918366651439,0.6112538386014243
values_73,193 ,27 ,78 ,43 ,271 ,70 ,1661.04 ,40676.06 ,0.04 ,24.49 ,2259.78 ,0.39 ,22,3,1,3,2,0,11,2,2,1,0,5,2,2,100.0,2,0,0,0,3,0,0,0,0,2,0,7,21,0,0,0,0,0,0,0,0,0,0,0,0,0,0,0,0,0,1,0,0,0,0,0,0,2,0,0,0,0,0,0,6,4,8,2,0,12,14,14,6,1,0,0,1,0,0,0,0,0,0,1,1,0.36363636363636365,0,0.2727272727272727,0.07692307692307693,0.3717948717948718,0.44871794871794873,0.0,0.09090909090909091,0.0,0.34615384615384615,0.811492013957779,0.5580612076470005
