inputName,Total_Operators,Distinct_Operators,Total_Operands,Distinct_Operands,Program_Length,Vocabulary_Size,Program_Volume,Effort,Program_Level,Difficulty_Level,Time_To_Implement,Bugs_Delivered,Sloc,Decision_Point,Global_Variables,If,Loop,Goto,Assignment,Exit_Point,Function,Function_Call,Pointer_Dereferencing,Cyclomatic_Complexity,Syntactically_Reachable_Functions,Semantically_Reached_Functions,Coverage_Estimation,Main_Statements,==,!=,>,<,>=,<=,||,&&,++,--,=,-,*,/,%,+=,-=,*=,/=,%=,&,|,&=,^=,|=,<<,<<=,>>,>>=,+,^,~,+( ),-( ),!( ),~( ),For,While,Switch,Case,Break,Continue,Do,Char,short,int,double,float,long,signed,unsigned,[],array,struct,int8_t,uint8_t,int16_t,uint16_t,int32_t,uint32_t,int64_t,uint64_t,TARGET_TYPE,TARGET_INDEX,CFC,IOR,CR,DR_char_string,DR_int_real,DR_gpp,STR,LR,BMR,DR_bit,Agpp,Aasp
values_11,236 ,32 ,119 ,30 ,355 ,62 ,2113.74 ,134152.01 ,0.02 ,63.47 ,7452.89 ,0.87 ,60,8,1,8,5,0,27,4,4,5,0,12,4,4,100.0,2,0,0,0,7,0,1,0,1,8,0,11,8,0,1,0,1,0,0,0,0,1,0,0,0,0,0,0,0,0,6,0,0,1,0,0,0,2,3,0,0,0,0,0,6,4,8,0,0,12,14,14,14,3,0,0,0,1,1,0,0,0,0,1,4,0.35,0,0.26666666666666666,0.05042016806722689,0.2605042016806723,0.31092436974789917,0.0,0.08333333333333333,0.00423728813559322,0.2605042016806723,0.7169827870094551,0.41443303002851706
values_19,274 ,32 ,145 ,56 ,419 ,88 ,2706.50 ,112126.51 ,0.02 ,41.43 ,6229.25 ,0.78 ,60,8,1,8,5,0,27,4,4,5,0,12,4,4,100.0,2,0,0,0,7,0,1,0,1,8,0,11,20,0,1,0,1,0,0,0,0,1,0,0,0,0,0,0,0,0,6,0,0,1,0,0,0,2,3,0,0,0,0,0,6,4,8,0,0,12,14,14,14,3,0,0,0,1,1,0,0,0,0,1,4,0.35,0,0.26666666666666666,0.041379310344827586,0.21379310344827587,0.25517241379310346,0.0,0.08333333333333333,0.0036496350364963502,0.21379310344827587,0.6636239208992597,0.3292180195456392
values_12,247 ,32 ,128 ,39 ,375 ,71 ,2306.16 ,121102.71 ,0.02 ,52.51 ,6727.93 ,0.82 ,60,8,1,8,5,0,27,4,4,5,0,12,4,4,100.0,2,0,0,0,7,0,1,0,1,8,0,11,10,0,1,0,1,0,0,0,0,1,0,0,0,0,0,0,0,0,6,0,0,1,0,0,0,2,3,0,0,0,0,0,6,4,8,0,0,12,14,14,14,3,0,0,0,1,1,0,0,0,0,1,4,0.35,0,0.26666666666666666,0.046875,0.2421875,0.2890625,0.0,0.08333333333333333,0.004048582995951417,0.2421875,0.6974218222076842,0.3814351074948456
values_38,248 ,32 ,129 ,40 ,377 ,72 ,2326.06 ,120024.79 ,0.02 ,51.60 ,6668.04 ,0.81 ,60,8,1,8,5,0,27,4,4,5,0,12,4,4,100.0,2,0,0,0,7,0,1,0,1,8,0,11,10,0,1,0,1,0,0,0,0,1,0,0,0,0,0,0,0,0,6,0,0,1,0,0,0,2,3,0,0,0,0,0,6,4,8,0,0,12,14,14,14,3,0,0,0,1,1,0,0,0,0,1,4,0.35,0,0.26666666666666666,0.046511627906976744,0.24031007751937986,0.2868217054263566,0.0,0.08333333333333333,0.004032258064516129,0.24031007751937986,0.695321105168545,0.3780243444085649
values_81,239 ,32 ,121 ,32 ,360 ,64 ,2160 ,130680 ,0.02 ,60.50 ,7260 ,0.86 ,60,8,1,8,5,0,27,4,4,5,0,12,4,4,100.0,2,0,0,0,7,0,1,0,1,8,0,11,9,0,1,0,1,0,0,0,0,1,0,0,0,0,0,0,0,0,6,0,0,1,0,0,0,2,3,0,0,0,0,0,6,4,8,0,0,12,14,14,14,3,0,0,0,1,1,0,0,0,0,1,4,0.35,0,0.26666666666666666,0.049586776859504134,0.256198347107438,0.30578512396694213,0.0,0.08333333333333333,0.0041841004184100415,0.256198347107438,0.712533360942195,0.4067223908907005
values_5,246 ,32 ,125 ,36 ,371 ,68 ,2258.45 ,125469.37 ,0.02 ,55.56 ,6970.52 ,0.84 ,60,8,1,8,5,0,27,4,4,5,0,12,4,4,100.0,2,0,0,0,7,0,1,0,1,8,0,11,12,0,1,0,1,0,0,0,0,1,0,0,0,0,0,0,0,0,6,0,0,1,0,0,0,2,3,0,0,0,0,0,6,4,8,0,0,12,14,14,14,3,0,0,0,1,1,0,0,0,0,1,4,0.35,0,0.26666666666666666,0.048,0.248,0.296,0.0,0.08333333333333333,0.0040650406504065045,0.248,0.7038107351988349,0.3918986228014988
values_40,262 ,32 ,138 ,49 ,400 ,81 ,2535.94 ,114272.56 ,0.02 ,45.06 ,6348.48 ,0.78 ,60,8,1,8,5,0,27,4,4,5,0,12,4,4,100.0,2,0,0,0,7,0,1,0,1,8,0,11,15,0,1,0,1,0,0,0,0,1,0,0,0,0,0,0,0,0,6,0,0,1,0,0,0,2,3,0,0,0,0,0,6,4,8,0,0,12,14,14,14,3,0,0,0,1,1,0,0,0,0,1,4,0.35,0,0.26666666666666666,0.043478260869565216,0.2246376811594203,0.2681159420289855,0.0,0.08333333333333333,0.003816793893129771,0.2246376811594203,0.6770547837181058,0.34924963750637744
values_70,253 ,32 ,132 ,43 ,385 ,75 ,2398.10 ,117785.51 ,0.02 ,49.12 ,6543.64 ,0.80 ,60,8,1,8,5,0,27,4,4,5,0,12,4,4,100.0,2,0,0,0,7,0,1,0,1,8,0,11,12,0,1,0,1,0,0,0,0,1,0,0,0,0,0,0,0,0,6,0,0,1,0,0,0,2,3,0,0,0,0,0,6,4,8,0,0,12,14,14,14,3,0,0,0,1,1,0,0,0,0,1,4,0.35,0,0.26666666666666666,0.045454545454545456,0.23484848484848486,0.28030303030303033,0.0,0.08333333333333333,0.003952569169960474,0.23484848484848486,0.6891050030318264,0.3680170087825227
values_23,268 ,32 ,143 ,54 ,411 ,86 ,2641.19 ,111908.40 ,0.02 ,42.37 ,6217.13 ,0.77 ,60,8,1,8,5,0,27,4,4,5,0,12,4,4,100.0,2,0,0,0,7,0,1,0,1,8,0,11,16,0,1,0,1,0,0,0,0,1,0,0,0,0,0,0,0,0,6,0,0,1,0,0,0,2,3,0,0,0,0,0,6,4,8,0,0,12,14,14,14,3,0,0,0,1,1,0,0,0,0,1,4,0.35,0,0.26666666666666666,0.04195804195804196,0.21678321678321677,0.25874125874125875,0.0,0.08333333333333333,0.0037313432835820895,0.21678321678321677,0.667393635770948,0.3348076985670942
values_72,254 ,32 ,133 ,44 ,387 ,76 ,2417.95 ,116940.76 ,0.02 ,48.36 ,6496.71 ,0.80 ,60,8,1,8,5,0,27,4,4,5,0,12,4,4,100.0,2,0,0,0,7,0,1,0,1,8,0,11,12,0,1,0,1,0,0,0,0,1,0,0,0,0,0,0,0,0,6,0,0,1,0,0,0,2,3,0,0,0,0,0,6,4,8,0,0,12,14,14,14,3,0,0,0,1,1,0,0,0,0,1,4,0.35,0,0.26666666666666666,0.045112781954887216,0.23308270676691728,0.2781954887218045,0.0,0.08333333333333333,0.003937007874015748,0.23308270676691728,0.687061466631871,0.3647924626992086
values_79,260 ,32 ,136 ,47 ,396 ,79 ,2496.30 ,115573.25 ,0.02 ,46.30 ,6420.74 ,0.79 ,60,8,1,8,5,0,27,4,4,5,0,12,4,4,100.0,2,0,0,0,7,0,1,0,1,8,0,11,15,0,1,0,1,0,0,0,0,1,0,0,0,0,0,0,0,0,6,0,0,1,0,0,0,2,3,0,0,0,0,0,6,4,8,0,0,12,14,14,14,3,0,0,0,1,1,0,0,0,0,1,4,0.35,0,0.26666666666666666,0.04411764705882353,0.22794117647058823,0.27205882352941174,0.0,0.08333333333333333,0.0038461538461538464,0.22794117647058823,0.6810155132327791,0.3553039465718265
values_78,245 ,32 ,124 ,35 ,369 ,67 ,2238.39 ,126884.56 ,0.02 ,56.69 ,7049.14 ,0.84 ,60,8,1,8,5,0,27,4,4,5,0,12,4,4,100.0,2,0,0,0,7,0,1,0,1,8,0,11,12,0,1,0,1,0,0,0,0,1,0,0,0,0,0,0,0,0,6,0,0,1,0,0,0,2,3,0,0,0,0,0,6,4,8,0,0,12,14,14,14,3,0,0,0,1,1,0,0,0,0,1,4,0.35,0,0.26666666666666666,0.04838709677419355,0.25,0.29838709677419356,0.0,0.08333333333333333,0.004081632653061225,0.25,0.7059694461789598,0.3955050528100017
values_87,244 ,32 ,124 ,35 ,368 ,67 ,2232.32 ,126540.70 ,0.02 ,56.69 ,7030.04 ,0.84 ,60,8,1,8,5,0,27,4,4,5,0,12,4,4,100.0,2,0,0,0,7,0,1,0,1,8,0,11,11,0,1,0,1,0,0,0,0,1,0,0,0,0,0,0,0,0,6,0,0,1,0,0,0,2,3,0,0,0,0,0,6,4,8,0,0,12,14,14,14,3,0,0,0,1,1,0,0,0,0,1,4,0.35,0,0.26666666666666666,0.04838709677419355,0.25,0.29838709677419356,0.0,0.08333333333333333,0.004098360655737705,0.25,0.7059694461789598,0.39553493749258195
values_6,241 ,32 ,123 ,34 ,364 ,66 ,2200.16 ,127350.41 ,0.02 ,57.88 ,7075.02 ,0.84 ,60,8,1,8,5,0,27,4,4,5,0,12,4,4,100.0,2,0,0,0,7,0,1,0,1,8,0,11,9,0,1,0,1,0,0,0,0,1,0,0,0,0,0,0,0,0,6,0,0,1,0,0,0,2,3,0,0,0,0,0,6,4,8,0,0,12,14,14,14,3,0,0,0,1,1,0,0,0,0,1,4,0.35,0,0.26666666666666666,0.04878048780487805,0.25203252032520324,0.30081300813008127,0.0,0.08333333333333333,0.004149377593360996,0.25203252032520324,0.708142763204559,0.3992530143859076
values_68,262 ,32 ,138 ,49 ,400 ,81 ,2535.94 ,114272.56 ,0.02 ,45.06 ,6348.48 ,0.78 ,60,8,1,8,5,0,27,4,4,5,0,12,4,4,100.0,2,0,0,0,7,0,1,0,1,8,0,11,15,0,1,0,1,0,0,0,0,1,0,0,0,0,0,0,0,0,6,0,0,1,0,0,0,2,3,0,0,0,0,0,6,4,8,0,0,12,14,14,14,3,0,0,0,1,1,0,0,0,0,1,4,0.35,0,0.26666666666666666,0.043478260869565216,0.2246376811594203,0.2681159420289855,0.0,0.08333333333333333,0.003816793893129771,0.2246376811594203,0.6770547837181058,0.34924963750637744
values_69,229 ,32 ,115 ,25 ,344 ,57 ,2006.51 ,147679.44 ,0.01 ,73.60 ,8204.41 ,0.93 ,60,8,1,8,5,0,27,4,4,5,0,12,4,4,100.0,2,0,0,0,7,0,1,0,1,8,0,11,5,0,1,0,1,0,0,0,0,1,0,0,0,0,0,0,0,0,6,0,0,1,0,0,0,2,3,0,0,0,0,0,6,4,8,0,0,12,14,14,14,3,0,0,0,1,1,0,0,0,0,1,4,0.35,0,0.26666666666666666,0.05217391304347826,0.26956521739130435,0.3217391304347826,0.0,0.08333333333333333,0.004366812227074236,0.26956521739130435,0.7260588768494483,0.4305382308263663
values_1,237 ,32 ,121 ,32 ,358 ,64 ,2148 ,129954 ,0.02 ,60.50 ,7219.67 ,0.86 ,60,8,1,8,5,0,27,4,4,5,0,12,4,4,100.0,2,0,0,0,7,0,1,0,1,8,0,11,7,0,1,0,1,0,0,0,0,1,0,0,0,0,0,0,0,0,6,0,0,1,0,0,0,2,3,0,0,0,0,0,6,4,8,0,0,12,14,14,14,3,0,0,0,1,1,0,0,0,0,1,4,0.35,0,0.26666666666666666,0.049586776859504134,0.256198347107438,0.30578512396694213,0.0,0.08333333333333333,0.004219409282700422,0.256198347107438,0.712533360942195,0.4067850191151547
values_45,276 ,32 ,145 ,56 ,421 ,88 ,2719.42 ,112661.72 ,0.02 ,41.43 ,6258.98 ,0.78 ,60,8,1,8,5,0,27,4,4,5,0,12,4,4,100.0,2,0,0,0,7,0,1,0,1,8,0,11,22,0,1,0,1,0,0,0,0,1,0,0,0,0,0,0,0,0,6,0,0,1,0,0,0,2,3,0,0,0,0,0,6,4,8,0,0,12,14,14,14,3,0,0,0,1,1,0,0,0,0,1,4,0.35,0,0.26666666666666666,0.041379310344827586,0.21379310344827587,0.25517241379310346,0.0,0.08333333333333333,0.0036231884057971015,0.21379310344827587,0.6636239208992597,0.32916989886852593
values_33,242 ,32 ,124 ,35 ,366 ,67 ,2220.19 ,125852.98 ,0.02 ,56.69 ,6991.83 ,0.84 ,60,8,1,8,5,0,27,4,4,5,0,12,4,4,100.0,2,0,0,0,7,0,1,0,1,8,0,11,9,0,1,0,1,0,0,0,0,1,0,0,0,0,0,0,0,0,6,0,0,1,0,0,0,2,3,0,0,0,0,0,6,4,8,0,0,12,14,14,14,3,0,0,0,1,1,0,0,0,0,1,4,0.35,0,0.26666666666666666,0.04838709677419355,0.25,0.29838709677419356,0.0,0.08333333333333333,0.004132231404958678,0.25,0.7059694461789598,0.3955954461933245
values_15,272 ,32 ,144 ,55 ,416 ,87 ,2680.26 ,112278.72 ,0.02 ,41.89 ,6237.71 ,0.78 ,60,8,1,8,5,0,27,4,4,5,0,12,4,4,100.0,2,0,0,0,7,0,1,0,1,8,0,11,19,0,1,0,1,0,0,0,0,1,0,0,0,0,0,0,0,0,6,0,0,1,0,0,0,2,3,0,0,0,0,0,6,4,8,0,0,12,14,14,14,3,0,0,0,1,1,0,0,0,0,1,4,0.35,0,0.26666666666666666,0.041666666666666664,0.2152777777777778,0.2569444444444445,0.0,0.08333333333333333,0.003676470588235294,0.2152777777777778,0.6655020859767944,0.3319683995911069
values_93,260 ,32 ,134 ,45 ,394 ,77 ,2469.11 ,117639.56 ,0.02 ,47.64 ,6535.53 ,0.80 ,60,8,1,8,5,0,27,4,4,5,0,12,4,4,100.0,2,0,0,0,7,0,1,0,1,8,0,11,17,0,1,0,1,0,0,0,0,1,0,0,0,0,0,0,0,0,6,0,0,1,0,0,0,2,3,0,0,0,0,0,6,4,8,0,0,12,14,14,14,3,0,0,0,1,1,0,0,0,0,1,4,0.35,0,0.26666666666666666,0.04477611940298507,0.23134328358208955,0.27611940298507465,0.0,0.08333333333333333,0.0038461538461538464,0.23134328358208955,0.6850320810354632,0.36147606876729366
values_24,269 ,32 ,142 ,53 ,411 ,85 ,2634.26 ,112925.24 ,0.02 ,42.87 ,6273.62 ,0.78 ,60,8,1,8,5,0,27,4,4,5,0,12,4,4,100.0,2,0,0,0,7,0,1,0,1,8,0,11,18,0,1,0,1,0,0,0,0,1,0,0,0,0,0,0,0,0,6,0,0,1,0,0,0,2,3,0,0,0,0,0,6,4,8,0,0,12,14,14,14,3,0,0,0,1,1,0,0,0,0,1,4,0.35,0,0.26666666666666666,0.04225352112676056,0.21830985915492956,0.2605633802816901,0.0,0.08333333333333333,0.0037174721189591076,0.21830985915492956,0.669298646493266,0.3375603914493758
values_25,243 ,32 ,125 ,36 ,368 ,68 ,2240.19 ,124454.80 ,0.02 ,55.56 ,6914.16 ,0.83 ,60,8,1,8,5,0,27,4,4,5,0,12,4,4,100.0,2,0,0,0,7,0,1,0,1,8,0,11,9,0,1,0,1,0,0,0,0,1,0,0,0,0,0,0,0,0,6,0,0,1,0,0,0,2,3,0,0,0,0,0,6,4,8,0,0,12,14,14,14,3,0,0,0,1,1,0,0,0,0,1,4,0.35,0,0.26666666666666666,0.048,0.248,0.296,0.0,0.08333333333333333,0.00411522633744856,0.248,0.7038107351988349,0.39198846307921625
values_26,273 ,32 ,144 ,55 ,417 ,87 ,2686.71 ,112548.62 ,0.02 ,41.89 ,6252.70 ,0.78 ,60,8,1,8,5,0,27,4,4,5,0,12,4,4,100.0,2,0,0,0,7,0,1,0,1,8,0,11,20,0,1,0,1,0,0,0,0,1,0,0,0,0,0,0,0,0,6,0,0,1,0,0,0,2,3,0,0,0,0,0,6,4,8,0,0,12,14,14,14,3,0,0,0,1,1,0,0,0,0,1,4,0.35,0,0.26666666666666666,0.041666666666666664,0.2152777777777778,0.2569444444444445,0.0,0.08333333333333333,0.003663003663003663,0.2152777777777778,0.6655020859767944,0.33194389403557595
values_48,261 ,32 ,141 ,52 ,402 ,84 ,2569.71 ,111485.95 ,0.02 ,43.38 ,6193.66 ,0.77 ,60,8,1,8,5,0,27,4,4,5,0,12,4,4,100.0,2,0,0,0,7,0,1,0,1,8,0,11,11,0,1,0,1,0,0,0,0,1,0,0,0,0,0,0,0,0,6,0,0,1,0,0,0,2,3,0,0,0,0,0,6,4,8,0,0,12,14,14,14,3,0,0,0,1,1,0,0,0,0,1,4,0.35,0,0.26666666666666666,0.0425531914893617,0.2198581560283688,0.2624113475177305,0.0,0.08333333333333333,0.0038314176245210726,0.2198581560283688,0.6712171932809473,0.3405847115241163
values_71,276 ,32 ,144 ,55 ,420 ,87 ,2706.04 ,113358.32 ,0.02 ,41.89 ,6297.68 ,0.78 ,60,8,1,8,5,0,27,4,4,5,0,12,4,4,100.0,2,0,0,0,7,0,1,0,1,8,0,11,23,0,1,0,1,0,0,0,0,1,0,0,0,0,0,0,0,0,6,0,0,1,0,0,0,2,3,0,0,0,0,0,6,4,8,0,0,12,14,14,14,3,0,0,0,1,1,0,0,0,0,1,4,0.35,0,0.26666666666666666,0.041666666666666664,0.2152777777777778,0.2569444444444445,0.0,0.08333333333333333,0.0036231884057971015,0.2152777777777778,0.6655020859767944,0.33187144288252235
values_76,262 ,32 ,141 ,52 ,403 ,84 ,2576.10 ,111763.28 ,0.02 ,43.38 ,6209.07 ,0.77 ,60,8,1,8,5,0,27,4,4,5,0,12,4,4,100.0,2,0,0,0,7,0,1,0,1,8,0,11,12,0,1,0,1,0,0,0,0,1,0,0,0,0,0,0,0,0,6,0,0,1,0,0,0,2,3,0,0,0,0,0,6,4,8,0,0,12,14,14,14,3,0,0,0,1,1,0,0,0,0,1,4,0.35,0,0.26666666666666666,0.0425531914893617,0.2198581560283688,0.2624113475177305,0.0,0.08333333333333333,0.003816793893129771,0.2198581560283688,0.6712171932809473,0.34055810715984786
values_7,254 ,32 ,131 ,42 ,385 ,74 ,2390.64 ,119304.30 ,0.02 ,49.90 ,6628.02 ,0.81 ,60,8,1,8,5,0,27,4,4,5,0,12,4,4,100.0,2,0,0,0,7,0,1,0,1,8,0,11,14,0,1,0,1,0,0,0,0,1,0,0,0,0,0,0,0,0,6,0,0,1,0,0,0,2,3,0,0,0,0,0,6,4,8,0,0,12,14,14,14,3,0,0,0,1,1,0,0,0,0,1,4,0.35,0,0.26666666666666666,0.04580152671755725,0.2366412213740458,0.2824427480916031,0.0,0.08333333333333333,0.003937007874015748,0.2366412213740458,0.6911627500831151,0.37123058618267185
values_50,233 ,32 ,117 ,28 ,350 ,60 ,2067.41 ,138221.24 ,0.01 ,66.86 ,7678.96 ,0.89 ,60,8,1,8,5,0,27,4,4,5,0,12,4,4,100.0,2,0,0,0,7,0,1,0,1,8,0,11,7,0,1,0,1,0,0,0,0,1,0,0,0,0,0,0,0,0,6,0,0,1,0,0,0,2,3,0,0,0,0,0,6,4,8,0,0,12,14,14,14,3,0,0,0,1,1,0,0,0,0,1,4,0.35,0,0.26666666666666666,0.05128205128205128,0.26495726495726496,0.3162393162393162,0.0,0.08333333333333333,0.004291845493562232,0.26495726495726496,0.721491244666463,0.4223591108647529
values_22,249 ,32 ,132 ,43 ,381 ,75 ,2373.18 ,116561.77 ,0.02 ,49.12 ,6475.65 ,0.80 ,60,8,1,8,5,0,27,4,4,5,0,12,4,4,100.0,2,0,0,0,7,0,1,0,1,8,0,11,8,0,1,0,1,0,0,0,0,1,0,0,0,0,0,0,0,0,6,0,0,1,0,0,0,2,3,0,0,0,0,0,6,4,8,0,0,12,14,14,14,3,0,0,0,1,1,0,0,0,0,1,4,0.35,0,0.26666666666666666,0.045454545454545456,0.23484848484848486,0.28030303030303033,0.0,0.08333333333333333,0.004016064257028112,0.23484848484848486,0.6891050030318264,0.3681318846325154
values_4,238 ,32 ,122 ,33 ,360 ,65 ,2168.05 ,128243.59 ,0.02 ,59.15 ,7124.64 ,0.85 ,60,8,1,8,5,0,27,4,4,5,0,12,4,4,100.0,2,0,0,0,7,0,1,0,1,8,0,11,7,0,1,0,1,0,0,0,0,1,0,0,0,0,0,0,0,0,6,0,0,1,0,0,0,2,3,0,0,0,0,0,6,4,8,0,0,12,14,14,14,3,0,0,0,1,1,0,0,0,0,1,4,0.35,0,0.26666666666666666,0.04918032786885246,0.2540983606557377,0.30327868852459017,0.0,0.08333333333333333,0.004201680672268907,0.2540983606557377,0.7103307234539381,0.40302405316640405
values_32,253 ,32 ,132 ,43 ,385 ,75 ,2398.10 ,117785.51 ,0.02 ,49.12 ,6543.64 ,0.80 ,60,8,1,8,5,0,27,4,4,5,0,12,4,4,100.0,2,0,0,0,7,0,1,0,1,8,0,11,12,0,1,0,1,0,0,0,0,1,0,0,0,0,0,0,0,0,6,0,0,1,0,0,0,2,3,0,0,0,0,0,6,4,8,0,0,12,14,14,14,3,0,0,0,1,1,0,0,0,0,1,4,0.35,0,0.26666666666666666,0.045454545454545456,0.23484848484848486,0.28030303030303033,0.0,0.08333333333333333,0.003952569169960474,0.23484848484848486,0.6891050030318264,0.3680170087825227
values_77,230 ,32 ,115 ,25 ,345 ,57 ,2012.35 ,148108.74 ,0.01 ,73.60 ,8228.26 ,0.93 ,60,8,1,8,5,0,27,4,4,5,0,12,4,4,100.0,2,0,0,0,7,0,1,0,1,8,0,11,6,0,1,0,1,0,0,0,0,1,0,0,0,0,0,0,0,0,6,0,0,1,0,0,0,2,3,0,0,0,0,0,6,4,8,0,0,12,14,14,14,3,0,0,0,1,1,0,0,0,0,1,4,0.35,0,0.26666666666666666,0.05217391304347826,0.26956521739130435,0.3217391304347826,0.0,0.08333333333333333,0.004347826086956522,0.26956521739130435,0.7260588768494483,0.43050518909685104
values_91,264 ,32 ,135 ,46 ,399 ,78 ,2507.88 ,117761.11 ,0.02 ,46.96 ,6542.28 ,0.80 ,60,8,1,8,5,0,27,4,4,5,0,12,4,4,100.0,2,0,0,0,7,0,1,0,1,8,0,11,20,0,1,0,1,0,0,0,0,1,0,0,0,0,0,0,0,0,6,0,0,1,0,0,0,2,3,0,0,0,0,0,6,4,8,0,0,12,14,14,14,3,0,0,0,1,1,0,0,0,0,1,4,0.35,0,0.26666666666666666,0.044444444444444446,0.22962962962962963,0.2740740740740741,0.0,0.08333333333333333,0.003787878787878788,0.22962962962962963,0.6830167844486942,0.3582625665991783
values_42,244 ,32 ,126 ,37 ,370 ,69 ,2260.15 ,123147.85 ,0.02 ,54.49 ,6841.55 ,0.83 ,60,8,1,8,5,0,27,4,4,5,0,12,4,4,100.0,2,0,0,0,7,0,1,0,1,8,0,11,9,0,1,0,1,0,0,0,0,1,0,0,0,0,0,0,0,0,6,0,0,1,0,0,0,2,3,0,0,0,0,0,6,4,8,0,0,12,14,14,14,3,0,0,0,1,1,0,0,0,0,1,4,0.35,0,0.26666666666666666,0.047619047619047616,0.24603174603174602,0.2936507936507936,0.0,0.08333333333333333,0.004098360655737705,0.24603174603174602,0.7016665900625549,0.38843143718118134
values_13,241 ,32 ,123 ,34 ,364 ,66 ,2200.16 ,127350.41 ,0.02 ,57.88 ,7075.02 ,0.84 ,60,8,1,8,5,0,27,4,4,5,0,12,4,4,100.0,2,0,0,0,7,0,1,0,1,8,0,11,9,0,1,0,1,0,0,0,0,1,0,0,0,0,0,0,0,0,6,0,0,1,0,0,0,2,3,0,0,0,0,0,6,4,8,0,0,12,14,14,14,3,0,0,0,1,1,0,0,0,0,1,4,0.35,0,0.26666666666666666,0.04878048780487805,0.25203252032520324,0.30081300813008127,0.0,0.08333333333333333,0.004149377593360996,0.25203252032520324,0.708142763204559,0.3992530143859076
values_41,248 ,32 ,127 ,38 ,375 ,70 ,2298.48 ,122908.25 ,0.02 ,53.47 ,6828.24 ,0.82 ,60,8,1,8,5,0,27,4,4,5,0,12,4,4,100.0,2,0,0,0,7,0,1,0,1,8,0,11,12,0,1,0,1,0,0,0,0,1,0,0,0,0,0,0,0,0,6,0,0,1,0,0,0,2,3,0,0,0,0,0,6,4,8,0,0,12,14,14,14,3,0,0,0,1,1,0,0,0,0,1,4,0.35,0,0.26666666666666666,0.047244094488188976,0.2440944881889764,0.2913385826771654,0.0,0.08333333333333333,0.004032258064516129,0.2440944881889764,0.6995369676807492,0.384835021953507
values_55,236 ,32 ,121 ,32 ,357 ,64 ,2142 ,129591 ,0.02 ,60.50 ,7199.50 ,0.85 ,60,8,1,8,5,0,27,4,4,5,0,12,4,4,100.0,2,0,0,0,7,0,1,0,1,8,0,11,6,0,1,0,1,0,0,0,0,1,0,0,0,0,0,0,0,0,6,0,0,1,0,0,0,2,3,0,0,0,0,0,6,4,8,0,0,12,14,14,14,3,0,0,0,1,1,0,0,0,0,1,4,0.35,0,0.26666666666666666,0.049586776859504134,0.256198347107438,0.30578512396694213,0.0,0.08333333333333333,0.00423728813559322,0.256198347107438,0.712533360942195,0.4068167302544099
values_31,245 ,32 ,124 ,35 ,369 ,67 ,2238.39 ,126884.56 ,0.02 ,56.69 ,7049.14 ,0.84 ,60,8,1,8,5,0,27,4,4,5,0,12,4,4,100.0,2,0,0,0,7,0,1,0,1,8,0,11,12,0,1,0,1,0,0,0,0,1,0,0,0,0,0,0,0,0,6,0,0,1,0,0,0,2,3,0,0,0,0,0,6,4,8,0,0,12,14,14,14,3,0,0,0,1,1,0,0,0,0,1,4,0.35,0,0.26666666666666666,0.04838709677419355,0.25,0.29838709677419356,0.0,0.08333333333333333,0.004081632653061225,0.25,0.7059694461789598,0.3955050528100017
values_66,242 ,32 ,123 ,34 ,365 ,66 ,2206.20 ,127700.27 ,0.02 ,57.88 ,7094.46 ,0.85 ,60,8,1,8,5,0,27,4,4,5,0,12,4,4,100.0,2,0,0,0,7,0,1,0,1,8,0,11,10,0,1,0,1,0,0,0,0,1,0,0,0,0,0,0,0,0,6,0,0,1,0,0,0,2,3,0,0,0,0,0,6,4,8,0,0,12,14,14,14,3,0,0,0,1,1,0,0,0,0,1,4,0.35,0,0.26666666666666666,0.04878048780487805,0.25203252032520324,0.30081300813008127,0.0,0.08333333333333333,0.004132231404958678,0.25203252032520324,0.708142763204559,0.3992224513765332
values_65,235 ,32 ,119 ,30 ,354 ,62 ,2107.79 ,133774.12 ,0.02 ,63.47 ,7431.90 ,0.87 ,60,8,1,8,5,0,27,4,4,5,0,12,4,4,100.0,2,0,0,0,7,0,1,0,1,8,0,11,7,0,1,0,1,0,0,0,0,1,0,0,0,0,0,0,0,0,6,0,0,1,0,0,0,2,3,0,0,0,0,0,6,4,8,0,0,12,14,14,14,3,0,0,0,1,1,0,0,0,0,1,4,0.35,0,0.26666666666666666,0.05042016806722689,0.2605042016806723,0.31092436974789917,0.0,0.08333333333333333,0.00425531914893617,0.2605042016806723,0.7169827870094551,0.4144648338467772
values_62,276 ,32 ,145 ,56 ,421 ,88 ,2719.42 ,112661.72 ,0.02 ,41.43 ,6258.98 ,0.78 ,60,8,1,8,5,0,27,4,4,5,0,12,4,4,100.0,2,0,0,0,7,0,1,0,1,8,0,11,22,0,1,0,1,0,0,0,0,1,0,0,0,0,0,0,0,0,6,0,0,1,0,0,0,2,3,0,0,0,0,0,6,4,8,0,0,12,14,14,14,3,0,0,0,1,1,0,0,0,0,1,4,0.35,0,0.26666666666666666,0.041379310344827586,0.21379310344827587,0.25517241379310346,0.0,0.08333333333333333,0.0036231884057971015,0.21379310344827587,0.6636239208992597,0.32916989886852593
values_21,239 ,32 ,122 ,33 ,361 ,65 ,2174.07 ,128599.82 ,0.02 ,59.15 ,7144.43 ,0.85 ,60,8,1,8,5,0,27,4,4,5,0,12,4,4,100.0,2,0,0,0,7,0,1,0,1,8,0,11,8,0,1,0,1,0,0,0,0,1,0,0,0,0,0,0,0,0,6,0,0,1,0,0,0,2,3,0,0,0,0,0,6,4,8,0,0,12,14,14,14,3,0,0,0,1,1,0,0,0,0,1,4,0.35,0,0.26666666666666666,0.04918032786885246,0.2540983606557377,0.30327868852459017,0.0,0.08333333333333333,0.0041841004184100415,0.2540983606557377,0.7103307234539381,0.40299279185428555
values_95,255 ,32 ,130 ,41 ,385 ,73 ,2383.08 ,120897.84 ,0.02 ,50.73 ,6716.55 ,0.82 ,60,8,1,8,5,0,27,4,4,5,0,12,4,4,100.0,2,0,0,0,7,0,1,0,1,8,0,11,16,0,1,0,1,0,0,0,0,1,0,0,0,0,0,0,0,0,6,0,0,1,0,0,0,2,3,0,0,0,0,0,6,4,8,0,0,12,14,14,14,3,0,0,0,1,1,0,0,0,0,1,4,0.35,0,0.26666666666666666,0.046153846153846156,0.23846153846153847,0.2846153846153846,0.0,0.08333333333333333,0.00392156862745098,0.23846153846153847,0.6932347655827086,0.37449043698539386
values_84,241 ,32 ,125 ,36 ,366 ,68 ,2228.01 ,123778.41 ,0.02 ,55.56 ,6876.58 ,0.83 ,60,8,1,8,5,0,27,4,4,5,0,12,4,4,100.0,2,0,0,0,7,0,1,0,1,8,0,11,7,0,1,0,1,0,0,0,0,1,0,0,0,0,0,0,0,0,6,0,0,1,0,0,0,2,3,0,0,0,0,0,6,4,8,0,0,12,14,14,14,3,0,0,0,1,1,0,0,0,0,1,4,0.35,0,0.26666666666666666,0.048,0.248,0.296,0.0,0.08333333333333333,0.004149377593360996,0.248,0.7038107351988349,0.3920495966421722
values_58,249 ,32 ,128 ,39 ,377 ,71 ,2318.45 ,121748.59 ,0.02 ,52.51 ,6763.81 ,0.82 ,60,8,1,8,5,0,27,4,4,5,0,12,4,4,100.0,2,0,0,0,7,0,1,0,1,8,0,11,12,0,1,0,1,0,0,0,0,1,0,0,0,0,0,0,0,0,6,0,0,1,0,0,0,2,3,0,0,0,0,0,6,4,8,0,0,12,14,14,14,3,0,0,0,1,1,0,0,0,0,1,4,0.35,0,0.26666666666666666,0.046875,0.2421875,0.2890625,0.0,0.08333333333333333,0.004016064257028112,0.2421875,0.6974218222076842,0.3813765828935234
values_64,262 ,32 ,141 ,52 ,403 ,84 ,2576.10 ,111763.28 ,0.02 ,43.38 ,6209.07 ,0.77 ,60,8,1,8,5,0,27,4,4,5,0,12,4,4,100.0,2,0,0,0,7,0,1,0,1,8,0,11,12,0,1,0,1,0,0,0,0,1,0,0,0,0,0,0,0,0,6,0,0,1,0,0,0,2,3,0,0,0,0,0,6,4,8,0,0,12,14,14,14,3,0,0,0,1,1,0,0,0,0,1,4,0.35,0,0.26666666666666666,0.0425531914893617,0.2198581560283688,0.2624113475177305,0.0,0.08333333333333333,0.003816793893129771,0.2198581560283688,0.6712171932809473,0.34055810715984786
values_83,267 ,32 ,145 ,56 ,412 ,88 ,2661.29 ,110253.27 ,0.02 ,41.43 ,6125.18 ,0.77 ,60,8,1,8,5,0,27,4,4,5,0,12,4,4,100.0,2,0,0,0,7,0,1,0,1,8,0,11,13,0,1,0,1,0,0,0,0,1,0,0,0,0,0,0,0,0,6,0,0,1,0,0,0,2,3,0,0,0,0,0,6,4,8,0,0,12,14,14,14,3,0,0,0,1,1,0,0,0,0,1,4,0.35,0,0.26666666666666666,0.041379310344827586,0.21379310344827587,0.25517241379310346,0.0,0.08333333333333333,0.003745318352059925,0.21379310344827587,0.6636239208992597,0.3293921198863957
values_94,275 ,32 ,145 ,56 ,420 ,88 ,2712.96 ,112394.11 ,0.02 ,41.43 ,6244.12 ,0.78 ,60,8,1,8,5,0,27,4,4,5,0,12,4,4,100.0,2,0,0,0,7,0,1,0,1,8,0,11,21,0,1,0,1,0,0,0,0,1,0,0,0,0,0,0,0,0,6,0,0,1,0,0,0,2,3,0,0,0,0,0,6,4,8,0,0,12,14,14,14,3,0,0,0,1,1,0,0,0,0,1,4,0.35,0,0.26666666666666666,0.041379310344827586,0.21379310344827587,0.25517241379310346,0.0,0.08333333333333333,0.0036363636363636364,0.21379310344827587,0.6636239208992597,0.3291938717025975
values_0,264 ,32 ,139 ,50 ,403 ,82 ,2562.09 ,113961.92 ,0.02 ,44.48 ,6331.22 ,0.78 ,60,8,1,8,5,0,27,4,4,5,0,12,4,4,100.0,2,0,0,0,7,0,1,0,1,8,0,11,16,0,1,0,1,0,0,0,0,1,0,0,0,0,0,0,0,0,6,0,0,1,0,0,0,2,3,0,0,0,0,0,6,4,8,0,0,12,14,14,14,3,0,0,0,1,1,0,0,0,0,1,4,0.35,0,0.26666666666666666,0.04316546762589928,0.22302158273381295,0.26618705035971224,0.0,0.08333333333333333,0.003787878787878788,0.22302158273381295,0.6750951897822234,0.3462591788910327
values_99,245 ,32 ,126 ,37 ,371 ,69 ,2266.26 ,123480.69 ,0.02 ,54.49 ,6860.04 ,0.83 ,60,8,1,8,5,0,27,4,4,5,0,12,4,4,100.0,2,0,0,0,7,0,1,0,1,8,0,11,10,0,1,0,1,0,0,0,0,1,0,0,0,0,0,0,0,0,6,0,0,1,0,0,0,2,3,0,0,0,0,0,6,4,8,0,0,12,14,14,14,3,0,0,0,1,1,0,0,0,0,1,4,0.35,0,0.26666666666666666,0.047619047619047616,0.24603174603174602,0.2936507936507936,0.0,0.08333333333333333,0.004081632653061225,0.24603174603174602,0.7016665900625549,0.38840143454390685
values_96,247 ,32 ,127 ,38 ,374 ,70 ,2292.35 ,122580.50 ,0.02 ,53.47 ,6810.03 ,0.82 ,60,8,1,8,5,0,27,4,4,5,0,12,4,4,100.0,2,0,0,0,7,0,1,0,1,8,0,11,11,0,1,0,1,0,0,0,0,1,0,0,0,0,0,0,0,0,6,0,0,1,0,0,0,2,3,0,0,0,0,0,6,4,8,0,0,12,14,14,14,3,0,0,0,1,1,0,0,0,0,1,4,0.35,0,0.26666666666666666,0.047244094488188976,0.2440944881889764,0.2913385826771654,0.0,0.08333333333333333,0.004048582995951417,0.2440944881889764,0.6995369676807492,0.38486435446328937
values_67,240 ,32 ,121 ,32 ,361 ,64 ,2166 ,131043 ,0.02 ,60.50 ,7280.17 ,0.86 ,60,8,1,8,5,0,27,4,4,5,0,12,4,4,100.0,2,0,0,0,7,0,1,0,1,8,0,11,10,0,1,0,1,0,0,0,0,1,0,0,0,0,0,0,0,0,6,0,0,1,0,0,0,2,3,0,0,0,0,0,6,4,8,0,0,12,14,14,14,3,0,0,0,1,1,0,0,0,0,1,4,0.35,0,0.26666666666666666,0.049586776859504134,0.256198347107438,0.30578512396694213,0.0,0.08333333333333333,0.004166666666666667,0.256198347107438,0.712533360942195,0.40669146720582416
values_61,269 ,32 ,140 ,51 ,409 ,83 ,2607.39 ,114520.71 ,0.02 ,43.92 ,6362.26 ,0.79 ,60,8,1,8,5,0,27,4,4,5,0,12,4,4,100.0,2,0,0,0,7,0,1,0,1,8,0,11,20,0,1,0,1,0,0,0,0,1,0,0,0,0,0,0,0,0,6,0,0,1,0,0,0,2,3,0,0,0,0,0,6,4,8,0,0,12,14,14,14,3,0,0,0,1,1,0,0,0,0,1,4,0.35,0,0.26666666666666666,0.04285714285714286,0.22142857142857142,0.2642857142857143,0.0,0.08333333333333333,0.0037174721189591076,0.22142857142857142,0.6731493501227542,0.34323413223089677
values_43,244 ,32 ,123 ,34 ,367 ,66 ,2218.29 ,128400.00 ,0.02 ,57.88 ,7133.33 ,0.85 ,60,8,1,8,5,0,27,4,4,5,0,12,4,4,100.0,2,0,0,0,7,0,1,0,1,8,0,11,12,0,1,0,1,0,0,0,0,1,0,0,0,0,0,0,0,0,6,0,0,1,0,0,0,2,3,0,0,0,0,0,6,4,8,0,0,12,14,14,14,3,0,0,0,1,1,0,0,0,0,1,4,0.35,0,0.26666666666666666,0.04878048780487805,0.25203252032520324,0.30081300813008127,0.0,0.08333333333333333,0.004098360655737705,0.25203252032520324,0.708142763204559,0.3991620752012528
values_2,265 ,32 ,140 ,51 ,405 ,83 ,2581.89 ,113400.70 ,0.02 ,43.92 ,6300.04 ,0.78 ,60,8,1,8,5,0,27,4,4,5,0,12,4,4,100.0,2,0,0,0,7,0,1,0,1,8,0,11,16,0,1,0,1,0,0,0,0,1,0,0,0,0,0,0,0,0,6,0,0,1,0,0,0,2,3,0,0,0,0,0,6,4,8,0,0,12,14,14,14,3,0,0,0,1,1,0,0,0,0,1,4,0.35,0,0.26666666666666666,0.04285714285714286,0.22142857142857142,0.2642857142857143,0.0,0.08333333333333333,0.0037735849056603774,0.22142857142857142,0.6731493501227542,0.343336193115729
values_54,271 ,32 ,145 ,56 ,416 ,88 ,2687.12 ,111323.69 ,0.02 ,41.43 ,6184.65 ,0.77 ,60,8,1,8,5,0,27,4,4,5,0,12,4,4,100.0,2,0,0,0,7,0,1,0,1,8,0,11,17,0,1,0,1,0,0,0,0,1,0,0,0,0,0,0,0,0,6,0,0,1,0,0,0,2,3,0,0,0,0,0,6,4,8,0,0,12,14,14,14,3,0,0,0,1,1,0,0,0,0,1,4,0.35,0,0.26666666666666666,0.041379310344827586,0.21379310344827587,0.25517241379310346,0.0,0.08333333333333333,0.0036900369003690036,0.21379310344827587,0.6636239208992597,0.3292915325035981
values_30,238 ,32 ,121 ,32 ,359 ,64 ,2154 ,130317 ,0.02 ,60.50 ,7239.83 ,0.86 ,60,8,1,8,5,0,27,4,4,5,0,12,4,4,100.0,2,0,0,0,7,0,1,0,1,8,0,11,8,0,1,0,1,0,0,0,0,1,0,0,0,0,0,0,0,0,6,0,0,1,0,0,0,2,3,0,0,0,0,0,6,4,8,0,0,12,14,14,14,3,0,0,0,1,1,0,0,0,0,1,4,0.35,0,0.26666666666666666,0.049586776859504134,0.256198347107438,0.30578512396694213,0.0,0.08333333333333333,0.004201680672268907,0.256198347107438,0.712533360942195,0.4067535737697489
values_59,267 ,32 ,141 ,52 ,408 ,84 ,2608.07 ,113149.92 ,0.02 ,43.38 ,6286.11 ,0.78 ,60,8,1,8,5,0,27,4,4,5,0,12,4,4,100.0,2,0,0,0,7,0,1,0,1,8,0,11,17,0,1,0,1,0,0,0,0,1,0,0,0,0,0,0,0,0,6,0,0,1,0,0,0,2,3,0,0,0,0,0,6,4,8,0,0,12,14,14,14,3,0,0,0,1,1,0,0,0,0,1,4,0.35,0,0.26666666666666666,0.0425531914893617,0.2198581560283688,0.2624113475177305,0.0,0.08333333333333333,0.003745318352059925,0.2198581560283688,0.6712171932809473,0.34042807389223195
values_85,269 ,32 ,143 ,54 ,412 ,86 ,2647.62 ,112180.69 ,0.02 ,42.37 ,6232.26 ,0.78 ,60,8,1,8,5,0,27,4,4,5,0,12,4,4,100.0,2,0,0,0,7,0,1,0,1,8,0,11,17,0,1,0,1,0,0,0,0,1,0,0,0,0,0,0,0,0,6,0,0,1,0,0,0,2,3,0,0,0,0,0,6,4,8,0,0,12,14,14,14,3,0,0,0,1,1,0,0,0,0,1,4,0.35,0,0.26666666666666666,0.04195804195804196,0.21678321678321677,0.25874125874125875,0.0,0.08333333333333333,0.0037174721189591076,0.21678321678321677,0.667393635770948,0.3347824573333735
values_74,265 ,32 ,139 ,50 ,404 ,82 ,2568.45 ,114244.70 ,0.02 ,44.48 ,6346.93 ,0.78 ,60,8,1,8,5,0,27,4,4,5,0,12,4,4,100.0,2,0,0,0,7,0,1,0,1,8,0,11,17,0,1,0,1,0,0,0,0,1,0,0,0,0,0,0,0,0,6,0,0,1,0,0,0,2,3,0,0,0,0,0,6,4,8,0,0,12,14,14,14,3,0,0,0,1,1,0,0,0,0,1,4,0.35,0,0.26666666666666666,0.04316546762589928,0.22302158273381295,0.26618705035971224,0.0,0.08333333333333333,0.0037735849056603774,0.22302158273381295,0.6750951897822234,0.34623318889199123
values_90,260 ,32 ,136 ,47 ,396 ,79 ,2496.30 ,115573.25 ,0.02 ,46.30 ,6420.74 ,0.79 ,60,8,1,8,5,0,27,4,4,5,0,12,4,4,100.0,2,0,0,0,7,0,1,0,1,8,0,11,15,0,1,0,1,0,0,0,0,1,0,0,0,0,0,0,0,0,6,0,0,1,0,0,0,2,3,0,0,0,0,0,6,4,8,0,0,12,14,14,14,3,0,0,0,1,1,0,0,0,0,1,4,0.35,0,0.26666666666666666,0.04411764705882353,0.22794117647058823,0.27205882352941174,0.0,0.08333333333333333,0.0038461538461538464,0.22794117647058823,0.6810155132327791,0.3553039465718265
values_18,273 ,32 ,145 ,56 ,418 ,88 ,2700.04 ,111858.90 ,0.02 ,41.43 ,6214.38 ,0.77 ,60,8,1,8,5,0,27,4,4,5,0,12,4,4,100.0,2,0,0,0,7,0,1,0,1,8,0,11,19,0,1,0,1,0,0,0,0,1,0,0,0,0,0,0,0,0,6,0,0,1,0,0,0,2,3,0,0,0,0,0,6,4,8,0,0,12,14,14,14,3,0,0,0,1,1,0,0,0,0,1,4,0.35,0,0.26666666666666666,0.041379310344827586,0.21379310344827587,0.25517241379310346,0.0,0.08333333333333333,0.003663003663003663,0.21379310344827587,0.6636239208992597,0.329242344320958
values_52,235 ,32 ,119 ,30 ,354 ,62 ,2107.79 ,133774.12 ,0.02 ,63.47 ,7431.90 ,0.87 ,60,8,1,8,5,0,27,4,4,5,0,12,4,4,100.0,2,0,0,0,7,0,1,0,1,8,0,11,7,0,1,0,1,0,0,0,0,1,0,0,0,0,0,0,0,0,6,0,0,1,0,0,0,2,3,0,0,0,0,0,6,4,8,0,0,12,14,14,14,3,0,0,0,1,1,0,0,0,0,1,4,0.35,0,0.26666666666666666,0.05042016806722689,0.2605042016806723,0.31092436974789917,0.0,0.08333333333333333,0.00425531914893617,0.2605042016806723,0.7169827870094551,0.4144648338467772
values_44,251 ,32 ,130 ,41 ,381 ,73 ,2358.32 ,119641.76 ,0.02 ,50.73 ,6646.76 ,0.81 ,60,8,1,8,5,0,27,4,4,5,0,12,4,4,100.0,2,0,0,0,7,0,1,0,1,8,0,11,12,0,1,0,1,0,0,0,0,1,0,0,0,0,0,0,0,0,6,0,0,1,0,0,0,2,3,0,0,0,0,0,6,4,8,0,0,12,14,14,14,3,0,0,0,1,1,0,0,0,0,1,4,0.35,0,0.26666666666666666,0.046153846153846156,0.23846153846153847,0.2846153846153846,0.0,0.08333333333333333,0.00398406374501992,0.23846153846153847,0.6932347655827086,0.37460323877503526
values_17,236 ,32 ,120 ,31 ,356 ,63 ,2127.91 ,131793.24 ,0.02 ,61.94 ,7321.85 ,0.86 ,60,8,1,8,5,0,27,4,4,5,0,12,4,4,100.0,2,0,0,0,7,0,1,0,1,8,0,11,7,0,1,0,1,0,0,0,0,1,0,0,0,0,0,0,0,0,6,0,0,1,0,0,0,2,3,0,0,0,0,0,6,4,8,0,0,12,14,14,14,3,0,0,0,1,1,0,0,0,0,1,4,0.35,0,0.26666666666666666,0.05,0.25833333333333336,0.30833333333333335,0.0,0.08333333333333333,0.00423728813559322,0.25833333333333336,0.7147507063769308,0.41059841257102875
values_36,268 ,32 ,139 ,50 ,407 ,82 ,2587.52 ,115093.05 ,0.02 ,44.48 ,6394.06 ,0.79 ,60,8,1,8,5,0,27,4,4,5,0,12,4,4,100.0,2,0,0,0,7,0,1,0,1,8,0,11,20,0,1,0,1,0,0,0,0,1,0,0,0,0,0,0,0,0,6,0,0,1,0,0,0,2,3,0,0,0,0,0,6,4,8,0,0,12,14,14,14,3,0,0,0,1,1,0,0,0,0,1,4,0.35,0,0.26666666666666666,0.04316546762589928,0.22302158273381295,0.26618705035971224,0.0,0.08333333333333333,0.0037313432835820895,0.22302158273381295,0.6750951897822234,0.3461563821366256
values_49,238 ,32 ,121 ,32 ,359 ,64 ,2154 ,130317 ,0.02 ,60.50 ,7239.83 ,0.86 ,60,8,1,8,5,0,27,4,4,5,0,12,4,4,100.0,2,0,0,0,7,0,1,0,1,8,0,11,8,0,1,0,1,0,0,0,0,1,0,0,0,0,0,0,0,0,6,0,0,1,0,0,0,2,3,0,0,0,0,0,6,4,8,0,0,12,14,14,14,3,0,0,0,1,1,0,0,0,0,1,4,0.35,0,0.26666666666666666,0.049586776859504134,0.256198347107438,0.30578512396694213,0.0,0.08333333333333333,0.004201680672268907,0.256198347107438,0.712533360942195,0.4067535737697489
values_86,258 ,32 ,133 ,44 ,391 ,76 ,2442.94 ,118149.45 ,0.02 ,48.36 ,6563.86 ,0.80 ,60,8,1,8,5,0,27,4,4,5,0,12,4,4,100.0,2,0,0,0,7,0,1,0,1,8,0,11,16,0,1,0,1,0,0,0,0,1,0,0,0,0,0,0,0,0,6,0,0,1,0,0,0,2,3,0,0,0,0,0,6,4,8,0,0,12,14,14,14,3,0,0,0,1,1,0,0,0,0,1,4,0.35,0,0.26666666666666666,0.045112781954887216,0.23308270676691728,0.2781954887218045,0.0,0.08333333333333333,0.003875968992248062,0.23308270676691728,0.687061466631871,0.364681913987242
values_37,247 ,32 ,128 ,39 ,375 ,71 ,2306.16 ,121102.71 ,0.02 ,52.51 ,6727.93 ,0.82 ,60,8,1,8,5,0,27,4,4,5,0,12,4,4,100.0,2,0,0,0,7,0,1,0,1,8,0,11,10,0,1,0,1,0,0,0,0,1,0,0,0,0,0,0,0,0,6,0,0,1,0,0,0,2,3,0,0,0,0,0,6,4,8,0,0,12,14,14,14,3,0,0,0,1,1,0,0,0,0,1,4,0.35,0,0.26666666666666666,0.046875,0.2421875,0.2890625,0.0,0.08333333333333333,0.004048582995951417,0.2421875,0.6974218222076842,0.3814351074948456
values_56,259 ,32 ,132 ,43 ,391 ,75 ,2435.47 ,119621.13 ,0.02 ,49.12 ,6645.62 ,0.81 ,60,8,1,8,5,0,27,4,4,5,0,12,4,4,100.0,2,0,0,0,7,0,1,0,1,8,0,11,18,0,1,0,1,0,0,0,0,1,0,0,0,0,0,0,0,0,6,0,0,1,0,0,0,2,3,0,0,0,0,0,6,4,8,0,0,12,14,14,14,3,0,0,0,1,1,0,0,0,0,1,4,0.35,0,0.26666666666666666,0.045454545454545456,0.23484848484848486,0.28030303030303033,0.0,0.08333333333333333,0.003861003861003861,0.23484848484848486,0.6891050030318264,0.36785134034900907
values_63,235 ,32 ,118 ,29 ,353 ,61 ,2093.55 ,136297.34 ,0.02 ,65.10 ,7572.07 ,0.88 ,60,8,1,8,5,0,27,4,4,5,0,12,4,4,100.0,2,0,0,0,7,0,1,0,1,8,0,11,8,0,1,0,1,0,0,0,0,1,0,0,0,0,0,0,0,0,6,0,0,1,0,0,0,2,3,0,0,0,0,0,6,4,8,0,0,12,14,14,14,3,0,0,0,1,1,0,0,0,0,1,4,0.35,0,0.26666666666666666,0.05084745762711865,0.2627118644067797,0.31355932203389836,0.0,0.08333333333333333,0.00425531914893617,0.2627118644067797,0.7192296264813737,0.41835289571493556
values_35,230 ,32 ,115 ,25 ,345 ,57 ,2012.35 ,148108.74 ,0.01 ,73.60 ,8228.26 ,0.93 ,60,8,1,8,5,0,27,4,4,5,0,12,4,4,100.0,2,0,0,0,7,0,1,0,1,8,0,11,6,0,1,0,1,0,0,0,0,1,0,0,0,0,0,0,0,0,6,0,0,1,0,0,0,2,3,0,0,0,0,0,6,4,8,0,0,12,14,14,14,3,0,0,0,1,1,0,0,0,0,1,4,0.35,0,0.26666666666666666,0.05217391304347826,0.26956521739130435,0.3217391304347826,0.0,0.08333333333333333,0.004347826086956522,0.26956521739130435,0.7260588768494483,0.43050518909685104
values_97,247 ,32 ,127 ,38 ,374 ,70 ,2292.35 ,122580.50 ,0.02 ,53.47 ,6810.03 ,0.82 ,60,8,1,8,5,0,27,4,4,5,0,12,4,4,100.0,2,0,0,0,7,0,1,0,1,8,0,11,11,0,1,0,1,0,0,0,0,1,0,0,0,0,0,0,0,0,6,0,0,1,0,0,0,2,3,0,0,0,0,0,6,4,8,0,0,12,14,14,14,3,0,0,0,1,1,0,0,0,0,1,4,0.35,0,0.26666666666666666,0.047244094488188976,0.2440944881889764,0.2913385826771654,0.0,0.08333333333333333,0.004048582995951417,0.2440944881889764,0.6995369676807492,0.38486435446328937
values_75,236 ,32 ,119 ,30 ,355 ,62 ,2113.74 ,134152.01 ,0.02 ,63.47 ,7452.89 ,0.87 ,60,8,1,8,5,0,27,4,4,5,0,12,4,4,100.0,2,0,0,0,7,0,1,0,1,8,0,11,8,0,1,0,1,0,0,0,0,1,0,0,0,0,0,0,0,0,6,0,0,1,0,0,0,2,3,0,0,0,0,0,6,4,8,0,0,12,14,14,14,3,0,0,0,1,1,0,0,0,0,1,4,0.35,0,0.26666666666666666,0.05042016806722689,0.2605042016806723,0.31092436974789917,0.0,0.08333333333333333,0.00423728813559322,0.2605042016806723,0.7169827870094551,0.41443303002851706
values_57,235 ,32 ,119 ,30 ,354 ,62 ,2107.79 ,133774.12 ,0.02 ,63.47 ,7431.90 ,0.87 ,60,8,1,8,5,0,27,4,4,5,0,12,4,4,100.0,2,0,0,0,7,0,1,0,1,8,0,11,7,0,1,0,1,0,0,0,0,1,0,0,0,0,0,0,0,0,6,0,0,1,0,0,0,2,3,0,0,0,0,0,6,4,8,0,0,12,14,14,14,3,0,0,0,1,1,0,0,0,0,1,4,0.35,0,0.26666666666666666,0.05042016806722689,0.2605042016806723,0.31092436974789917,0.0,0.08333333333333333,0.00425531914893617,0.2605042016806723,0.7169827870094551,0.4144648338467772
values_88,229 ,32 ,115 ,25 ,344 ,57 ,2006.51 ,147679.44 ,0.01 ,73.60 ,8204.41 ,0.93 ,60,8,1,8,5,0,27,4,4,5,0,12,4,4,100.0,2,0,0,0,7,0,1,0,1,8,0,11,5,0,1,0,1,0,0,0,0,1,0,0,0,0,0,0,0,0,6,0,0,1,0,0,0,2,3,0,0,0,0,0,6,4,8,0,0,12,14,14,14,3,0,0,0,1,1,0,0,0,0,1,4,0.35,0,0.26666666666666666,0.05217391304347826,0.26956521739130435,0.3217391304347826,0.0,0.08333333333333333,0.004366812227074236,0.26956521739130435,0.7260588768494483,0.4305382308263663
values_10,232 ,32 ,118 ,29 ,350 ,61 ,2075.76 ,135139.01 ,0.02 ,65.10 ,7507.72 ,0.88 ,60,8,1,8,5,0,27,4,4,5,0,12,4,4,100.0,2,0,0,0,7,0,1,0,1,8,0,11,5,0,1,0,1,0,0,0,0,1,0,0,0,0,0,0,0,0,6,0,0,1,0,0,0,2,3,0,0,0,0,0,6,4,8,0,0,12,14,14,14,3,0,0,0,1,1,0,0,0,0,1,4,0.35,0,0.26666666666666666,0.05084745762711865,0.2627118644067797,0.31355932203389836,0.0,0.08333333333333333,0.004310344827586207,0.2627118644067797,0.7192296264813737,0.4184496535015921
values_53,268 ,32 ,141 ,52 ,409 ,84 ,2614.46 ,113427.25 ,0.02 ,43.38 ,6301.51 ,0.78 ,60,8,1,8,5,0,27,4,4,5,0,12,4,4,100.0,2,0,0,0,7,0,1,0,1,8,0,11,18,0,1,0,1,0,0,0,0,1,0,0,0,0,0,0,0,0,6,0,0,1,0,0,0,2,3,0,0,0,0,0,6,4,8,0,0,12,14,14,14,3,0,0,0,1,1,0,0,0,0,1,4,0.35,0,0.26666666666666666,0.0425531914893617,0.2198581560283688,0.2624113475177305,0.0,0.08333333333333333,0.0037313432835820895,0.2198581560283688,0.6712171932809473,0.3404026493424201
values_8,260 ,32 ,134 ,45 ,394 ,77 ,2469.11 ,117639.56 ,0.02 ,47.64 ,6535.53 ,0.80 ,60,8,1,8,5,0,27,4,4,5,0,12,4,4,100.0,2,0,0,0,7,0,1,0,1,8,0,11,17,0,1,0,1,0,0,0,0,1,0,0,0,0,0,0,0,0,6,0,0,1,0,0,0,2,3,0,0,0,0,0,6,4,8,0,0,12,14,14,14,3,0,0,0,1,1,0,0,0,0,1,4,0.35,0,0.26666666666666666,0.04477611940298507,0.23134328358208955,0.27611940298507465,0.0,0.08333333333333333,0.0038461538461538464,0.23134328358208955,0.6850320810354632,0.36147606876729366
values_39,251 ,32 ,131 ,42 ,382 ,74 ,2372.01 ,118374.65 ,0.02 ,49.90 ,6576.37 ,0.80 ,60,8,1,8,5,0,27,4,4,5,0,12,4,4,100.0,2,0,0,0,7,0,1,0,1,8,0,11,11,0,1,0,1,0,0,0,0,1,0,0,0,0,0,0,0,0,6,0,0,1,0,0,0,2,3,0,0,0,0,0,6,4,8,0,0,12,14,14,14,3,0,0,0,1,1,0,0,0,0,1,4,0.35,0,0.26666666666666666,0.04580152671755725,0.2366412213740458,0.2824427480916031,0.0,0.08333333333333333,0.00398406374501992,0.2366412213740458,0.6911627500831151,0.371315625603633
values_47,265 ,32 ,140 ,51 ,405 ,83 ,2581.89 ,113400.70 ,0.02 ,43.92 ,6300.04 ,0.78 ,60,8,1,8,5,0,27,4,4,5,0,12,4,4,100.0,2,0,0,0,7,0,1,0,1,8,0,11,16,0,1,0,1,0,0,0,0,1,0,0,0,0,0,0,0,0,6,0,0,1,0,0,0,2,3,0,0,0,0,0,6,4,8,0,0,12,14,14,14,3,0,0,0,1,1,0,0,0,0,1,4,0.35,0,0.26666666666666666,0.04285714285714286,0.22142857142857142,0.2642857142857143,0.0,0.08333333333333333,0.0037735849056603774,0.22142857142857142,0.6731493501227542,0.343336193115729
values_60,243 ,32 ,125 ,36 ,368 ,68 ,2240.19 ,124454.80 ,0.02 ,55.56 ,6914.16 ,0.83 ,60,8,1,8,5,0,27,4,4,5,0,12,4,4,100.0,2,0,0,0,7,0,1,0,1,8,0,11,9,0,1,0,1,0,0,0,0,1,0,0,0,0,0,0,0,0,6,0,0,1,0,0,0,2,3,0,0,0,0,0,6,4,8,0,0,12,14,14,14,3,0,0,0,1,1,0,0,0,0,1,4,0.35,0,0.26666666666666666,0.048,0.248,0.296,0.0,0.08333333333333333,0.00411522633744856,0.248,0.7038107351988349,0.39198846307921625
values_89,261 ,32 ,138 ,49 ,399 ,81 ,2529.60 ,113986.88 ,0.02 ,45.06 ,6332.60 ,0.78 ,60,8,1,8,5,0,27,4,4,5,0,12,4,4,100.0,2,0,0,0,7,0,1,0,1,8,0,11,14,0,1,0,1,0,0,0,0,1,0,0,0,0,0,0,0,0,6,0,0,1,0,0,0,2,3,0,0,0,0,0,6,4,8,0,0,12,14,14,14,3,0,0,0,1,1,0,0,0,0,1,4,0.35,0,0.26666666666666666,0.043478260869565216,0.2246376811594203,0.2681159420289855,0.0,0.08333333333333333,0.0038314176245210726,0.2246376811594203,0.6770547837181058,0.34927621612274534
values_51,267 ,32 ,141 ,52 ,408 ,84 ,2608.07 ,113149.92 ,0.02 ,43.38 ,6286.11 ,0.78 ,60,8,1,8,5,0,27,4,4,5,0,12,4,4,100.0,2,0,0,0,7,0,1,0,1,8,0,11,17,0,1,0,1,0,0,0,0,1,0,0,0,0,0,0,0,0,6,0,0,1,0,0,0,2,3,0,0,0,0,0,6,4,8,0,0,12,14,14,14,3,0,0,0,1,1,0,0,0,0,1,4,0.35,0,0.26666666666666666,0.0425531914893617,0.2198581560283688,0.2624113475177305,0.0,0.08333333333333333,0.003745318352059925,0.2198581560283688,0.6712171932809473,0.34042807389223195
values_14,233 ,32 ,118 ,29 ,351 ,61 ,2081.69 ,135525.12 ,0.02 ,65.10 ,7529.17 ,0.88 ,60,8,1,8,5,0,27,4,4,5,0,12,4,4,100.0,2,0,0,0,7,0,1,0,1,8,0,11,6,0,1,0,1,0,0,0,0,1,0,0,0,0,0,0,0,0,6,0,0,1,0,0,0,2,3,0,0,0,0,0,6,4,8,0,0,12,14,14,14,3,0,0,0,1,1,0,0,0,0,1,4,0.35,0,0.26666666666666666,0.05084745762711865,0.2627118644067797,0.31355932203389836,0.0,0.08333333333333333,0.004291845493562232,0.2627118644067797,0.7192296264813737,0.4184171248934451
values_28,265 ,32 ,136 ,47 ,401 ,79 ,2527.82 ,117032.51 ,0.02 ,46.30 ,6501.81 ,0.80 ,60,8,1,8,5,0,27,4,4,5,0,12,4,4,100.0,2,0,0,0,7,0,1,0,1,8,0,11,20,0,1,0,1,0,0,0,0,1,0,0,0,0,0,0,0,0,6,0,0,1,0,0,0,2,3,0,0,0,0,0,6,4,8,0,0,12,14,14,14,3,0,0,0,1,1,0,0,0,0,1,4,0.35,0,0.26666666666666666,0.04411764705882353,0.22794117647058823,0.27205882352941174,0.0,0.08333333333333333,0.0037735849056603774,0.22794117647058823,0.6810155132327791,0.35517219595028565
values_16,265 ,32 ,137 ,48 ,402 ,80 ,2541.42 ,116057.96 ,0.02 ,45.67 ,6447.66 ,0.79 ,60,8,1,8,5,0,27,4,4,5,0,12,4,4,100.0,2,0,0,0,7,0,1,0,1,8,0,11,19,0,1,0,1,0,0,0,0,1,0,0,0,0,0,0,0,0,6,0,0,1,0,0,0,2,3,0,0,0,0,0,6,4,8,0,0,12,14,14,14,3,0,0,0,1,1,0,0,0,0,1,4,0.35,0,0.26666666666666666,0.043795620437956206,0.22627737226277372,0.27007299270072993,0.0,0.08333333333333333,0.0037735849056603774,0.22627737226277372,0.679028202001954,0.35215056405980866
values_34,241 ,32 ,124 ,35 ,365 ,67 ,2214.12 ,125509.12 ,0.02 ,56.69 ,6972.73 ,0.84 ,60,8,1,8,5,0,27,4,4,5,0,12,4,4,100.0,2,0,0,0,7,0,1,0,1,8,0,11,8,0,1,0,1,0,0,0,0,1,0,0,0,0,0,0,0,0,6,0,0,1,0,0,0,2,3,0,0,0,0,0,6,4,8,0,0,12,14,14,14,3,0,0,0,1,1,0,0,0,0,1,4,0.35,0,0.26666666666666666,0.04838709677419355,0.25,0.29838709677419356,0.0,0.08333333333333333,0.004149377593360996,0.25,0.7059694461789598,0.3956260763331798
values_82,278 ,32 ,145 ,56 ,423 ,88 ,2732.34 ,113196.93 ,0.02 ,41.43 ,6288.72 ,0.78 ,60,8,1,8,5,0,27,4,4,5,0,12,4,4,100.0,2,0,0,0,7,0,1,0,1,8,0,11,24,0,1,0,1,0,0,0,0,1,0,0,0,0,0,0,0,0,6,0,0,1,0,0,0,2,3,0,0,0,0,0,6,4,8,0,0,12,14,14,14,3,0,0,0,1,1,0,0,0,0,1,4,0.35,0,0.26666666666666666,0.041379310344827586,0.21379310344827587,0.25517241379310346,0.0,0.08333333333333333,0.0035971223021582736,0.21379310344827587,0.6636239208992597,0.32912247067243006
values_46,260 ,32 ,136 ,47 ,396 ,79 ,2496.30 ,115573.25 ,0.02 ,46.30 ,6420.74 ,0.79 ,60,8,1,8,5,0,27,4,4,5,0,12,4,4,100.0,2,0,0,0,7,0,1,0,1,8,0,11,15,0,1,0,1,0,0,0,0,1,0,0,0,0,0,0,0,0,6,0,0,1,0,0,0,2,3,0,0,0,0,0,6,4,8,0,0,12,14,14,14,3,0,0,0,1,1,0,0,0,0,1,4,0.35,0,0.26666666666666666,0.04411764705882353,0.22794117647058823,0.27205882352941174,0.0,0.08333333333333333,0.0038461538461538464,0.22794117647058823,0.6810155132327791,0.3553039465718265
values_27,245 ,32 ,125 ,36 ,370 ,68 ,2252.36 ,125131.18 ,0.02 ,55.56 ,6951.73 ,0.83 ,60,8,1,8,5,0,27,4,4,5,0,12,4,4,100.0,2,0,0,0,7,0,1,0,1,8,0,11,11,0,1,0,1,0,0,0,0,1,0,0,0,0,0,0,0,0,6,0,0,1,0,0,0,2,3,0,0,0,0,0,6,4,8,0,0,12,14,14,14,3,0,0,0,1,1,0,0,0,0,1,4,0.35,0,0.26666666666666666,0.048,0.248,0.296,0.0,0.08333333333333333,0.004081632653061225,0.248,0.7038107351988349,0.39192832559243407
values_20,259 ,32 ,133 ,44 ,392 ,76 ,2449.19 ,118451.62 ,0.02 ,48.36 ,6580.65 ,0.80 ,60,8,1,8,5,0,27,4,4,5,0,12,4,4,100.0,2,0,0,0,7,0,1,0,1,8,0,11,17,0,1,0,1,0,0,0,0,1,0,0,0,0,0,0,0,0,6,0,0,1,0,0,0,2,3,0,0,0,0,0,6,4,8,0,0,12,14,14,14,3,0,0,0,1,1,0,0,0,0,1,4,0.35,0,0.26666666666666666,0.045112781954887216,0.23308270676691728,0.2781954887218045,0.0,0.08333333333333333,0.003861003861003861,0.23308270676691728,0.687061466631871,0.3646548097851715
values_9,232 ,32 ,117 ,28 ,349 ,60 ,2061.50 ,137826.32 ,0.01 ,66.86 ,7657.02 ,0.89 ,60,8,1,8,5,0,27,4,4,5,0,12,4,4,100.0,2,0,0,0,7,0,1,0,1,8,0,11,6,0,1,0,1,0,0,0,0,1,0,0,0,0,0,0,0,0,6,0,0,1,0,0,0,2,3,0,0,0,0,0,6,4,8,0,0,12,14,14,14,3,0,0,0,1,1,0,0,0,0,1,4,0.35,0,0.26666666666666666,0.05128205128205128,0.26495726495726496,0.3162393162393162,0.0,0.08333333333333333,0.004310344827586207,0.26495726495726496,0.721491244666463,0.4223915349487148
values_92,245 ,32 ,127 ,38 ,372 ,70 ,2280.09 ,121924.99 ,0.02 ,53.47 ,6773.61 ,0.82 ,60,8,1,8,5,0,27,4,4,5,0,12,4,4,100.0,2,0,0,0,7,0,1,0,1,8,0,11,9,0,1,0,1,0,0,0,0,1,0,0,0,0,0,0,0,0,6,0,0,1,0,0,0,2,3,0,0,0,0,0,6,4,8,0,0,12,14,14,14,3,0,0,0,1,1,0,0,0,0,1,4,0.35,0,0.26666666666666666,0.047244094488188976,0.2440944881889764,0.2913385826771654,0.0,0.08333333333333333,0.004081632653061225,0.2440944881889764,0.6995369676807492,0.38492373654233764
values_3,265 ,32 ,141 ,52 ,406 ,84 ,2595.28 ,112595.26 ,0.02 ,43.38 ,6255.29 ,0.78 ,60,8,1,8,5,0,27,4,4,5,0,12,4,4,100.0,2,0,0,0,7,0,1,0,1,8,0,11,15,0,1,0,1,0,0,0,0,1,0,0,0,0,0,0,0,0,6,0,0,1,0,0,0,2,3,0,0,0,0,0,6,4,8,0,0,12,14,14,14,3,0,0,0,1,1,0,0,0,0,1,4,0.35,0,0.26666666666666666,0.0425531914893617,0.2198581560283688,0.2624113475177305,0.0,0.08333333333333333,0.0037735849056603774,0.2198581560283688,0.6712171932809473,0.3404794985077609
values_98,230 ,32 ,117 ,28 ,347 ,60 ,2049.69 ,137036.49 ,0.01 ,66.86 ,7613.14 ,0.89 ,60,8,1,8,5,0,27,4,4,5,0,12,4,4,100.0,2,0,0,0,7,0,1,0,1,8,0,11,4,0,1,0,1,0,0,0,0,1,0,0,0,0,0,0,0,0,6,0,0,1,0,0,0,2,3,0,0,0,0,0,6,4,8,0,0,12,14,14,14,3,0,0,0,1,1,0,0,0,0,1,4,0.35,0,0.26666666666666666,0.05128205128205128,0.26495726495726496,0.3162393162393162,0.0,0.08333333333333333,0.004347826086956522,0.26495726495726496,0.721491244666463,0.42245722627176274
values_29,250 ,32 ,129 ,40 ,379 ,72 ,2338.40 ,120661.52 ,0.02 ,51.60 ,6703.42 ,0.81 ,60,8,1,8,5,0,27,4,4,5,0,12,4,4,100.0,2,0,0,0,7,0,1,0,1,8,0,11,12,0,1,0,1,0,0,0,0,1,0,0,0,0,0,0,0,0,6,0,0,1,0,0,0,2,3,0,0,0,0,0,6,4,8,0,0,12,14,14,14,3,0,0,0,1,1,0,0,0,0,1,4,0.35,0,0.26666666666666666,0.046511627906976744,0.24031007751937986,0.2868217054263566,0.0,0.08333333333333333,0.004,0.24031007751937986,0.695321105168545,0.37796620160694583
values_80,248 ,32 ,128 ,39 ,376 ,71 ,2312.30 ,121425.65 ,0.02 ,52.51 ,6745.87 ,0.82 ,60,8,1,8,5,0,27,4,4,5,0,12,4,4,100.0,2,0,0,0,7,0,1,0,1,8,0,11,11,0,1,0,1,0,0,0,0,1,0,0,0,0,0,0,0,0,6,0,0,1,0,0,0,2,3,0,0,0,0,0,6,4,8,0,0,12,14,14,14,3,0,0,0,1,1,0,0,0,0,1,4,0.35,0,0.26666666666666666,0.046875,0.2421875,0.2890625,0.0,0.08333333333333333,0.004032258064516129,0.2421875,0.6974218222076842,0.38140572739654316
values_73,254 ,32 ,131 ,42 ,385 ,74 ,2390.64 ,119304.30 ,0.02 ,49.90 ,6628.02 ,0.81 ,60,8,1,8,5,0,27,4,4,5,0,12,4,4,100.0,2,0,0,0,7,0,1,0,1,8,0,11,14,0,1,0,1,0,0,0,0,1,0,0,0,0,0,0,0,0,6,0,0,1,0,0,0,2,3,0,0,0,0,0,6,4,8,0,0,12,14,14,14,3,0,0,0,1,1,0,0,0,0,1,4,0.35,0,0.26666666666666666,0.04580152671755725,0.2366412213740458,0.2824427480916031,0.0,0.08333333333333333,0.003937007874015748,0.2366412213740458,0.6911627500831151,0.37123058618267185
