11,0.0,0.0,0.0,0.0,558350720.0,342811744.0,310735456.0,206770224.0,0.0,0.0,0.0,43575260.0,416794720.0,197678944.0,183077936.0,161586736.0,0.0,13758604.0,56691388.0,5642029.5,67813176.0,83159664.0,30757292.0,39872040.0,0.0,0.0,0.0,27299722.0,552565248.0,147421296.0,137805696.0,197924400.0,0.0,0.0,0.0,124547760.0,278515872.0,37096392.0,149079616.0,88668168.0,0.0,0.0,6926226.0,20540932.0,95012128.0,32705840.0,40137476.0,55596108.0,83177024.0,74983816.0,0.0,0.0,313539328.0,39833388.0,140480736.0,71832328.0,0.0,53263728.0,33700936.0,18324632.0,226652224.0,0.0,125824344.0,53607676.0,0.0,35173444.0,21612170.0,0.0,76490688.0,17338714.0,47508684.0,25281104.0
19,0.0,21063854.0,14913028.0,0.0,48458064.0,6918684.0,26975706.0,8014015.5,0.0,0.0,0.0,0.0,0.0,0.0,0.0,0.0,0.0,0.0,0.0,0.0,0.0,0.0,0.0,0.0,0.0,0.0,0.0,0.0,0.0,0.0,0.0,0.0,0.0,0.0,0.0,0.0,0.0,0.0,0.0,0.0,0.0,0.0,0.0,0.0,0.0,0.0,0.0,0.0,0.0,0.0,0.0,0.0,0.0,0.0,0.0,0.0,0.0,0.0,0.0,0.0,0.0,0.0,0.0,0.0,0.0,0.0,0.0,0.0,0.0,0.0,0.0,0.0
12,4300248.5,366595552.0,4269984.0,276753824.0,671163008.0,0.0,710314816.0,159237152.0,41215164.0,256346448.0,0.0,307869152.0,919229184.0,0.0,839795712.0,109598568.0,0.0,215628528.0,0.0,245195760.0,707465280.0,0.0,819486016.0,126011264.0,0.0,297013216.0,0.0,538680896.0,841535872.0,0.0,836227264.0,252144480.0,0.0,184683952.0,0.0,274776192.0,922376832.0,0.0,744153472.0,199481968.0,0.0,265617408.0,0.0,209896560.0,812115392.0,27849538.0,1030989568.0,0.0,0.0,371124480.0,173326928.0,226665760.0,813178368.0,50184072.0,712627968.0,199739520.0,0.0,285873312.0,7983860.0,188942352.0,830210432.0,115424384.0,818099200.0,27424706.0,0.0,275515872.0,0.0,268732256.0,742420288.0,121298632.0,636669824.0,142341824.0
38,0.0,34488916.0,0.0,0.0,510325280.0,306168800.0,191056144.0,182694048.0,0.0,0.0,0.0,73958824.0,357400256.0,177746960.0,178136960.0,29984038.0,0.0,0.0,33692632.0,0.0,67484176.0,36411112.0,20010656.0,41167768.0,0.0,0.0,0.0,60875408.0,428895168.0,172017520.0,107233536.0,156480464.0,0.0,0.0,0.0,88514832.0,291381216.0,37064004.0,115464512.0,66692600.0,0.0,0.0,16865766.0,6640837.0,100111504.0,21690558.0,27149230.0,42453620.0,43219580.0,72319352.0,2974448.25,0.0,268491936.0,62602192.0,121296848.0,69922680.0,0.0,39831184.0,8052140.0,17317968.0,144841152.0,0.0,131305520.0,32367802.0,0.0,20681652.0,21281828.0,0.0,78130576.0,29655204.0,53572540.0,27016708.0
81,0.0,265878544.0,63899640.0,260615824.0,962862720.0,0.0,944689856.0,148604368.0,3213681.25,289150720.0,0.0,9411716.0,896837696.0,19442496.0,951518400.0,0.0,0.0,151518864.0,0.0,193951040.0,658380224.0,148800288.0,720729472.0,0.0,54405332.0,263221152.0,59376372.0,209816416.0,876546048.0,204513040.0,538304256.0,134736608.0,0.0,24290142.0,25093120.0,16261596.0,654296576.0,303033312.0,853694336.0,0.0,0.0,11828513.0,45530380.0,11999690.0,810519680.0,261200928.0,670225856.0,82908008.0,0.0,118474440.0,3576740.0,0.0,638054784.0,313985952.0,254703680.0,235293472.0,0.0,71844056.0,0.0,1416590.0,629892608.0,330905792.0,399307552.0,166850928.0,0.0,0.0,1984628.0,0.0,728695872.0,348371968.0,265258784.0,125830112.0
5,29724600.0,149346800.0,0.0,237702720.0,808031104.0,0.0,744253760.0,132468152.0,0.0,360102336.0,0.0,129483032.0,769077056.0,0.0,634125056.0,282089952.0,122349872.0,391912512.0,0.0,253980784.0,764345536.0,0.0,776812224.0,54535232.0,0.0,248896928.0,0.0,168971136.0,802785728.0,0.0,663486912.0,277926624.0,188398272.0,378007168.0,0.0,507418848.0,704747520.0,0.0,591699520.0,156313072.0,0.0,413902080.0,0.0,389629696.0,990681536.0,0.0,846526848.0,186486992.0,0.0,238252928.0,0.0,91544800.0,775968064.0,0.0,613707008.0,169770000.0,11886907.0,262627392.0,148929360.0,224067040.0,641763072.0,0.0,573616320.0,232890544.0,0.0,270669856.0,185165568.0,225146064.0,814827776.0,0.0,966092928.0,41277768.0
40,0.0,23294892.0,25098506.0,0.0,116264360.0,0.0,37897028.0,72092488.0,0.0,0.0,10432468.0,0.0,29737410.0,3696260.75,11539836.0,11128307.0,0.0,0.0,0.0,0.0,0.0,0.0,0.0,0.0,0.0,14481871.0,3425058.5,0.0,28329956.0,0.0,16841692.0,3756658.0,0.0,1070028.375,2514327.25,0.0,3392973.5,640960.375,3866601.75,1784195.75,0.0,0.0,0.0,0.0,0.0,0.0,0.0,0.0,0.0,0.0,0.0,0.0,0.0,0.0,0.0,0.0,0.0,0.0,0.0,0.0,0.0,0.0,0.0,0.0,0.0,0.0,0.0,0.0,0.0,0.0,0.0,0.0
70,0.0,199123200.0,0.0,252097808.0,877672064.0,0.0,846087552.0,79243872.0,130419688.0,273822944.0,0.0,218391280.0,769086144.0,0.0,832191040.0,134023776.0,17355604.0,112881248.0,0.0,372181408.0,750471168.0,0.0,926205248.0,0.0,0.0,174745888.0,147187424.0,341565536.0,742565312.0,0.0,826797440.0,147636688.0,0.0,317941952.0,0.0,160539280.0,742711936.0,97866792.0,596413376.0,161638304.0,0.0,369028992.0,0.0,219231616.0,614441024.0,0.0,759037504.0,0.0,36456908.0,130340880.0,62492024.0,186598592.0,818438272.0,90825232.0,638160256.0,271670272.0,0.0,209314176.0,0.0,181193600.0,809157824.0,299748896.0,502296608.0,127630536.0,0.0,73864464.0,58564876.0,90528768.0,772460544.0,61814480.0,789594880.0,92742440.0
23,0.0,0.0,0.0,113811432.0,323312992.0,0.0,140850384.0,74530376.0,0.0,0.0,0.0,8873643.0,127826848.0,32215904.0,38064792.0,43700848.0,0.0,0.0,0.0,0.0,0.0,0.0,0.0,0.0,0.0,42331232.0,253315.078125,15184658.0,207498016.0,0.0,158654400.0,48092140.0,0.0,33763232.0,22280950.0,0.0,85171592.0,35864908.0,75090616.0,50072272.0,0.0,0.0,0.0,0.0,0.0,0.0,0.0,0.0,0.0,0.0,0.0,0.0,0.0,0.0,0.0,0.0,0.0,0.0,0.0,0.0,0.0,0.0,0.0,0.0,0.0,0.0,0.0,0.0,0.0,0.0,0.0,0.0
72,0.0,338824096.0,43264524.0,313223936.0,746696960.0,6631072.5,640542016.0,228297888.0,0.0,338969024.0,0.0,193284064.0,1020561280.0,0.0,762808640.0,303753312.0,0.0,255330656.0,78077088.0,368466048.0,899043840.0,0.0,634734528.0,171792944.0,0.0,308266848.0,0.0,318442176.0,791162944.0,0.0,745990336.0,112726560.0,219547792.0,327827808.0,131921040.0,375898016.0,819021120.0,0.0,682148352.0,211016352.0,0.0,447822304.0,0.0,111591656.0,818231040.0,0.0,820734336.0,0.0,92964168.0,249007952.0,20473802.0,336448672.0,786736512.0,0.0,677908864.0,200771584.0,0.0,224992016.0,237918144.0,239519344.0,709742080.0,57008292.0,589595584.0,239518480.0,0.0,225907168.0,12119068.0,366514080.0,797082624.0,49146504.0,733974912.0,55259336.0
79,38393324.0,177884016.0,0.0,180533840.0,770643456.0,0.0,531649408.0,83548528.0,0.0,161817504.0,0.0,310188704.0,717428480.0,0.0,480947744.0,168892816.0,48561768.0,52791480.0,0.0,173841792.0,742076032.0,0.0,687152576.0,294260608.0,62582208.0,127035752.0,0.0,227211568.0,834143104.0,0.0,660200640.0,148864320.0,0.0,230392560.0,0.0,341482944.0,834750080.0,0.0,648696896.0,67721704.0,0.0,235398736.0,0.0,209861664.0,776712128.0,0.0,546606400.0,405225184.0,186029840.0,274749056.0,0.0,425933888.0,736424960.0,0.0,749064960.0,143620416.0,121470184.0,299332448.0,70220368.0,277356288.0,838434048.0,0.0,639781184.0,0.0,0.0,349738336.0,0.0,231416992.0,762783424.0,0.0,692540864.0,161744128.0
78,85790640.0,354039104.0,0.0,246288672.0,856243072.0,0.0,607680448.0,162050112.0,0.0,158390400.0,23996054.0,233232432.0,757326080.0,0.0,582320192.0,229516016.0,0.0,292168160.0,0.0,272047808.0,825890752.0,32342942.0,601013056.0,222329440.0,0.0,143216864.0,0.0,286814496.0,747482944.0,0.0,482071616.0,188937520.0,0.0,317562624.0,0.0,287776192.0,731254016.0,5672850.0,511984288.0,176304576.0,0.0,310252768.0,107199976.0,280269888.0,879383296.0,29172752.0,595682944.0,131958136.0,0.0,222093904.0,104312768.0,275843520.0,870050368.0,23718972.0,588229760.0,125668480.0,218289840.0,450080096.0,58715248.0,288231520.0,772616832.0,0.0,731897024.0,266423840.0,93571248.0,285864800.0,0.0,350907936.0,676037760.0,56357740.0,803861568.0,6927046.0
87,0.0,28496912.0,27409798.0,0.0,82393128.0,44836544.0,96419824.0,43608076.0,0.0,0.0,0.0,0.0,0.0,0.0,0.0,0.0,0.0,0.0,0.0,0.0,0.0,0.0,0.0,0.0,0.0,0.0,0.0,0.0,0.0,0.0,0.0,0.0,0.0,0.0,0.0,0.0,0.0,0.0,0.0,0.0,0.0,0.0,0.0,0.0,0.0,0.0,0.0,0.0,0.0,0.0,0.0,0.0,0.0,0.0,0.0,0.0,0.0,0.0,0.0,0.0,0.0,0.0,0.0,0.0,0.0,0.0,0.0,0.0,0.0,0.0,0.0,0.0
6,0.0,0.0,0.0,158250176.0,248966160.0,0.0,126047128.0,83505112.0,0.0,2963264.75,7798686.0,21593662.0,62004608.0,8284372.5,38612968.0,16885642.0,0.0,0.0,0.0,0.0,0.0,0.0,0.0,0.0,0.0,22291364.0,35456612.0,0.0,118661032.0,0.0,66298024.0,27390014.0,0.0,19026688.0,23827942.0,0.0,39946192.0,5696622.5,24714452.0,8589256.0,0.0,0.0,0.0,0.0,0.0,0.0,0.0,0.0,0.0,0.0,0.0,0.0,0.0,0.0,0.0,0.0,0.0,0.0,0.0,0.0,0.0,0.0,0.0,0.0,0.0,0.0,0.0,0.0,0.0,0.0,0.0,0.0
68,63593340.0,334910080.0,0.0,494022592.0,830077760.0,0.0,778444672.0,213052080.0,114347624.0,231388832.0,0.0,402803936.0,832472000.0,0.0,861585728.0,1695204.0,0.0,274235264.0,2588612.5,222675952.0,800369088.0,0.0,852382784.0,16812048.0,0.0,438723520.0,0.0,374418944.0,696493632.0,0.0,830980672.0,354698720.0,123800592.0,380696384.0,0.0,357902336.0,836085056.0,0.0,974915904.0,267748000.0,42010868.0,178057952.0,0.0,130003568.0,777791296.0,0.0,964869888.0,6921242.0,125803800.0,186900208.0,93651064.0,161670176.0,761822976.0,210328464.0,652943616.0,210510368.0,36762728.0,204989040.0,108400936.0,72401472.0,888791232.0,191168224.0,703270784.0,217060288.0,10090372.0,73103424.0,0.0,89234344.0,800435328.0,153748320.0,748366272.0,108639080.0
69,71490656.0,204191680.0,0.0,207635472.0,848759552.0,0.0,572998528.0,183329152.0,14655199.0,115650904.0,0.0,501756448.0,862433024.0,0.0,678049728.0,64366972.0,0.0,368149280.0,0.0,345804768.0,810156224.0,0.0,661682432.0,175016368.0,0.0,245688768.0,89839592.0,145309008.0,714317760.0,0.0,662351232.0,67242376.0,0.0,246482704.0,0.0,252507616.0,922492736.0,0.0,672511040.0,163608928.0,0.0,411167104.0,0.0,280701824.0,1106818688.0,31265766.0,577996352.0,59531984.0,0.0,375192736.0,0.0,375664768.0,846810752.0,0.0,584900352.0,172291568.0,0.0,292713536.0,0.0,269609216.0,730873216.0,76275024.0,750885952.0,142435536.0,0.0,431996128.0,0.0,192124160.0,794978048.0,61728840.0,732829440.0,156433680.0
1,0.0,3985432.75,0.0,0.0,577049856.0,243974016.0,307563648.0,131950032.0,0.0,0.0,14610854.0,98922064.0,341330560.0,232646080.0,256660304.0,100316680.0,0.0,39205540.0,30215512.0,22998780.0,29322198.0,81441912.0,30625452.0,44503484.0,0.0,0.0,0.0,135811872.0,491665728.0,125822616.0,137347344.0,130024256.0,0.0,0.0,0.0,99738592.0,276165056.0,16640677.0,175160560.0,69160072.0,0.0,0.0,9583755.0,0.0,115726456.0,26527048.0,43269860.0,65590728.0,32551892.0,75038728.0,0.0,0.0,297935392.0,59737608.0,160500800.0,127813360.0,0.0,46172872.0,29605944.0,23168690.0,217849520.0,5933374.0,94110992.0,44091076.0,0.0,31882904.0,29922228.0,0.0,92194448.0,27042622.0,69331632.0,47305076.0
45,0.0,65792580.0,0.0,58105572.0,598984960.0,262735968.0,478315872.0,176232896.0,0.0,0.0,21535944.0,19525308.0,486617984.0,262913584.0,325702144.0,72331304.0,0.0,17576692.0,38217332.0,60929108.0,99006288.0,47522604.0,71042720.0,27139948.0,0.0,0.0,0.0,62605268.0,534040128.0,189603904.0,115620176.0,101160392.0,0.0,0.0,0.0,50142888.0,320495776.0,160755632.0,169473728.0,37351932.0,0.0,0.0,0.0,59241844.0,155282080.0,21690304.0,19350056.0,23859440.0,93828352.0,68546696.0,0.0,25030770.0,408432352.0,57776700.0,117121616.0,194213024.0,0.0,21572120.0,13487292.0,101102056.0,251641104.0,9041942.0,93427816.0,146048352.0,0.0,16355157.0,26869858.0,0.0,113051072.0,10398608.0,41916584.0,86112376.0
33,57769728.0,474384992.0,83944320.0,311891488.0,826637824.0,0.0,685854912.0,47797972.0,0.0,203443872.0,0.0,412315424.0,728357248.0,0.0,775411520.0,163803456.0,1578577.25,464552128.0,0.0,394596160.0,972362048.0,0.0,687124800.0,0.0,0.0,319492416.0,0.0,351133632.0,832287488.0,0.0,752697472.0,0.0,31789048.0,343838208.0,28161234.0,382827552.0,751780480.0,0.0,633563456.0,189023264.0,140436336.0,383131008.0,0.0,231340224.0,975163456.0,28851204.0,885664512.0,0.0,0.0,282985792.0,0.0,278283008.0,860825728.0,0.0,685232128.0,124912216.0,0.0,399337248.0,21329986.0,320434784.0,840539840.0,3540971.25,721806400.0,159149744.0,0.0,211494480.0,16179408.0,319786464.0,836021504.0,0.0,705080256.0,57353656.0
15,0.0,212308800.0,0.0,272862656.0,814160192.0,0.0,623444480.0,271983360.0,258731344.0,270969152.0,0.0,275192896.0,666466880.0,24687818.0,674594816.0,96696368.0,0.0,372602080.0,0.0,285503744.0,938998272.0,0.0,882599616.0,39323324.0,96279400.0,292181120.0,0.0,421256768.0,783262080.0,0.0,745660672.0,57028280.0,51746952.0,321240256.0,0.0,382676288.0,934254592.0,0.0,718336256.0,160158032.0,0.0,375850464.0,115609864.0,375151904.0,936805184.0,0.0,756253440.0,179069424.0,71643544.0,381200384.0,75376696.0,284615104.0,813571840.0,0.0,721716800.0,119064760.0,54246468.0,152090304.0,65121720.0,300042880.0,805516160.0,0.0,774608128.0,172773632.0,0.0,374854656.0,94671984.0,162046144.0,742250816.0,127157272.0,737909888.0,165068208.0
93,0.0,164878048.0,0.0,0.0,728231360.0,144624896.0,561104960.0,211068576.0,0.0,0.0,0.0,19241728.0,556339776.0,200176592.0,282133920.0,209992400.0,0.0,1064867.0,849368.1875,31322196.0,131278248.0,30180816.0,80224536.0,28660560.0,0.0,0.0,0.0,467904.5,503366048.0,215350304.0,178241152.0,125633192.0,0.0,0.0,0.0,106860576.0,347763648.0,153905792.0,202659088.0,45873444.0,0.0,14624510.0,0.0,47417592.0,120055896.0,17419462.0,111865584.0,14136167.0,57916520.0,0.0,0.0,49968908.0,345492960.0,137389920.0,174490640.0,181917168.0,0.0,34919384.0,27711266.0,50347460.0,270362784.0,4263689.0,111310192.0,141929312.0,0.0,11103179.0,29646870.0,30335356.0,186998816.0,4953168.0,41325172.0,61117172.0
24,0.0,28298628.0,23821114.0,50492960.0,248071408.0,6294108.5,107854624.0,60522116.0,0.0,0.0,11572032.0,0.0,38564040.0,17161632.0,19460158.0,40573720.0,0.0,0.0,0.0,0.0,0.0,0.0,0.0,0.0,0.0,33531552.0,0.0,0.0,83483704.0,0.0,23623200.0,4469314.0,0.0,4595246.0,1722301.875,0.0,12339142.0,2510683.25,8070083.5,3894918.25,0.0,0.0,0.0,0.0,0.0,0.0,0.0,0.0,0.0,0.0,0.0,0.0,0.0,0.0,0.0,0.0,0.0,0.0,0.0,0.0,0.0,0.0,0.0,0.0,0.0,0.0,0.0,0.0,0.0,0.0,0.0,0.0
25,0.0,132552696.0,9040732.0,0.0,564980032.0,190347072.0,478175488.0,271618720.0,0.0,96003584.0,105171808.0,5189995.0,567854848.0,191288048.0,286472160.0,162404880.0,0.0,0.0,9389912.0,106649888.0,138540400.0,21798460.0,132681072.0,8008614.0,0.0,70343688.0,6437105.5,137161888.0,501024352.0,260729408.0,351484032.0,87530504.0,0.0,0.0,0.0,92093280.0,297848192.0,233260528.0,191229248.0,115370608.0,0.0,0.0,0.0,67503656.0,143819328.0,34445376.0,66475252.0,37991080.0,38719164.0,43262536.0,0.0,46089224.0,462596608.0,155150352.0,196766608.0,229610352.0,0.0,40936636.0,17738028.0,21736658.0,344937408.0,25870026.0,138459120.0,189444656.0,0.0,0.0,25125182.0,74557976.0,241916992.0,3537531.0,73971688.0,66301336.0
26,0.0,87825624.0,0.0,0.0,506805408.0,336899520.0,290958912.0,83368552.0,0.0,0.0,24325156.0,69360328.0,342990016.0,214183024.0,221888400.0,73468096.0,0.0,28817244.0,30727078.0,25396816.0,71202152.0,53562424.0,19957632.0,54441908.0,0.0,0.0,0.0,84435200.0,567417664.0,203789088.0,117793624.0,175743152.0,0.0,0.0,0.0,131671664.0,308568832.0,25322134.0,222602128.0,38797544.0,0.0,0.0,9312578.0,0.0,105202536.0,51154716.0,25962974.0,42028968.0,97974136.0,71476760.0,0.0,0.0,271950464.0,18691400.0,128896544.0,116201304.0,0.0,41637108.0,28449644.0,22101170.0,194932736.0,0.0,158880144.0,70579184.0,0.0,32604968.0,16004692.0,0.0,79379832.0,27854872.0,34017776.0,40446828.0
48,0.0,0.0,0.0,96240648.0,256930928.0,0.0,115632736.0,58916540.0,0.0,5779414.5,19643036.0,3501545.75,83459392.0,10448272.0,49608884.0,38802372.0,0.0,0.0,0.0,0.0,0.0,0.0,0.0,0.0,0.0,42077516.0,43788796.0,9960617.0,109788432.0,0.0,65793852.0,15567072.0,0.0,14144597.0,18112432.0,0.0,41280052.0,2970060.5,21502514.0,6272192.0,0.0,0.0,0.0,0.0,0.0,0.0,0.0,0.0,0.0,0.0,0.0,0.0,0.0,0.0,0.0,0.0,0.0,0.0,0.0,0.0,0.0,0.0,0.0,0.0,0.0,0.0,0.0,0.0,0.0,0.0,0.0,0.0
71,0.0,0.0,29533544.0,204654592.0,884662976.0,304333632.0,896274048.0,0.0,0.0,21138614.0,0.0,0.0,770318784.0,226059600.0,794483968.0,66126964.0,0.0,0.0,0.0,32923036.0,457247680.0,163596928.0,376409984.0,73314704.0,0.0,87342560.0,0.0,0.0,571291712.0,352742368.0,381385728.0,178077840.0,0.0,2400955.75,0.0,0.0,596617280.0,304087328.0,188923232.0,148429440.0,0.0,0.0,0.0,24059330.0,379222976.0,154062736.0,197276096.0,52281368.0,4494591.0,0.0,0.0,85119328.0,562222464.0,221314224.0,228923248.0,180570016.0,0.0,0.0,0.0,75237744.0,458657856.0,105744496.0,79290088.0,111965992.0,0.0,0.0,0.0,128108656.0,359493632.0,0.0,169795920.0,118726880.0
76,0.0,304451680.0,0.0,592998336.0,751522112.0,0.0,584019264.0,203979328.0,32506764.0,421190848.0,0.0,276877120.0,823377664.0,0.0,632173760.0,154926096.0,144504736.0,254829840.0,0.0,344489152.0,881730880.0,15617409.0,809240704.0,134657568.0,36355304.0,471455872.0,0.0,407807872.0,885147328.0,0.0,731677632.0,188187520.0,8400784.0,184263024.0,0.0,423158464.0,1031218240.0,0.0,705245952.0,88679608.0,0.0,241008144.0,0.0,223739920.0,885448832.0,0.0,791489920.0,28393182.0,32817974.0,404126432.0,0.0,224211680.0,755799040.0,41578924.0,615011264.0,137495104.0,0.0,426267232.0,36618840.0,129690624.0,859112832.0,144024448.0,673779456.0,90318608.0,0.0,261139696.0,76105928.0,243091648.0,817840832.0,0.0,755878272.0,0.0
7,0.0,158013904.0,14354047.0,174905760.0,800708608.0,185810480.0,817998080.0,0.0,0.0,102177240.0,103290832.0,6004823.0,814563840.0,148443488.0,410447904.0,79900104.0,0.0,0.0,0.0,99336840.0,376005088.0,138830896.0,411787840.0,0.0,0.0,0.0,0.0,23383550.0,510520352.0,296838752.0,435583392.0,239563344.0,0.0,4765782.5,54693580.0,0.0,510412416.0,347575264.0,338516768.0,104805976.0,0.0,0.0,0.0,94748384.0,340972608.0,228370080.0,290856704.0,149709136.0,0.0,0.0,0.0,75691960.0,447417152.0,139677824.0,217593120.0,138529424.0,0.0,0.0,5388091.0,1927250.75,544097344.0,200234368.0,164157952.0,158773328.0,0.0,0.0,0.0,177001184.0,286965536.0,0.0,161209456.0,74077392.0
50,86165192.0,318234304.0,27620322.0,404107136.0,817406400.0,0.0,867002816.0,203657120.0,64930524.0,200989360.0,3837858.0,230877312.0,839721792.0,0.0,1034631616.0,0.0,0.0,222278544.0,0.0,291100512.0,841889408.0,63111896.0,786154112.0,0.0,0.0,272026048.0,0.0,188517360.0,881620416.0,123680448.0,763681856.0,236568160.0,50297016.0,144195856.0,115322736.0,266235744.0,771123072.0,108598424.0,831240256.0,85920448.0,0.0,31453640.0,55511728.0,253303760.0,644793408.0,197002336.0,765863872.0,15232925.0,0.0,302822784.0,0.0,6725656.5,537641408.0,350353344.0,405599616.0,332536480.0,0.0,0.0,11985560.0,0.0,820441088.0,563427072.0,336576480.0,265322592.0,0.0,50525152.0,0.0,29092582.0,523804576.0,310469952.0,424997120.0,145408896.0
22,191784176.0,135953152.0,0.0,372934208.0,678127424.0,0.0,710236352.0,223981520.0,82521208.0,182638320.0,0.0,304369472.0,924369920.0,0.0,776736512.0,118259808.0,0.0,259429312.0,0.0,413712064.0,850572928.0,0.0,621040640.0,127132400.0,0.0,265346960.0,0.0,400404320.0,777669760.0,0.0,599931328.0,271032032.0,69838464.0,304996032.0,0.0,312374080.0,928199616.0,2208274.5,654057792.0,150145392.0,0.0,253941440.0,31191056.0,261012192.0,796182848.0,25701344.0,802983744.0,75538568.0,122556312.0,115261152.0,42445272.0,353403328.0,735658496.0,85105264.0,716086144.0,137628496.0,116257008.0,249878736.0,0.0,389152864.0,908121856.0,0.0,863712128.0,123992736.0,137763600.0,341366880.0,0.0,275510944.0,911998208.0,0.0,703156928.0,225703568.0
4,0.0,0.0,0.0,101200416.0,372057728.0,126349248.0,200604032.0,111495784.0,0.0,0.0,0.0,51633712.0,209136544.0,19434900.0,55395108.0,24200200.0,0.0,0.0,626780.625,8598925.0,22922604.0,4440397.0,2979100.75,13446027.0,0.0,43622464.0,18991734.0,69540736.0,261750528.0,0.0,91824000.0,155293264.0,0.0,16431698.0,22653820.0,0.0,110080944.0,781658.4375,51762872.0,67285560.0,0.0,1336677.75,19028510.0,0.0,25054902.0,8310742.0,13560994.0,8533753.0,0.0,31056820.0,0.0,0.0,60715376.0,0.0,21040596.0,0.0,0.0,15638906.0,1723635.75,0.0,35426880.0,0.0,13711401.0,5149223.5,0.0,650868.0625,1529393.75,0.0,2063849.5,389878.03125,2351944.75,1085275.375
32,0.0,6697662.0,0.0,0.0,29645536.0,6107764.5,13486520.0,12373634.0,0.0,0.0,0.0,0.0,0.0,0.0,0.0,0.0,0.0,0.0,0.0,0.0,0.0,0.0,0.0,0.0,0.0,0.0,0.0,0.0,0.0,0.0,0.0,0.0,0.0,0.0,0.0,0.0,0.0,0.0,0.0,0.0,0.0,0.0,0.0,0.0,0.0,0.0,0.0,0.0,0.0,0.0,0.0,0.0,0.0,0.0,0.0,0.0,0.0,0.0,0.0,0.0,0.0,0.0,0.0,0.0,0.0,0.0,0.0,0.0,0.0,0.0,0.0,0.0
77,0.0,0.0,0.0,92102192.0,284421088.0,0.0,129640064.0,110090384.0,0.0,3114225.5,15645789.0,21497736.0,75634776.0,9205173.0,51572572.0,77344880.0,0.0,0.0,0.0,0.0,0.0,0.0,0.0,0.0,0.0,79320488.0,12249765.0,0.0,180804128.0,0.0,99306704.0,27369234.0,0.0,30102274.0,31598074.0,0.0,72016112.0,10324830.0,46065844.0,10498013.0,0.0,0.0,0.0,0.0,0.0,0.0,0.0,0.0,0.0,0.0,0.0,0.0,0.0,0.0,0.0,0.0,0.0,0.0,0.0,0.0,0.0,0.0,0.0,0.0,0.0,0.0,0.0,0.0,0.0,0.0,0.0,0.0
91,0.0,0.0,0.0,118183376.0,288783424.0,28248616.0,161772000.0,80357632.0,0.0,0.0,13822546.0,26515276.0,112781624.0,40823600.0,62199056.0,65402260.0,0.0,0.0,0.0,0.0,0.0,0.0,0.0,0.0,0.0,45375976.0,28485224.0,46073988.0,210939536.0,0.0,114697416.0,63282080.0,0.0,31130948.0,16672745.0,0.0,85073128.0,44822552.0,65764648.0,61624968.0,0.0,0.0,0.0,0.0,0.0,0.0,0.0,0.0,0.0,0.0,0.0,0.0,0.0,0.0,0.0,0.0,0.0,0.0,0.0,0.0,0.0,0.0,0.0,0.0,0.0,0.0,0.0,0.0,0.0,0.0,0.0,0.0
42,0.0,34446340.0,19079856.0,0.0,72049056.0,29759212.0,66507604.0,37922872.0,0.0,0.0,0.0,0.0,0.0,0.0,0.0,0.0,0.0,0.0,0.0,0.0,0.0,0.0,0.0,0.0,0.0,0.0,0.0,0.0,0.0,0.0,0.0,0.0,0.0,0.0,0.0,0.0,0.0,0.0,0.0,0.0,0.0,0.0,0.0,0.0,0.0,0.0,0.0,0.0,0.0,0.0,0.0,0.0,0.0,0.0,0.0,0.0,0.0,0.0,0.0,0.0,0.0,0.0,0.0,0.0,0.0,0.0,0.0,0.0,0.0,0.0,0.0,0.0
13,0.0,291621184.0,40650904.0,318396416.0,851043072.0,0.0,562320000.0,107414920.0,27318922.0,226354816.0,0.0,304083520.0,742575232.0,0.0,714231296.0,150941424.0,173697120.0,290751456.0,0.0,244508464.0,939802944.0,0.0,974804480.0,0.0,0.0,205151936.0,0.0,356691456.0,862849664.0,0.0,719384640.0,181044864.0,17753072.0,279296928.0,0.0,272078784.0,809236608.0,1702508.625,627995456.0,319831616.0,157649600.0,475561280.0,0.0,419007232.0,969197184.0,0.0,882937024.0,0.0,0.0,178247600.0,33381564.0,250085824.0,876892992.0,119302584.0,651924608.0,129271464.0,0.0,211246112.0,91097856.0,201412064.0,797303552.0,139954368.0,504352608.0,41106956.0,93681496.0,330029760.0,0.0,191671136.0,749844800.0,98893512.0,738544640.0,52918216.0
41,0.0,310016448.0,44041652.0,255687760.0,616325696.0,0.0,795877632.0,247819488.0,0.0,193343488.0,0.0,33027054.0,820844224.0,108980768.0,840958336.0,6381431.0,0.0,28610258.0,0.0,0.0,518709696.0,134747968.0,411336416.0,24057144.0,0.0,49513172.0,84558288.0,0.0,622484160.0,304346208.0,410169856.0,289762400.0,0.0,0.0,0.0,0.0,569251264.0,244213072.0,379756864.0,93765904.0,0.0,0.0,0.0,0.0,541914688.0,389714560.0,193507520.0,173160544.0,0.0,0.0,0.0,31195080.0,659514432.0,221402176.0,228900624.0,28844086.0,0.0,0.0,0.0,102645392.0,524671936.0,263930544.0,150230256.0,84700416.0,0.0,0.0,0.0,77383544.0,304833568.0,96790520.0,99002688.0,36804080.0
55,0.0,0.0,0.0,0.0,525961952.0,325034560.0,232018128.0,179555968.0,0.0,0.0,0.0,41242212.0,292419264.0,180688064.0,254535808.0,138526912.0,0.0,0.0,40983452.0,30742822.0,89758152.0,39861144.0,32406484.0,34521124.0,0.0,0.0,0.0,49259240.0,538889472.0,139982784.0,113019400.0,194326672.0,0.0,0.0,0.0,109197312.0,310882464.0,33419872.0,113952096.0,78341392.0,0.0,0.0,5958623.5,7270447.0,120187392.0,21325004.0,42230516.0,46011564.0,89355272.0,60323288.0,8394471.0,0.0,233443696.0,10830643.0,153815344.0,70215384.0,0.0,50140980.0,0.0,14295148.0,197805984.0,0.0,108126184.0,24427502.0,0.0,19545252.0,20100344.0,0.0,69177936.0,40806400.0,71060752.0,41724228.0
31,0.0,70651800.0,0.0,7659587.0,625800896.0,210788448.0,624013248.0,187878256.0,0.0,0.0,39453648.0,0.0,497325376.0,255952624.0,210006896.0,109278072.0,0.0,0.0,0.0,12754754.0,75109472.0,54165244.0,26377764.0,5369929.0,0.0,0.0,0.0,61017504.0,546528000.0,216005456.0,151362416.0,61756344.0,0.0,0.0,0.0,81280608.0,299759616.0,72774680.0,92696280.0,93681248.0,0.0,0.0,0.0,37871492.0,159930944.0,3675751.25,47169116.0,20783226.0,50530112.0,77871488.0,0.0,53417056.0,379041504.0,8475206.0,138789312.0,155754256.0,0.0,30703696.0,35878296.0,20949702.0,258860384.0,0.0,77585136.0,123615984.0,0.0,14963982.0,27236066.0,0.0,108983632.0,0.0,34352372.0,95810944.0
66,0.0,232185296.0,0.0,240623344.0,674188224.0,0.0,789415296.0,170289792.0,0.0,213363504.0,0.0,384072224.0,1103485696.0,0.0,539299584.0,150154880.0,145629088.0,419399648.0,0.0,126193264.0,619486272.0,0.0,717885120.0,371981536.0,0.0,161208624.0,0.0,445713888.0,851895488.0,0.0,819447808.0,260759488.0,107312176.0,253470224.0,0.0,243520496.0,725567104.0,0.0,616774464.0,261206704.0,0.0,343194336.0,0.0,264845664.0,881471488.0,53022964.0,765391296.0,155135792.0,101084144.0,391384160.0,0.0,274809632.0,832889280.0,0.0,784382272.0,109882528.0,118589400.0,268590048.0,22448498.0,424894944.0,858979520.0,0.0,690673856.0,139624864.0,88401272.0,243614176.0,0.0,461157696.0,817709696.0,0.0,538192064.0,29401128.0
65,0.0,33802792.0,0.0,100060200.0,579246272.0,310097376.0,673616896.0,43227432.0,0.0,0.0,102017680.0,0.0,622090752.0,203678832.0,305660640.0,28626020.0,0.0,0.0,22378968.0,56285344.0,218320416.0,85257640.0,211792656.0,23635156.0,0.0,0.0,0.0,8798436.0,467616576.0,285627520.0,409828576.0,129365432.0,0.0,0.0,0.0,0.0,511776640.0,289178304.0,101420992.0,108536064.0,0.0,0.0,0.0,65208800.0,180635440.0,86534544.0,130969896.0,45945476.0,0.0,0.0,0.0,79319432.0,498875744.0,158405808.0,177365008.0,180754128.0,0.0,0.0,0.0,19570836.0,451954592.0,111273216.0,114124952.0,170830240.0,0.0,2156289.5,0.0,76955712.0,220839760.0,0.0,105873960.0,69911744.0
62,0.0,0.0,0.0,105076496.0,336108448.0,38337736.0,132409304.0,79469872.0,0.0,0.0,456641.5,6518923.0,104830840.0,14637932.0,28189092.0,52010936.0,0.0,0.0,0.0,0.0,0.0,0.0,0.0,0.0,0.0,64252760.0,7360498.0,3666428.0,186895984.0,0.0,129149496.0,68912448.0,0.0,25968352.0,26362910.0,0.0,69024584.0,31649906.0,45711820.0,32063076.0,0.0,0.0,0.0,0.0,0.0,0.0,0.0,0.0,0.0,0.0,0.0,0.0,0.0,0.0,0.0,0.0,0.0,0.0,0.0,0.0,0.0,0.0,0.0,0.0,0.0,0.0,0.0,0.0,0.0,0.0,0.0,0.0
21,0.0,183900384.0,0.0,140921728.0,843589952.0,0.0,639538304.0,254831968.0,156683136.0,411750144.0,0.0,281891904.0,630031104.0,42438168.0,675780928.0,167414240.0,0.0,333402112.0,46879980.0,310270240.0,739277824.0,0.0,494536832.0,296310912.0,23289576.0,201561360.0,6867508.0,318287936.0,801404096.0,0.0,603823872.0,185218240.0,0.0,65940572.0,11985308.0,271836160.0,703119040.0,0.0,645666368.0,128531568.0,0.0,228068352.0,0.0,352381792.0,728659520.0,0.0,801293952.0,99627688.0,133816320.0,474540992.0,0.0,391501184.0,786593856.0,0.0,744810432.0,159536944.0,0.0,328654240.0,65148096.0,366281440.0,751935616.0,0.0,706119360.0,145468928.0,0.0,365485312.0,0.0,474412288.0,814116608.0,0.0,643654208.0,213431440.0
95,0.0,279946688.0,0.0,254428192.0,677717952.0,0.0,794268736.0,216746528.0,0.0,310681920.0,0.0,460719008.0,951107136.0,0.0,553830080.0,1159608.0,302028.5,258585840.0,0.0,250632000.0,764587648.0,0.0,800495104.0,134285040.0,0.0,356064800.0,0.0,354291872.0,824830400.0,74259168.0,768438848.0,123138456.0,0.0,206936016.0,0.0,267252032.0,823368128.0,0.0,631007744.0,318192416.0,0.0,345930176.0,0.0,408345056.0,811494016.0,0.0,744054080.0,114133968.0,97816656.0,205193024.0,20002696.0,196759488.0,936817600.0,0.0,953223232.0,246500944.0,0.0,244845632.0,0.0,277645056.0,785317760.0,0.0,605655616.0,208004336.0,0.0,427271264.0,0.0,229192624.0,1049871360.0,0.0,663246144.0,230110608.0
84,33479524.0,408686784.0,0.0,211807024.0,778377088.0,0.0,694472704.0,81151608.0,0.0,174816448.0,161005056.0,152341872.0,877818432.0,21765814.0,834795520.0,59865568.0,0.0,198838672.0,0.0,123016712.0,642864832.0,60714768.0,786496896.0,0.0,0.0,227271824.0,204631968.0,154665728.0,850839488.0,193105616.0,760977280.0,92475208.0,0.0,145189648.0,0.0,20542262.0,535250496.0,64801684.0,886855040.0,71490648.0,0.0,0.0,101433032.0,97944120.0,766746048.0,260473808.0,567198976.0,112345600.0,0.0,173475296.0,0.0,0.0,618912832.0,618468800.0,316842848.0,366359712.0,0.0,102834536.0,0.0,0.0,571788096.0,373508160.0,403646528.0,194901600.0,0.0,0.0,0.0,0.0,646138304.0,286097792.0,260356464.0,200234128.0
58,0.0,331224480.0,0.0,414552320.0,837221248.0,0.0,865845184.0,168131280.0,127769648.0,258549184.0,176600784.0,490492128.0,831287936.0,0.0,689321088.0,46763656.0,0.0,152389856.0,0.0,141373072.0,633128320.0,0.0,923455104.0,0.0,0.0,300668256.0,0.0,219845216.0,706215744.0,12874076.0,444127936.0,112633136.0,0.0,139800272.0,0.0,262992752.0,743883904.0,0.0,675562496.0,134981984.0,109224168.0,275830080.0,0.0,113577424.0,804388736.0,140777264.0,877831744.0,232340784.0,0.0,182719248.0,6231872.5,0.0,875567424.0,315301824.0,631989632.0,186527520.0,0.0,178484224.0,55454320.0,408860384.0,814680448.0,285506336.0,693207552.0,262469056.0,0.0,280015840.0,33929832.0,206380960.0,889201088.0,62874400.0,765263936.0,4585644.0
64,0.0,186196896.0,72522392.0,291914816.0,888199232.0,0.0,969113856.0,12634627.0,0.0,401331008.0,0.0,368381248.0,786399680.0,19976956.0,801905472.0,112813504.0,0.0,215796688.0,117598816.0,331536832.0,824274368.0,0.0,876554304.0,0.0,17561502.0,361321120.0,292108448.0,374518848.0,651798272.0,104656088.0,640173888.0,113903992.0,0.0,173790736.0,0.0,232121344.0,756052352.0,140715024.0,838926528.0,58485960.0,0.0,113744288.0,86944776.0,33538002.0,752926016.0,0.0,812815680.0,26453494.0,0.0,231059040.0,0.0,0.0,738954432.0,359398144.0,355629312.0,340122336.0,0.0,118689976.0,10985386.0,31940020.0,692618496.0,333860032.0,504933248.0,408211232.0,0.0,3651658.75,14241590.0,0.0,504102016.0,309225408.0,564140800.0,214836480.0
83,19101314.0,323575360.0,0.0,280546272.0,865435200.0,0.0,606870784.0,129815536.0,38449512.0,282907648.0,0.0,267985024.0,797935936.0,0.0,585204736.0,125293512.0,0.0,169664864.0,0.0,150863408.0,1034481088.0,56461640.0,697148480.0,121681520.0,0.0,225869568.0,0.0,218983776.0,895053760.0,0.0,823030208.0,110648992.0,0.0,282678464.0,0.0,313981888.0,783693184.0,0.0,790410240.0,138964816.0,42948612.0,357858784.0,0.0,375379104.0,799617408.0,0.0,581143296.0,148241232.0,0.0,225583232.0,51423912.0,216236496.0,830199424.0,0.0,565970304.0,107512000.0,105822768.0,319076160.0,26856516.0,551429952.0,828164352.0,0.0,550395904.0,344115040.0,0.0,203422224.0,0.0,222215840.0,851345408.0,0.0,759192576.0,82649400.0
94,0.0,27437792.0,12965623.0,69647984.0,258439312.0,4521030.0,125381880.0,67090004.0,0.0,0.0,23014706.0,23380118.0,47806232.0,40087952.0,31802982.0,36204128.0,0.0,0.0,0.0,0.0,0.0,0.0,0.0,0.0,0.0,45535496.0,0.0,0.0,101994816.0,0.0,33294144.0,0.0,0.0,9989786.0,0.0,0.0,27320318.0,0.0,15632601.0,16365657.0,0.0,0.0,0.0,0.0,0.0,0.0,0.0,0.0,0.0,0.0,0.0,0.0,0.0,0.0,0.0,0.0,0.0,0.0,0.0,0.0,0.0,0.0,0.0,0.0,0.0,0.0,0.0,0.0,0.0,0.0,0.0,0.0
0,0.0,264496000.0,58936212.0,275601280.0,847160576.0,0.0,914591296.0,0.0,0.0,237612400.0,88224752.0,164707920.0,826157696.0,114952256.0,867873920.0,0.0,0.0,206535200.0,94873152.0,160514112.0,607927168.0,116033912.0,540149696.0,0.0,0.0,276973568.0,221802576.0,0.0,917528896.0,270623104.0,429048960.0,220995536.0,0.0,64834704.0,28733192.0,0.0,689875072.0,273236544.0,567193216.0,294385152.0,0.0,48089172.0,0.0,0.0,448593504.0,270285120.0,293225792.0,166835744.0,0.0,0.0,0.0,74938560.0,645107968.0,499728960.0,395173696.0,224588208.0,0.0,0.0,0.0,3047988.0,402587584.0,257039472.0,304059456.0,91936144.0,0.0,0.0,0.0,81036096.0,510997792.0,308276736.0,195253152.0,97336272.0
99,117354632.0,319963296.0,34944192.0,333053632.0,911367744.0,0.0,772223936.0,115963792.0,0.0,130092824.0,55493888.0,275900288.0,787546432.0,14803468.0,809195456.0,32562828.0,0.0,242276528.0,30637980.0,217791664.0,798140928.0,8189545.0,447518560.0,0.0,0.0,419474176.0,35566328.0,81757408.0,718474176.0,89915792.0,737315008.0,231773120.0,51352520.0,60333756.0,0.0,0.0,678258560.0,90780864.0,796298368.0,163422992.0,0.0,0.0,0.0,32563382.0,650350912.0,198609504.0,522426112.0,49364420.0,0.0,101782288.0,0.0,102830344.0,741950080.0,281256608.0,356135328.0,175095616.0,0.0,11112737.0,0.0,0.0,573305984.0,302164224.0,268363024.0,196033584.0,0.0,0.0,0.0,0.0,482328256.0,322665632.0,197566672.0,161615488.0
96,134636464.0,215361168.0,23440634.0,243012880.0,919268672.0,0.0,797914752.0,48680612.0,0.0,179978992.0,0.0,358534720.0,886112768.0,34349596.0,697646208.0,130628472.0,0.0,273732896.0,0.0,321760512.0,792929408.0,28504326.0,792478912.0,167006688.0,163194384.0,198597280.0,13171684.0,293070208.0,727684480.0,18495890.0,657210112.0,433260576.0,0.0,350921184.0,0.0,53626576.0,785514176.0,42908704.0,582334464.0,252783552.0,36061668.0,461175840.0,0.0,204369824.0,633296448.0,0.0,666281856.0,257060624.0,0.0,186991488.0,34059268.0,302895392.0,665924736.0,239993488.0,656924608.0,71351808.0,0.0,186483344.0,0.0,228112096.0,880223488.0,34987176.0,584911232.0,129798296.0,0.0,407548320.0,0.0,293754656.0,751224576.0,0.0,830179520.0,246639216.0
67,0.0,0.0,0.0,130338448.0,243113600.0,0.0,142335488.0,95657848.0,0.0,149833.78125,7972769.5,1384885.625,67873040.0,3135113.25,29571976.0,41889772.0,0.0,0.0,0.0,0.0,0.0,0.0,0.0,0.0,0.0,45654048.0,13414947.0,0.0,128814936.0,0.0,67135048.0,28514674.0,0.0,17630756.0,21033276.0,0.0,44393124.0,3555802.5,27765570.0,5808891.5,0.0,0.0,0.0,0.0,0.0,0.0,0.0,0.0,0.0,0.0,0.0,0.0,0.0,0.0,0.0,0.0,0.0,0.0,0.0,0.0,0.0,0.0,0.0,0.0,0.0,0.0,0.0,0.0,0.0,0.0,0.0,0.0
61,104691616.0,251335664.0,0.0,163279056.0,761918336.0,0.0,642628224.0,189550592.0,0.0,271992704.0,0.0,250341008.0,788600000.0,0.0,732118784.0,198294512.0,23040526.0,211383872.0,95941080.0,208321760.0,815753984.0,0.0,574620352.0,221269056.0,0.0,206710000.0,34928548.0,340295104.0,818008512.0,0.0,571175104.0,0.0,0.0,331784160.0,0.0,267847984.0,1012002624.0,38082328.0,826773888.0,214902400.0,14055682.0,301869472.0,0.0,310049760.0,668351296.0,0.0,756125760.0,116137168.0,0.0,298062432.0,0.0,310752640.0,689945408.0,75756568.0,614052928.0,127481984.0,0.0,157088512.0,0.0,343288800.0,840351872.0,58384004.0,552071552.0,154527312.0,0.0,282575712.0,0.0,307584768.0,753237888.0,0.0,633428352.0,172634464.0
43,0.0,0.0,0.0,103169504.0,297573632.0,0.0,99735440.0,71734824.0,0.0,2586999.0,19150444.0,0.0,77901440.0,6982459.5,60761776.0,15404799.0,0.0,0.0,0.0,0.0,0.0,0.0,0.0,0.0,0.0,26769350.0,35043920.0,3443628.75,108039344.0,0.0,60951204.0,25335880.0,0.0,25366852.0,34613620.0,0.0,40325344.0,8642925.0,32963056.0,6867674.5,0.0,0.0,0.0,0.0,0.0,0.0,0.0,0.0,0.0,0.0,0.0,0.0,0.0,0.0,0.0,0.0,0.0,0.0,0.0,0.0,0.0,0.0,0.0,0.0,0.0,0.0,0.0,0.0,0.0,0.0,0.0,0.0
2,0.0,17789882.0,33598460.0,0.0,155681840.0,0.0,46121824.0,97744504.0,0.0,0.0,15459136.0,0.0,21001180.0,7464820.5,13139506.0,14738270.0,0.0,0.0,0.0,0.0,0.0,0.0,0.0,0.0,0.0,26226658.0,2449568.25,0.0,56469848.0,0.0,26301846.0,4542150.5,0.0,1697017.25,3987610.75,0.0,5381105.0,1016534.5625,6132259.0,2829654.75,0.0,0.0,0.0,0.0,0.0,0.0,0.0,0.0,0.0,0.0,0.0,0.0,0.0,0.0,0.0,0.0,0.0,0.0,0.0,0.0,0.0,0.0,0.0,0.0,0.0,0.0,0.0,0.0,0.0,0.0,0.0,0.0
54,0.0,5270772.0,835556.5,0.0,15527605.0,135285.671875,12885576.0,15096636.0,0.0,0.0,0.0,0.0,0.0,0.0,0.0,0.0,0.0,0.0,0.0,0.0,0.0,0.0,0.0,0.0,0.0,0.0,0.0,0.0,0.0,0.0,0.0,0.0,0.0,0.0,0.0,0.0,0.0,0.0,0.0,0.0,0.0,0.0,0.0,0.0,0.0,0.0,0.0,0.0,0.0,0.0,0.0,0.0,0.0,0.0,0.0,0.0,0.0,0.0,0.0,0.0,0.0,0.0,0.0,0.0,0.0,0.0,0.0,0.0,0.0,0.0,0.0,0.0
30,44676264.0,351034368.0,38459152.0,287492000.0,812514496.0,0.0,618313024.0,297976288.0,22007260.0,274120928.0,17404590.0,471298464.0,721085696.0,0.0,538584064.0,147980656.0,0.0,315096480.0,8436852.0,279810528.0,780819456.0,0.0,720527808.0,141949936.0,0.0,141887808.0,0.0,195735904.0,731678144.0,0.0,618526720.0,65456688.0,323715008.0,203193520.0,0.0,340807040.0,766551552.0,0.0,551465408.0,266634992.0,0.0,458076192.0,0.0,398118944.0,817630464.0,0.0,783032576.0,284845824.0,0.0,294197504.0,0.0,375515008.0,805783680.0,0.0,721064384.0,279904928.0,127869504.0,278868544.0,0.0,266871072.0,758950400.0,0.0,380042528.0,167214336.0,144903984.0,353737216.0,0.0,235495376.0,778203648.0,0.0,782486400.0,142038256.0
59,0.0,253563952.0,0.0,341165120.0,727684096.0,7370336.0,629980864.0,158991280.0,0.0,404840064.0,0.0,233681312.0,892967552.0,0.0,781504384.0,0.0,0.0,190620064.0,0.0,300832576.0,753153344.0,90047784.0,1119556352.0,0.0,0.0,94081568.0,66415792.0,339881952.0,827767808.0,76004744.0,679832256.0,215347584.0,5682600.5,378114752.0,46530316.0,249650704.0,777964352.0,0.0,789104576.0,77646344.0,60840864.0,116442248.0,141114064.0,112583056.0,926488960.0,0.0,973974336.0,0.0,0.0,353312320.0,168387824.0,0.0,911350784.0,160501712.0,364269632.0,360181600.0,0.0,203664848.0,65617956.0,0.0,864906752.0,308689696.0,649867648.0,252702320.0,0.0,156246128.0,40916768.0,0.0,691399296.0,42847264.0,631100928.0,107258952.0
85,0.0,360470240.0,0.0,392678656.0,943526208.0,0.0,877576192.0,74013992.0,0.0,212520144.0,167573904.0,89804704.0,828150784.0,0.0,984835200.0,0.0,0.0,56114168.0,0.0,150898656.0,711183104.0,104843088.0,737729728.0,0.0,0.0,194112544.0,72381080.0,54368976.0,878374208.0,177818064.0,511127872.0,416497184.0,152897872.0,144743248.0,57172332.0,0.0,706855872.0,147464112.0,638036864.0,247585808.0,0.0,28241032.0,61114364.0,108150904.0,841616448.0,234196656.0,453300480.0,0.0,0.0,152450208.0,0.0,106224240.0,653244032.0,384712800.0,371347072.0,236027776.0,0.0,0.0,0.0,5691689.5,568970880.0,224157824.0,522793024.0,122068024.0,0.0,0.0,0.0,0.0,489482464.0,234342992.0,239254096.0,115959152.0
74,0.0,22828892.0,112779472.0,0.0,705404160.0,143167424.0,785557952.0,89661008.0,0.0,58047052.0,0.0,87811920.0,740361728.0,172289248.0,417000928.0,100325776.0,0.0,0.0,1804851.25,38524988.0,311675200.0,77471616.0,278893888.0,0.0,0.0,34324284.0,0.0,0.0,506349184.0,313539424.0,274077920.0,169568880.0,0.0,0.0,0.0,0.0,525825280.0,313449120.0,175050928.0,93460432.0,0.0,74571824.0,0.0,32956196.0,141540272.0,125294936.0,278344896.0,16877710.0,89979288.0,0.0,0.0,41055184.0,470224800.0,152535088.0,149266816.0,125859856.0,0.0,44107388.0,0.0,37195500.0,456088448.0,154824080.0,131466648.0,136731216.0,0.0,0.0,0.0,66844152.0,275708224.0,0.0,121321984.0,104605952.0
90,0.0,387905056.0,0.0,472808960.0,743074688.0,0.0,699778112.0,347318368.0,8559076.0,330704576.0,29997798.0,483415168.0,884415168.0,0.0,724186752.0,57857488.0,88937128.0,166028288.0,0.0,172048864.0,657370944.0,0.0,1069821248.0,0.0,60012224.0,231920144.0,6353949.0,222676848.0,840231360.0,12254828.0,738429568.0,192263888.0,0.0,327226976.0,9685326.0,193225472.0,828632832.0,0.0,731814464.0,46376960.0,0.0,160751344.0,32269870.0,92750096.0,904699776.0,49033040.0,856776128.0,0.0,0.0,262305024.0,24484812.0,34532512.0,853494016.0,264773920.0,479343136.0,295262880.0,12365600.0,333556160.0,0.0,26982222.0,720771072.0,146164336.0,612491776.0,152883728.0,0.0,19966492.0,25063056.0,35854076.0,781519936.0,143678320.0,666578688.0,80444624.0
18,0.0,174825728.0,0.0,0.0,563889984.0,320352608.0,373440672.0,244493488.0,0.0,1166969.25,15718694.0,60843364.0,535435072.0,255851088.0,296003296.0,79668128.0,0.0,41427740.0,11265793.0,31403060.0,64767400.0,48030432.0,129187312.0,4030022.0,0.0,1566153.625,0.0,32060526.0,520621952.0,226048352.0,102081600.0,58030272.0,0.0,0.0,0.0,88791384.0,308676032.0,137119200.0,130103200.0,70365856.0,0.0,0.0,0.0,36364316.0,180264096.0,54906256.0,43342056.0,12027453.0,68809816.0,56715568.0,3337254.0,0.0,326319104.0,75405064.0,143811072.0,141975968.0,0.0,50225676.0,10682330.0,16122167.0,259042976.0,0.0,119639504.0,99953528.0,0.0,26995296.0,15365497.0,0.0,131241520.0,0.0,49158672.0,80099864.0
52,152127936.0,211150384.0,0.0,363155328.0,850883008.0,0.0,579637440.0,47189468.0,0.0,171893760.0,0.0,167046640.0,672144960.0,0.0,551015488.0,282346912.0,0.0,312954720.0,0.0,296282368.0,756650624.0,0.0,742199040.0,65476512.0,0.0,160935120.0,58924848.0,168182240.0,840102912.0,122311376.0,727177344.0,90919936.0,0.0,282550016.0,0.0,341123648.0,846042496.0,0.0,633806848.0,99734264.0,81720808.0,446572832.0,0.0,331745888.0,738885824.0,0.0,787777984.0,18151374.0,2581507.5,304180416.0,87816200.0,232218992.0,721273472.0,51344820.0,697400128.0,265179392.0,0.0,441281024.0,0.0,482206880.0,710182208.0,0.0,661780096.0,187516512.0,0.0,347997376.0,95777432.0,216274304.0,888361088.0,0.0,702790656.0,104993384.0
44,0.0,0.0,0.0,0.0,434950688.0,313874208.0,240275696.0,154793616.0,0.0,0.0,0.0,77759752.0,220453648.0,63328656.0,145252736.0,38123836.0,0.0,7071767.0,22411770.0,2707260.5,54212848.0,35451312.0,6920951.0,31255316.0,0.0,0.0,0.0,27286044.0,428963808.0,101107352.0,125455080.0,143647936.0,0.0,0.0,0.0,21901284.0,215019088.0,0.0,60271284.0,51384884.0,0.0,1733340.75,13530314.0,17911282.0,65872476.0,4783040.0,23070860.0,37349756.0,60584716.0,65042004.0,846062.875,0.0,160230272.0,0.0,73024752.0,13402412.0,0.0,32144742.0,11965380.0,0.0,107996168.0,0.0,47760596.0,10538056.0,0.0,15110587.0,19571304.0,0.0,39343184.0,6711128.0,24317018.0,8847703.0
17,31437420.0,230725728.0,0.0,267217504.0,800765056.0,0.0,555683776.0,374312960.0,0.0,344534560.0,0.0,170135376.0,918536512.0,0.0,838669568.0,59151276.0,108294728.0,258622656.0,0.0,336964832.0,719610624.0,0.0,743012544.0,21959162.0,0.0,236562800.0,0.0,248516976.0,783111936.0,0.0,670993280.0,29808622.0,14078654.0,276446400.0,0.0,337754400.0,810919872.0,15536342.0,734971904.0,233147504.0,110283296.0,359448544.0,0.0,347230144.0,687253952.0,40783620.0,820066752.0,37065360.0,0.0,309423104.0,201744944.0,258214272.0,683244416.0,131994112.0,630901312.0,272572576.0,0.0,177031280.0,0.0,198490336.0,731531584.0,77149504.0,703218944.0,159454784.0,0.0,251959408.0,72439408.0,295810080.0,858305600.0,0.0,779234816.0,77941256.0
36,0.0,416568128.0,0.0,110960760.0,910011136.0,0.0,654286784.0,118709472.0,36450472.0,287407936.0,0.0,201139728.0,845002432.0,0.0,718755328.0,179384640.0,0.0,395404928.0,0.0,248437376.0,789926848.0,0.0,865744832.0,129540080.0,0.0,306815744.0,0.0,300482496.0,923748928.0,0.0,721654592.0,123645168.0,117229200.0,307919360.0,0.0,229367408.0,664919552.0,0.0,838865536.0,50112728.0,250524016.0,238436224.0,0.0,162025488.0,719368128.0,0.0,517235968.0,113193736.0,0.0,486498368.0,66587272.0,310675776.0,849395072.0,0.0,993715328.0,406886368.0,31126588.0,407485984.0,0.0,371892288.0,737846400.0,0.0,753879296.0,173678992.0,14910295.0,319330176.0,0.0,302393344.0,748474752.0,0.0,681401536.0,270040928.0
49,0.0,283785856.0,0.0,173046624.0,904349248.0,0.0,685437632.0,98524776.0,98455616.0,247059984.0,0.0,278590240.0,768527936.0,0.0,835002368.0,101106368.0,128821920.0,263713472.0,0.0,305656256.0,880474432.0,0.0,788360384.0,164149056.0,2600656.5,329091872.0,0.0,246493824.0,843167936.0,0.0,730835264.0,230283632.0,0.0,339075584.0,28062048.0,226092320.0,785814592.0,0.0,615373888.0,191861344.0,0.0,316500000.0,0.0,175954480.0,787758464.0,0.0,693898304.0,96684864.0,0.0,341493536.0,127542680.0,226404496.0,928174400.0,198607264.0,840766720.0,218489808.0,0.0,284937728.0,0.0,181370560.0,773404864.0,0.0,644421312.0,229745072.0,0.0,139571184.0,0.0,457197248.0,791980672.0,0.0,715093120.0,0.0
86,0.0,21148458.0,35256328.0,0.0,43292284.0,4374798.0,37694136.0,7208240.0,0.0,0.0,0.0,0.0,0.0,0.0,0.0,0.0,0.0,0.0,0.0,0.0,0.0,0.0,0.0,0.0,0.0,0.0,0.0,0.0,0.0,0.0,0.0,0.0,0.0,0.0,0.0,0.0,0.0,0.0,0.0,0.0,0.0,0.0,0.0,0.0,0.0,0.0,0.0,0.0,0.0,0.0,0.0,0.0,0.0,0.0,0.0,0.0,0.0,0.0,0.0,0.0,0.0,0.0,0.0,0.0,0.0,0.0,0.0,0.0,0.0,0.0,0.0,0.0
37,0.0,113403696.0,0.0,200033488.0,714128704.0,0.0,687848256.0,144459904.0,0.0,315288000.0,0.0,376093984.0,854223680.0,2086578.25,697648768.0,100253920.0,14797302.0,303071296.0,0.0,270692896.0,613335616.0,0.0,824366784.0,72772896.0,259918816.0,233413744.0,0.0,332730720.0,985085120.0,0.0,680692672.0,87362304.0,0.0,427629536.0,0.0,357120128.0,949548736.0,76474056.0,781849152.0,19681528.0,0.0,583148544.0,0.0,229910432.0,841085952.0,0.0,839957120.0,0.0,0.0,441010848.0,204972128.0,157361072.0,778514816.0,158475280.0,495423840.0,125678544.0,0.0,302738592.0,80982368.0,470954784.0,874340864.0,53538064.0,637132928.0,87149560.0,23842624.0,149353856.0,35797296.0,285478496.0,739044224.0,158606112.0,811959360.0,26060970.0
56,0.0,275872736.0,0.0,271151808.0,793471296.0,0.0,603639424.0,111843984.0,0.0,123435224.0,0.0,308425344.0,829977664.0,0.0,522507520.0,3442840.0,0.0,363600992.0,0.0,455960832.0,980543104.0,0.0,610007744.0,30841710.0,90989776.0,229901120.0,0.0,338904608.0,768097344.0,0.0,724111296.0,171275008.0,22944690.0,311118784.0,0.0,326800768.0,871667072.0,0.0,601984640.0,267223440.0,0.0,394504864.0,10799557.0,574778560.0,915223232.0,0.0,741205632.0,180467936.0,51120568.0,354354528.0,0.0,573858496.0,1057925312.0,0.0,687195776.0,113679504.0,81560992.0,334559520.0,0.0,429130816.0,839233792.0,41251408.0,801867520.0,210764944.0,0.0,285439168.0,0.0,330547872.0,699000704.0,0.0,747887744.0,196631904.0
63,108535288.0,271949600.0,0.0,344624000.0,780319296.0,0.0,771295296.0,119813688.0,7472006.5,348629568.0,67286040.0,253715504.0,753579136.0,0.0,643319808.0,264929744.0,0.0,234506240.0,0.0,266692144.0,898368576.0,0.0,757782080.0,203398288.0,0.0,331777856.0,68263616.0,214924352.0,847675968.0,0.0,583269568.0,182461968.0,163055760.0,416165888.0,0.0,362902208.0,860687360.0,0.0,722654720.0,122287184.0,151630384.0,263083264.0,0.0,356810688.0,975945792.0,0.0,814618816.0,0.0,0.0,278717408.0,0.0,247901584.0,643435264.0,134696608.0,617980800.0,238751472.0,0.0,275955648.0,29733168.0,323676352.0,864872960.0,0.0,709230528.0,140430816.0,207866848.0,250488208.0,0.0,352632576.0,658137280.0,33264642.0,702913920.0,210009856.0
35,0.0,257343712.0,0.0,316170976.0,772992128.0,0.0,705442176.0,122103088.0,0.0,232003776.0,16980276.0,335272544.0,631880896.0,0.0,800034624.0,0.0,47985016.0,287242976.0,0.0,357792352.0,864740480.0,0.0,593624960.0,210051296.0,21957336.0,303377472.0,0.0,135594464.0,817942784.0,0.0,745619584.0,129351264.0,59425768.0,407009728.0,18143488.0,234379472.0,854703360.0,0.0,644581376.0,48907744.0,0.0,379379200.0,62434764.0,418557568.0,832974976.0,0.0,642768896.0,85875536.0,17267688.0,261475568.0,0.0,169587760.0,748052096.0,0.0,806637760.0,174110272.0,154500000.0,154750144.0,0.0,309022016.0,907502208.0,75377600.0,775968704.0,61455764.0,39413792.0,250483408.0,0.0,177349936.0,809764224.0,70272752.0,577686784.0,186854192.0
97,0.0,118083992.0,0.0,291469056.0,702020224.0,0.0,603946752.0,81055576.0,20809484.0,240219696.0,110797744.0,265728960.0,716617152.0,0.0,968928000.0,0.0,0.0,244031200.0,0.0,283467200.0,784386880.0,260756832.0,696915264.0,0.0,0.0,341397984.0,0.0,0.0,736499712.0,56524196.0,539322304.0,125282240.0,0.0,140906240.0,7142558.0,13910252.0,603304448.0,202406720.0,686485184.0,27786334.0,0.0,0.0,0.0,24231430.0,708201856.0,189503552.0,438993568.0,107453920.0,0.0,0.0,0.0,15300910.0,622676544.0,270901664.0,308130400.0,175699072.0,0.0,0.0,0.0,0.0,460412352.0,322686592.0,343558272.0,178656384.0,0.0,0.0,0.0,0.0,459642272.0,255454208.0,215056224.0,140765456.0
75,53039988.0,246138976.0,180584432.0,74989712.0,722844480.0,308305696.0,728289536.0,153409456.0,0.0,94365328.0,118764480.0,84634472.0,668829568.0,341289856.0,465679616.0,66783216.0,0.0,0.0,0.0,83014896.0,247176304.0,80294712.0,280629088.0,80876896.0,0.0,0.0,0.0,95644952.0,505747168.0,279974272.0,397647616.0,113493784.0,0.0,41229264.0,0.0,0.0,458222624.0,275292224.0,258496928.0,140652624.0,0.0,4459365.5,0.0,64458224.0,279642848.0,50412632.0,200046432.0,30079454.0,46275860.0,0.0,0.0,86940520.0,494090304.0,269838848.0,188932704.0,131931888.0,0.0,0.0,0.0,93198384.0,460694336.0,85840216.0,134751984.0,141628416.0,0.0,0.0,0.0,159210480.0,222299408.0,0.0,151080736.0,73454576.0
57,0.0,20294538.0,0.0,0.0,578465024.0,284635520.0,267260768.0,152024912.0,0.0,0.0,0.0,35610836.0,276230752.0,85638168.0,185083328.0,80602768.0,0.0,31793366.0,35169148.0,26961154.0,60293592.0,58375160.0,29980186.0,71971232.0,0.0,0.0,0.0,116809168.0,521369952.0,132542072.0,126745248.0,131278632.0,0.0,0.0,0.0,120583448.0,270916480.0,0.0,156663952.0,120235152.0,0.0,0.0,9949532.0,19624258.0,97570328.0,30934926.0,33764680.0,36887932.0,62126688.0,65349500.0,0.0,0.0,253876816.0,33688040.0,138654528.0,71707752.0,0.0,33548024.0,0.0,0.0,161930144.0,0.0,156764480.0,47161508.0,0.0,19156946.0,12336229.0,0.0,71463400.0,26444974.0,35434064.0,30422402.0
88,19308398.0,343123776.0,15016558.0,293973568.0,781134784.0,178566416.0,933380800.0,0.0,0.0,179784672.0,60495488.0,175716720.0,837037376.0,0.0,989421184.0,0.0,0.0,58832760.0,159229280.0,141663904.0,530712288.0,161380864.0,475899360.0,0.0,0.0,279412160.0,154061600.0,0.0,668385664.0,227131648.0,686693696.0,228931216.0,94339472.0,80406448.0,0.0,0.0,596676288.0,312104224.0,469382816.0,157755232.0,0.0,46748820.0,61596140.0,3245914.0,630764800.0,217371936.0,235500480.0,211712992.0,0.0,0.0,0.0,347709440.0,627156672.0,368223744.0,273561888.0,45740088.0,0.0,86491960.0,0.0,153924464.0,534772608.0,258194352.0,342823680.0,113008936.0,0.0,0.0,0.0,78460752.0,352612896.0,321317760.0,172464656.0,45921852.0
10,68628192.0,0.0,0.0,104388760.0,707831104.0,157317744.0,750436352.0,47905452.0,0.0,64152376.0,0.0,54478192.0,736613120.0,261048000.0,443248320.0,65777572.0,0.0,14511062.0,0.0,139114128.0,502577952.0,67694328.0,434501664.0,0.0,0.0,50123240.0,0.0,0.0,532001024.0,399061440.0,271317344.0,245947120.0,0.0,10491180.0,0.0,0.0,459402944.0,260459488.0,242946144.0,19760646.0,0.0,0.0,0.0,7478161.0,303414304.0,126573976.0,210396352.0,73007512.0,61741832.0,0.0,0.0,112569312.0,419632544.0,166567968.0,163049248.0,103106024.0,0.0,0.0,0.0,2352268.75,571654656.0,123050048.0,125718344.0,147523584.0,0.0,0.0,0.0,117150584.0,233041664.0,0.0,193898496.0,62063692.0
53,0.0,84350776.0,0.0,0.0,536343328.0,243432176.0,363950176.0,273892000.0,0.0,0.0,0.0,47379860.0,312379584.0,121827608.0,244960848.0,50330156.0,0.0,12783507.0,78800208.0,16851490.0,65220264.0,39124620.0,7863603.5,49051744.0,0.0,0.0,0.0,102534888.0,498553024.0,191227616.0,102535800.0,203507856.0,0.0,0.0,0.0,99750208.0,387363872.0,0.0,158801360.0,110093552.0,0.0,0.0,8184717.0,12875738.0,129081248.0,37704640.0,49148776.0,37353404.0,69146736.0,83676032.0,0.0,0.0,258648112.0,48105584.0,161502880.0,106176744.0,0.0,64951700.0,0.0,18983406.0,168396448.0,0.0,164022704.0,64596252.0,0.0,31547960.0,22386762.0,0.0,67800000.0,45895532.0,61683384.0,42380916.0
8,0.0,288788832.0,0.0,284441952.0,723659456.0,201244528.0,644248384.0,104917816.0,0.0,39178472.0,160592736.0,99459112.0,709616320.0,101098640.0,684574080.0,21100434.0,0.0,77860216.0,0.0,84126264.0,593854208.0,225262080.0,296029504.0,25877144.0,7281194.5,18646682.0,0.0,0.0,634638720.0,360952384.0,477471968.0,231301664.0,0.0,54346284.0,33825680.0,0.0,701434112.0,365428672.0,441013088.0,257620784.0,0.0,0.0,0.0,0.0,481412992.0,264990320.0,303671008.0,79809016.0,14289464.0,0.0,0.0,107646016.0,471825856.0,318324672.0,157676112.0,82917736.0,0.0,0.0,0.0,41128212.0,521142624.0,356291936.0,148010864.0,108063984.0,0.0,0.0,0.0,77496808.0,336657632.0,173478576.0,142570992.0,94654104.0
39,8762949.0,224770912.0,0.0,219581520.0,746617408.0,0.0,614612800.0,180797376.0,0.0,292323680.0,0.0,170776224.0,865485120.0,0.0,723078400.0,129643888.0,96213720.0,372862432.0,0.0,342617920.0,950634496.0,90157320.0,893929664.0,140884192.0,47222420.0,275376544.0,0.0,216452608.0,770897792.0,50071996.0,837781248.0,0.0,116416264.0,159747344.0,88362528.0,283450240.0,762444160.0,103985912.0,484665056.0,160019536.0,32129912.0,219149472.0,0.0,204028768.0,779816192.0,0.0,805478592.0,157189664.0,0.0,146768256.0,204377312.0,231931936.0,581089856.0,227212928.0,551362304.0,138009936.0,0.0,264672864.0,167634080.0,312242784.0,720808512.0,248261056.0,542533312.0,242848176.0,0.0,154473552.0,0.0,193749136.0,832265216.0,344391456.0,850245504.0,68434400.0
47,0.0,433333728.0,25586476.0,358473632.0,790854848.0,29742628.0,765041472.0,110139272.0,0.0,249621456.0,0.0,385093152.0,867748288.0,0.0,640707520.0,201651472.0,0.0,443580576.0,0.0,573566720.0,751343424.0,0.0,796544128.0,155458560.0,56935644.0,250090688.0,0.0,279721312.0,787131456.0,0.0,706029696.0,219985120.0,145250720.0,252185600.0,0.0,243571120.0,717922240.0,0.0,763240704.0,75253728.0,249134576.0,256972960.0,49727928.0,198853488.0,815140544.0,17835536.0,687314752.0,261934016.0,171761264.0,379850176.0,0.0,128693248.0,734265216.0,0.0,694824768.0,189954496.0,0.0,172002160.0,0.0,120955408.0,793945280.0,68174840.0,500549920.0,129776112.0,0.0,313031840.0,0.0,349932928.0,651689920.0,0.0,586464704.0,208829440.0
60,18682078.0,106322800.0,6822984.0,146494448.0,618057728.0,149015216.0,717246016.0,0.0,0.0,84308536.0,8716547.0,117231768.0,716665472.0,246138592.0,749493888.0,86702648.0,0.0,0.0,40792876.0,60399024.0,434163552.0,146269360.0,474454496.0,41958308.0,0.0,79105504.0,0.0,0.0,509410144.0,225956256.0,360306752.0,122870520.0,0.0,148982704.0,15581377.0,0.0,489121664.0,249759648.0,239777296.0,136582384.0,0.0,0.0,0.0,32793866.0,237373168.0,142066016.0,225783856.0,67426752.0,0.0,0.0,0.0,141405216.0,429835680.0,198488000.0,129072968.0,150224000.0,0.0,0.0,0.0,79692176.0,503878208.0,122995928.0,145283328.0,196452736.0,0.0,0.0,0.0,116900744.0,298202272.0,60516020.0,94913336.0,50241212.0
89,0.0,0.0,0.0,0.0,516901280.0,268666624.0,200905216.0,98335520.0,0.0,0.0,0.0,69407816.0,146264304.0,83400376.0,159038288.0,83508968.0,0.0,34405612.0,39879644.0,11723941.0,117044032.0,68651992.0,21095742.0,58575772.0,0.0,0.0,0.0,47707244.0,509271552.0,103247504.0,119754504.0,149641712.0,0.0,0.0,0.0,150574416.0,232794928.0,0.0,114940008.0,112749512.0,0.0,4164266.75,15734972.0,13419246.0,77711136.0,5388152.5,27462414.0,41321580.0,99927048.0,45840228.0,3604955.25,0.0,163904224.0,0.0,71205136.0,30525118.0,0.0,54662784.0,546022.75,1906662.0,132295552.0,0.0,76324952.0,19577366.0,0.0,18390982.0,23859554.0,0.0,51326740.0,7242577.0,34189528.0,9703012.0
51,0.0,358927328.0,0.0,155582784.0,866813120.0,0.0,633740352.0,115981680.0,0.0,323016096.0,129565192.0,231111472.0,757883840.0,0.0,855360960.0,167418336.0,0.0,443849280.0,0.0,376823168.0,775857792.0,0.0,986231936.0,0.0,0.0,283981664.0,0.0,341068768.0,661386368.0,71240888.0,596378432.0,207273920.0,17987496.0,347186368.0,94456928.0,369300608.0,778019968.0,0.0,875868672.0,0.0,7477704.5,300379552.0,0.0,244392752.0,800951936.0,0.0,952351232.0,44273116.0,13032302.0,252363216.0,227607024.0,327392160.0,858716992.0,132894560.0,515618176.0,168305184.0,3324964.0,314081184.0,82294408.0,127078256.0,776352832.0,0.0,918191040.0,392157792.0,0.0,58244524.0,65171828.0,115135328.0,815282688.0,59051968.0,1006767232.0,98772096.0
14,0.0,0.0,0.0,275350432.0,650748992.0,277238368.0,614230784.0,44884100.0,0.0,0.0,92128128.0,0.0,817465280.0,152435488.0,584262464.0,21890076.0,0.0,0.0,0.0,106650216.0,405704480.0,103041440.0,366894592.0,13111764.0,0.0,47492428.0,0.0,0.0,470876768.0,467681024.0,372403072.0,211387664.0,0.0,22576434.0,0.0,0.0,424418944.0,221744704.0,283681952.0,233351072.0,0.0,0.0,0.0,34841864.0,329573536.0,85239352.0,135051728.0,35083904.0,11196241.0,0.0,0.0,0.0,468055936.0,195194912.0,191853696.0,141809200.0,0.0,0.0,0.0,120770352.0,449309280.0,81471072.0,112954960.0,171288544.0,0.0,0.0,0.0,109529776.0,236419152.0,12370926.0,104092840.0,58423548.0
28,0.0,20763284.0,2018139.625,0.0,448312000.0,197735840.0,229467632.0,113917192.0,0.0,0.0,0.0,113085640.0,246877936.0,73870928.0,166226320.0,44837088.0,0.0,17831832.0,15380689.0,25472584.0,63677848.0,63191084.0,44589216.0,50626648.0,0.0,0.0,0.0,0.0,463803520.0,100168032.0,144133696.0,147643984.0,0.0,0.0,0.0,124083560.0,214037920.0,0.0,103930824.0,66088412.0,0.0,3012035.25,13171002.0,9527091.0,86004648.0,11089463.0,54053164.0,50533592.0,43504196.0,83330392.0,0.0,0.0,182312240.0,0.0,78887904.0,31505166.0,0.0,28648686.0,6982973.5,0.0,121622072.0,0.0,49449904.0,13432053.0,0.0,18440914.0,34559336.0,0.0,52544060.0,2131300.75,41282196.0,8587716.0
16,0.0,30839252.0,21746842.0,0.0,55908304.0,45281336.0,60315336.0,42023412.0,0.0,0.0,0.0,0.0,0.0,0.0,0.0,0.0,0.0,0.0,0.0,0.0,0.0,0.0,0.0,0.0,0.0,0.0,0.0,0.0,0.0,0.0,0.0,0.0,0.0,0.0,0.0,0.0,0.0,0.0,0.0,0.0,0.0,0.0,0.0,0.0,0.0,0.0,0.0,0.0,0.0,0.0,0.0,0.0,0.0,0.0,0.0,0.0,0.0,0.0,0.0,0.0,0.0,0.0,0.0,0.0,0.0,0.0,0.0,0.0,0.0,0.0,0.0,0.0
34,32952092.0,277093408.0,0.0,218211456.0,1042578688.0,0.0,800030272.0,185875936.0,17324674.0,395202720.0,42928172.0,86630520.0,802555456.0,0.0,514930176.0,280486080.0,127228616.0,238849936.0,0.0,301536736.0,856051520.0,0.0,758442304.0,146468528.0,0.0,64098504.0,0.0,374657728.0,845006720.0,0.0,605693120.0,155593328.0,20820786.0,229109728.0,0.0,451390208.0,879874560.0,0.0,691434496.0,146398944.0,44134748.0,180239584.0,0.0,386502496.0,950896768.0,0.0,751105280.0,140785392.0,0.0,243070320.0,0.0,281971744.0,760678656.0,0.0,559386688.0,119516912.0,0.0,178377904.0,0.0,395690240.0,765046784.0,0.0,649640256.0,1371143.0,0.0,303792000.0,0.0,357084480.0,767306880.0,0.0,688083712.0,108166336.0
82,0.0,169093856.0,11851548.0,285913760.0,697489600.0,0.0,723452992.0,137328400.0,0.0,338526624.0,0.0,325010080.0,720104832.0,0.0,628380992.0,121736576.0,191591536.0,344356640.0,0.0,254127184.0,731181056.0,0.0,727429248.0,39708776.0,16517914.0,273050752.0,22357802.0,281462368.0,878589952.0,0.0,832745984.0,155593232.0,0.0,128569760.0,0.0,499907520.0,844648064.0,0.0,699997376.0,74800160.0,0.0,325007168.0,0.0,352789088.0,675826368.0,0.0,905743488.0,0.0,0.0,344209248.0,0.0,82652128.0,712074752.0,149875072.0,647259584.0,218033424.0,0.0,273853376.0,232831424.0,195305872.0,767600128.0,698083.375,810534016.0,125376008.0,0.0,151443072.0,0.0,164039200.0,820539200.0,128134120.0,711868544.0,121240968.0
46,1012165.5,282036672.0,0.0,339782432.0,907585216.0,135262192.0,776419584.0,92688944.0,0.0,244425280.0,0.0,372220096.0,951827008.0,0.0,723728832.0,14498848.0,121528464.0,202570608.0,0.0,154412464.0,818764800.0,87221104.0,904464384.0,0.0,95475312.0,299920000.0,29209926.0,51078152.0,966141120.0,18397600.0,731882112.0,309460000.0,0.0,423272320.0,101922552.0,142186416.0,791568000.0,31741630.0,748491776.0,103824976.0,0.0,123184984.0,69888928.0,234767632.0,856177024.0,0.0,945735232.0,0.0,130377360.0,183407616.0,167839712.0,0.0,630771328.0,286841824.0,397944896.0,329060992.0,0.0,277271680.0,11530384.0,0.0,866106688.0,277955328.0,376589984.0,273995040.0,122068296.0,102239312.0,59870376.0,0.0,554399360.0,357781184.0,558243264.0,289776032.0
27,160000624.0,103239576.0,0.0,281926816.0,900965248.0,0.0,555993984.0,136363104.0,0.0,359508640.0,0.0,535879808.0,877136576.0,0.0,588072960.0,160303152.0,0.0,219345920.0,0.0,298373760.0,862064960.0,0.0,767562944.0,0.0,7113653.0,329465792.0,12146024.0,340524736.0,952143168.0,0.0,654514176.0,116113736.0,86205520.0,248608720.0,0.0,262176912.0,766579712.0,0.0,695029632.0,237771008.0,149704656.0,304844864.0,0.0,289192352.0,769219200.0,0.0,718142784.0,61126672.0,10654664.0,318899808.0,100030624.0,411383776.0,666485056.0,0.0,735657920.0,212697488.0,0.0,157866000.0,86064648.0,335395648.0,667623616.0,0.0,789196864.0,108817264.0,0.0,346579712.0,208365408.0,173555328.0,698959232.0,0.0,719198592.0,137864240.0
20,0.0,318979232.0,0.0,366119936.0,778735744.0,0.0,766091712.0,272008896.0,0.0,289146496.0,0.0,234963776.0,917509696.0,0.0,800472768.0,195197712.0,0.0,239674928.0,110394768.0,364539360.0,638546304.0,0.0,748675392.0,235603376.0,14878970.0,255403920.0,0.0,315181312.0,726232640.0,0.0,682352896.0,144888816.0,16085578.0,273357600.0,28275508.0,137858640.0,876512704.0,0.0,652034432.0,84078832.0,0.0,334281536.0,0.0,189335216.0,878030976.0,0.0,647286208.0,232898368.0,0.0,222627056.0,0.0,90406544.0,862830720.0,0.0,642675136.0,233899024.0,0.0,261200416.0,0.0,311724128.0,805718592.0,0.0,649381632.0,90509424.0,0.0,191854304.0,0.0,315432000.0,725034496.0,0.0,896530688.0,69963040.0
9,0.0,73485592.0,0.0,0.0,676327104.0,234536192.0,700264512.0,20072350.0,0.0,91602456.0,24730416.0,91653624.0,547787904.0,248496000.0,410827776.0,45535344.0,0.0,0.0,0.0,0.0,145604880.0,119498824.0,259631888.0,68672024.0,0.0,0.0,0.0,16162169.0,553575872.0,323666848.0,407860672.0,170193504.0,0.0,0.0,0.0,1659950.25,528104160.0,211986384.0,186202832.0,106018888.0,0.0,0.0,0.0,103209912.0,218667488.0,101865344.0,106824768.0,32142760.0,0.0,0.0,0.0,78249104.0,502726048.0,168889696.0,162412032.0,143473360.0,0.0,0.0,0.0,0.0,396526272.0,67507976.0,148832016.0,175737984.0,0.0,0.0,0.0,106203744.0,280487680.0,0.0,193327184.0,86296136.0
92,0.0,32986778.0,0.0,0.0,732099264.0,219231840.0,430009728.0,167067152.0,0.0,0.0,31211446.0,0.0,529120864.0,212328160.0,375590080.0,332383040.0,0.0,0.0,67687448.0,77915504.0,161227376.0,90243144.0,78415160.0,51448060.0,0.0,0.0,0.0,20607888.0,595608512.0,477086528.0,324126816.0,160144672.0,0.0,0.0,0.0,158484256.0,470364736.0,264251248.0,172878624.0,71375584.0,0.0,19207790.0,0.0,103072360.0,151755168.0,39888908.0,196552752.0,33957372.0,141563200.0,3744463.5,0.0,94717512.0,504162656.0,148261920.0,163183312.0,224517056.0,0.0,36583452.0,0.0,94356072.0,421433920.0,0.0,185747792.0,151669168.0,0.0,0.0,20967492.0,54567324.0,293656320.0,19066842.0,116454728.0,51436712.0
3,106215160.0,280068448.0,0.0,151801296.0,811311360.0,0.0,567813888.0,54899272.0,72272336.0,426730208.0,57163620.0,271706464.0,794709760.0,0.0,893427328.0,23550654.0,0.0,282363104.0,0.0,322988032.0,951806208.0,0.0,914098496.0,0.0,0.0,191869120.0,0.0,259701472.0,713899072.0,0.0,876536384.0,101011224.0,0.0,416816416.0,0.0,256633744.0,685041856.0,0.0,619766784.0,187810096.0,0.0,92251568.0,0.0,253229600.0,711503808.0,0.0,820358592.0,18029022.0,3691003.25,422844768.0,207282256.0,154475040.0,730750976.0,129747336.0,780976960.0,283846688.0,0.0,532897760.0,139301920.0,454572160.0,834606848.0,56755972.0,587240512.0,103174232.0,16670953.0,419622944.0,10894227.0,343949344.0,788846336.0,257376832.0,743140672.0,80946320.0
98,0.0,342226208.0,0.0,220998048.0,724750272.0,0.0,860606912.0,25730466.0,0.0,220631312.0,46194664.0,154119568.0,679928320.0,2252784.0,879240192.0,0.0,0.0,166488112.0,0.0,152565744.0,546241984.0,60064712.0,527078176.0,0.0,60010284.0,187998000.0,159062912.0,81471488.0,697529728.0,256600992.0,528913824.0,248159312.0,0.0,143713552.0,151430016.0,0.0,534135680.0,222093120.0,639275456.0,145618768.0,0.0,0.0,0.0,40184612.0,679525376.0,294581984.0,413566656.0,136759264.0,0.0,121019040.0,0.0,225870880.0,561115264.0,330910720.0,289778304.0,176038256.0,0.0,18672118.0,0.0,13650358.0,597994688.0,327344864.0,339248192.0,157178608.0,0.0,0.0,0.0,0.0,549473664.0,287688448.0,184073824.0,182496496.0
29,0.0,1712062.125,37876952.0,0.0,542536768.0,319368448.0,440171680.0,220505376.0,0.0,0.0,0.0,19541720.0,420096480.0,204794624.0,286611616.0,144251808.0,0.0,31122660.0,13189223.0,10964329.0,109048560.0,40380860.0,53986548.0,18397378.0,0.0,0.0,0.0,77066416.0,520638912.0,209420912.0,158537248.0,191466352.0,0.0,0.0,0.0,69376544.0,266346416.0,164386848.0,123616336.0,30701816.0,0.0,0.0,0.0,12010522.0,130911272.0,46836088.0,30838526.0,42932996.0,66270816.0,30892392.0,9313374.0,0.0,326667584.0,64137996.0,79381672.0,157025264.0,0.0,47285488.0,20408096.0,12152401.0,261614496.0,0.0,90022072.0,93922472.0,0.0,31337348.0,33067060.0,0.0,147412256.0,0.0,43607480.0,49029444.0
80,23671412.0,302488224.0,0.0,195459040.0,786777984.0,0.0,714793728.0,242557344.0,5532629.0,520222080.0,0.0,336696480.0,993782720.0,0.0,853924224.0,137937120.0,141234496.0,172573728.0,0.0,157151024.0,828741952.0,0.0,969654656.0,0.0,8664244.0,406060896.0,137346240.0,402593024.0,672056256.0,0.0,653691008.0,187340976.0,33786952.0,228012608.0,0.0,242898176.0,888354304.0,0.0,827095680.0,87487464.0,83743032.0,61205680.0,68247464.0,155013344.0,706122112.0,58026592.0,945704832.0,0.0,0.0,290799648.0,79929344.0,0.0,746687296.0,235196688.0,180662224.0,358726112.0,5865736.0,233724112.0,27175242.0,32928484.0,736365440.0,456622144.0,468664192.0,419514272.0,0.0,66520684.0,0.0,0.0,683459712.0,280249568.0,467939392.0,330750368.0
73,101749800.0,0.0,40272952.0,0.0,834039616.0,172981552.0,707188096.0,66873168.0,0.0,22479066.0,163484272.0,228389200.0,691027584.0,224659520.0,478561312.0,0.0,0.0,0.0,12674498.0,153563888.0,298285088.0,62804776.0,235450944.0,43018000.0,0.0,0.0,0.0,35022884.0,612073024.0,315740416.0,402034592.0,184722304.0,0.0,0.0,0.0,7227867.5,547841856.0,260669136.0,217386704.0,233264848.0,0.0,0.0,0.0,83571856.0,207924384.0,68411920.0,225233024.0,42621688.0,0.0,0.0,0.0,75791472.0,540394048.0,152471904.0,258483200.0,179927792.0,0.0,0.0,0.0,27048588.0,408659520.0,105168040.0,107744688.0,135345296.0,0.0,0.0,0.0,64739440.0,258769648.0,0.0,108775568.0,77899160.0
