11,87,218,51,19,212,190,246,6,193,184,208,157,29,9,27,50,248,126,210,24,60,111,161,206,238,62,8,18,238,67,0,0
19,215,220,170,216,251,221,139,208,206,155,143,23,190,0,0,0,0,0,0,0,0,0,0,0,0,0,0,0,0,0,0,0
12,13,80,101,146,129,150,186,254,159,21,123,9,32,130,207,54,84,89,97,145,0,0,0,0,0,0,0,0,0,0,0,0
38,218,142,90,219,82,20,220,21,137,144,53,187,76,216,161,191,40,152,193,115,105,25,112,11,182,12,106,188,234,91,0,0
81,212,57,0,16,70,162,114,176,33,158,247,222,211,206,79,146,120,0,0,0,0,0,0,0,0,0,0,0,0,0,0,0
5,59,148,68,50,101,132,135,57,55,121,243,47,226,246,193,209,159,148,0,0,0,0,0,0,0,0,0,0,0,0,0,0
40,52,156,38,161,140,86,94,130,35,60,80,58,161,123,0,0,0,0,0,0,0,0,0,0,0,0,0,0,0,0,0,0
70,81,199,138,244,180,41,179,28,117,6,134,28,164,36,0,0,0,0,0,0,0,0,0,0,0,0,0,0,0,0,0,0
23,157,1,57,217,42,153,73,117,231,0,0,0,0,0,0,0,0,0,0,0,0,0,0,0,0,0,0,0,0,0,0,0
72,251,244,67,11,136,75,237,228,69,69,176,141,40,26,186,151,128,197,22,161,66,211,19,167,195,226,144,59,106,0,0,0
79,19,214,16,171,202,82,193,133,37,223,208,22,86,128,168,165,230,170,119,85,7,202,77,172,93,64,45,3,242,93,37,214
78,121,203,62,33,227,23,171,99,150,201,230,107,253,3,151,30,76,134,218,209,18,22,32,197,184,69,0,0,0,0,0,0
87,17,73,218,8,243,27,88,19,67,19,231,187,221,16,187,241,222,77,92,207,0,0,0,0,0,0,0,0,0,0,0,0
6,254,135,61,29,177,253,8,157,122,200,113,20,41,134,9,140,141,221,215,19,55,134,75,0,0,0,0,0,0,0,0,0
68,38,49,185,148,157,176,19,175,149,147,16,7,201,124,136,192,205,216,70,14,227,115,180,101,5,0,0,0,0,0,0,0
69,229,146,73,8,58,180,229,86,238,224,161,101,212,92,69,229,235,6,16,169,143,91,126,255,2,168,235,102,0,0,0,0
1,103,46,194,97,126,182,63,129,253,40,77,53,88,251,41,71,235,242,158,17,51,77,236,34,172,206,193,189,30,246,52,0
45,131,205,117,112,61,61,0,213,125,220,194,0,0,0,0,0,0,0,0,0,0,0,0,0,0,0,0,0,0,0,0,0
33,252,235,65,138,24,78,237,212,183,189,83,162,74,246,174,58,202,246,0,0,0,0,0,0,0,0,0,0,0,0,0,0
15,38,169,96,177,0,0,0,0,0,0,0,0,0,0,0,0,0,0,0,0,0,0,0,0,0,0,0,0,0,0,0,0
93,175,216,9,50,177,62,68,231,24,208,0,0,0,0,0,0,0,0,0,0,0,0,0,0,0,0,0,0,0,0,0,0
24,245,143,241,112,101,145,192,103,164,53,233,2,71,191,81,197,42,162,175,0,0,0,0,0,0,0,0,0,0,0,0,0
25,56,217,118,19,214,231,18,99,119,183,114,164,255,181,0,0,0,0,0,0,0,0,0,0,0,0,0,0,0,0,0,0
26,25,160,126,77,188,32,188,140,161,79,57,109,183,108,156,0,0,0,0,0,0,0,0,0,0,0,0,0,0,0,0,0
48,247,82,129,119,228,173,53,75,172,147,120,231,15,209,175,181,14,91,87,183,62,89,161,137,166,232,54,188,49,0,0,0
71,107,85,139,36,152,84,24,180,237,218,182,113,18,213,215,178,130,149,0,0,0,0,0,0,0,0,0,0,0,0,0,0
76,114,151,99,162,209,187,189,76,82,171,238,89,198,251,253,199,237,35,61,246,0,0,0,0,0,0,0,0,0,0,0,0
7,98,36,206,245,214,27,225,123,37,194,45,150,143,252,126,220,156,129,241,192,38,142,248,191,213,67,95,144,137,77,118,0
50,141,190,83,254,186,69,97,192,132,39,213,168,100,94,12,116,83,127,8,136,226,1,251,144,68,98,200,46,27,238,123,226
22,2,125,89,2,239,188,198,252,46,13,230,190,47,55,171,229,107,124,143,164,173,92,8,245,97,126,246,16,133,85,130,0
4,239,24,185,99,150,232,182,137,100,236,89,70,6,161,121,248,59,139,34,0,0,0,0,0,0,0,0,0,0,0,0,0
32,63,69,91,78,4,56,0,0,0,0,0,0,0,0,0,0,0,0,0,0,0,0,0,0,0,0,0,0,0,0,0,0
77,47,146,1,106,210,64,241,254,94,89,243,241,124,158,68,13,57,184,0,0,0,0,0,0,0,0,0,0,0,0,0,0
91,93,122,174,94,165,97,236,95,50,119,174,67,204,33,190,247,140,80,143,138,34,137,221,129,14,20,116,83,0,0,0,0
42,33,253,106,177,219,244,21,131,212,0,0,0,0,0,0,0,0,0,0,0,0,0,0,0,0,0,0,0,0,0,0,0
13,141,8,127,106,196,55,37,148,34,199,224,21,0,0,0,0,0,0,0,0,0,0,0,0,0,0,0,0,0,0,0,0
41,12,95,122,203,5,228,216,150,2,220,156,105,38,106,36,171,8,92,73,179,33,168,50,62,40,5,0,0,0,0,0,0
55,147,89,126,235,140,202,219,140,68,6,195,11,97,68,36,239,159,18,205,34,117,25,143,125,38,161,0,0,0,0,0,0
31,142,16,16,31,243,28,148,52,183,198,47,130,93,98,162,147,235,36,29,203,42,210,26,202,255,226,8,0,0,0,0,0
66,162,7,119,86,116,241,196,47,180,10,36,197,51,115,2,117,0,0,0,0,0,0,0,0,0,0,0,0,0,0,0,0
65,245,21,134,162,78,131,188,196,159,64,120,0,0,0,0,0,0,0,0,0,0,0,0,0,0,0,0,0,0,0,0,0
62,12,81,1,76,221,50,48,69,191,0,0,0,0,0,0,0,0,0,0,0,0,0,0,0,0,0,0,0,0,0,0,0
21,60,81,169,146,46,23,22,2,120,147,139,38,3,114,100,118,172,46,104,22,109,163,75,77,73,89,236,251,170,72,0,0
95,16,94,127,108,171,167,5,120,255,81,34,117,217,252,87,121,134,229,61,81,8,167,215,242,216,207,227,42,160,80,158,34
84,130,253,119,140,144,151,230,177,105,160,250,233,168,161,167,252,92,36,244,33,33,3,150,67,163,43,203,173,81,0,0,0
58,77,188,66,106,239,169,251,201,228,228,139,15,112,31,84,0,0,0,0,0,0,0,0,0,0,0,0,0,0,0,0,0
64,128,118,225,37,151,68,132,136,182,157,225,134,138,174,100,36,44,109,230,225,157,235,14,90,55,136,144,0,0,0,0,0
83,102,144,229,162,109,92,0,0,0,0,0,0,0,0,0,0,0,0,0,0,0,0,0,0,0,0,0,0,0,0,0,0
94,145,103,210,94,149,167,200,36,131,0,0,0,0,0,0,0,0,0,0,0,0,0,0,0,0,0,0,0,0,0,0,0
0,210,105,234,98,195,112,100,11,100,207,195,1,42,10,35,215,35,147,108,182,251,15,18,84,226,8,0,0,0,0,0,0
99,151,245,118,209,230,14,243,118,187,42,219,67,115,44,117,242,233,40,145,179,244,36,174,71,131,191,141,107,17,58,153,141
96,10,175,135,220,157,55,91,54,94,207,10,48,118,201,130,130,249,118,195,213,44,37,0,0,0,0,0,0,0,0,0,0
67,8,168,203,60,107,2,100,59,113,193,186,239,74,247,90,146,107,155,113,62,145,3,255,0,0,0,0,0,0,0,0,0
61,132,84,151,40,218,246,144,16,83,10,79,71,137,212,235,80,129,78,96,245,42,138,73,0,0,0,0,0,0,0,0,0
43,105,188,243,246,34,224,181,105,115,68,72,191,160,134,92,70,187,170,165,113,100,158,82,143,112,70,144,19,30,0,0,0
2,133,170,173,186,171,94,217,55,57,0,0,0,0,0,0,0,0,0,0,0,0,0,0,0,0,0,0,0,0,0,0,0
54,101,1,101,111,0,0,0,0,0,0,0,0,0,0,0,0,0,0,0,0,0,0,0,0,0,0,0,0,0,0,0,0
30,88,87,217,143,14,159,182,122,204,33,184,104,43,94,216,92,29,37,44,162,103,235,155,252,50,88,0,0,0,0,0,0
59,87,89,122,57,97,53,217,102,40,32,10,0,0,0,0,0,0,0,0,0,0,0,0,0,0,0,0,0,0,0,0,0
85,33,187,254,126,73,131,188,28,0,0,0,0,0,0,0,0,0,0,0,0,0,0,0,0,0,0,0,0,0,0,0,0
74,113,218,192,116,125,182,7,25,217,181,0,0,0,0,0,0,0,0,0,0,0,0,0,0,0,0,0,0,0,0,0,0
90,23,108,50,240,164,148,3,242,132,175,205,244,98,224,55,74,227,29,151,0,0,0,0,0,0,0,0,0,0,0,0,0
18,233,158,90,247,171,89,32,196,106,44,132,189,202,193,124,80,161,0,0,0,0,0,0,0,0,0,0,0,0,0,0,0
52,156,214,99,110,26,47,160,254,79,133,134,27,47,188,0,0,0,0,0,0,0,0,0,0,0,0,0,0,0,0,0,0
44,23,167,45,223,124,44,15,100,139,41,4,31,47,41,190,156,50,9,250,2,52,127,0,0,0,0,0,0,0,0,0,0
17,89,73,136,95,59,14,130,145,195,162,0,0,0,0,0,0,0,0,0,0,0,0,0,0,0,0,0,0,0,0,0,0
36,251,186,123,24,234,0,0,0,0,0,0,0,0,0,0,0,0,0,0,0,0,0,0,0,0,0,0,0,0,0,0,0
49,3,79,245,102,187,47,126,91,79,255,49,231,135,48,160,218,31,250,238,126,208,0,175,173,187,113,119,192,176,205,0,0
86,30,176,174,46,27,145,169,110,226,160,116,155,9,211,77,252,134,139,191,0,0,0,0,0,0,0,0,0,0,0,0,0
37,66,202,72,44,138,78,193,128,90,70,3,201,165,51,241,101,11,206,39,80,169,150,137,0,0,0,0,0,0,0,0,0
56,112,100,0,0,0,0,0,0,0,0,0,0,0,0,0,0,0,0,0,0,0,0,0,0,0,0,0,0,0,0,0,0
63,56,217,3,246,250,253,0,131,0,0,0,0,0,0,0,0,0,0,0,0,0,0,0,0,0,0,0,0,0,0,0,0
35,26,169,80,64,250,83,37,70,184,83,101,5,43,103,0,0,0,0,0,0,0,0,0,0,0,0,0,0,0,0,0,0
97,140,18,94,24,166,3,15,67,202,186,118,171,156,239,11,93,190,186,228,99,210,31,126,86,24,181,9,226,104,228,131,0
75,165,50,15,206,53,31,78,170,7,78,162,98,123,24,209,127,21,135,60,79,72,65,0,0,0,0,0,0,0,0,0,0
57,8,168,0,0,0,0,0,0,0,0,0,0,0,0,0,0,0,0,0,0,0,0,0,0,0,0,0,0,0,0,0,0
88,182,244,203,24,131,111,147,58,180,40,135,56,43,78,196,79,169,244,0,0,0,0,0,0,0,0,0,0,0,0,0,0
10,242,205,130,97,90,123,106,126,135,178,249,31,34,94,243,94,227,124,64,72,54,6,91,109,224,199,9,0,0,0,0,0
53,250,173,15,188,182,31,239,187,188,239,113,131,83,163,0,0,0,0,0,0,0,0,0,0,0,0,0,0,0,0,0,0
8,64,31,0,0,0,0,0,0,0,0,0,0,0,0,0,0,0,0,0,0,0,0,0,0,0,0,0,0,0,0,0,0
39,173,209,43,33,0,0,0,0,0,0,0,0,0,0,0,0,0,0,0,0,0,0,0,0,0,0,0,0,0,0,0,0
47,244,141,164,226,112,19,41,88,245,92,238,158,242,0,0,0,0,0,0,0,0,0,0,0,0,0,0,0,0,0,0,0
60,82,8,211,210,195,181,247,0,50,82,177,33,249,246,92,138,0,0,0,0,0,0,0,0,0,0,0,0,0,0,0,0
89,183,148,4,19,228,208,228,91,180,15,48,0,0,0,0,0,0,0,0,0,0,0,0,0,0,0,0,0,0,0,0,0
51,13,178,142,160,197,166,99,138,117,27,71,183,107,93,170,235,13,178,133,17,130,65,180,249,147,160,75,14,97,137,106,0
14,127,11,86,146,224,134,207,1,92,130,180,12,39,229,110,92,76,243,4,8,243,106,0,0,0,0,0,0,0,0,0,0
28,116,12,227,78,188,141,135,147,139,138,203,24,220,157,96,48,215,223,11,252,124,203,114,89,51,44,14,175,53,168,230,0
16,79,105,167,155,88,158,85,164,52,122,142,203,0,46,18,124,107,105,40,161,168,0,0,0,0,0,0,0,0,0,0,0
34,154,193,0,0,0,0,0,0,0,0,0,0,0,0,0,0,0,0,0,0,0,0,0,0,0,0,0,0,0,0,0,0
82,211,215,106,36,23,54,150,142,245,25,184,92,130,0,0,0,0,0,0,0,0,0,0,0,0,0,0,0,0,0,0,0
46,12,135,80,32,52,37,106,93,56,124,93,69,122,32,167,0,199,212,245,174,0,0,0,0,0,0,0,0,0,0,0,0
27,62,168,106,34,22,11,0,0,0,0,0,0,0,0,0,0,0,0,0,0,0,0,0,0,0,0,0,0,0,0,0,0
20,91,178,88,214,109,239,0,0,0,0,0,0,0,0,0,0,0,0,0,0,0,0,0,0,0,0,0,0,0,0,0,0
9,20,19,74,105,82,0,0,0,0,0,0,0,0,0,0,0,0,0,0,0,0,0,0,0,0,0,0,0,0,0,0,0
92,52,43,203,245,138,65,167,152,63,125,173,96,96,73,54,20,203,216,104,37,40,101,204,15,148,250,168,235,84,183,177,0
3,88,78,233,232,213,141,0,132,92,81,192,241,79,50,180,151,246,0,0,0,0,0,0,0,0,0,0,0,0,0,0,0
98,231,86,116,169,201,248,142,219,243,31,15,176,175,131,145,19,67,249,255,229,115,93,144,0,0,0,0,0,0,0,0,0
29,91,178,32,60,186,107,176,153,63,78,119,95,39,0,0,0,0,0,0,0,0,0,0,0,0,0,0,0,0,0,0,0
80,16,29,246,112,243,127,119,181,72,172,59,71,188,232,84,177,206,176,166,96,63,120,49,0,0,0,0,0,0,0,0,0
73,175,182,42,156,35,63,7,135,46,45,78,14,184,0,0,0,0,0,0,0,0,0,0,0,0,0,0,0,0,0,0,0
